:ID,:LABEL,account_key,associated_mrr,event_count,is_anonymized,journey_count,mrr_band,primary_outcome,quality_coverage_ratio,quality_population,taxonomy_class
acct_0035b442d45746b4,Account,acct_0035b442d45746b4,9261.0,40,True,9,HIGH_GE_2000,SINGLE_CHURN,0.49382716049382713,MAIN_AND_STRICT,CHURN_PATH
acct_005253926b6196d0,Account,acct_005253926b6196d0,9950.0,14,True,8,HIGH_GE_2000,NO_CHURN_OBSERVED,0.2641509433962264,MAIN_AND_STRICT,DATA_QUALITY_CONSTRAINED
acct_0085bb00476859c2,Account,acct_0085bb00476859c2,5174.0,40,True,8,HIGH_GE_2000,NO_CHURN_OBSERVED,0.5,MAIN_AND_STRICT,SUPPORT_HEAVY_JOURNEY
acct_01002a0fb1afebdc,Account,acct_01002a0fb1afebdc,9950.0,49,True,8,HIGH_GE_2000,NO_CHURN_OBSERVED,0.44545454545454544,MAIN_AND_STRICT,SUPPORT_HEAVY_JOURNEY
acct_0107724b9830a79b,Account,acct_0107724b9830a79b,3059.0,16,True,9,HIGH_GE_2000,SINGLE_CHURN,0.2962962962962963,MAIN_AND_STRICT,CHURN_PATH
acct_013a33cd4c0ae703,Account,acct_013a33cd4c0ae703,3184.0,57,True,10,HIGH_GE_2000,RECURRING_CHURN,0.6129032258064516,MAIN_AND_STRICT,RECURRING_CHURN_PATH
acct_015cae2de19b1d51,Account,acct_015cae2de19b1d51,2695.0,30,True,9,HIGH_GE_2000,SINGLE_CHURN,0.25210084033613445,MAIN_AND_STRICT,CHURN_PATH
acct_019747bc8061931b,Account,acct_019747bc8061931b,2548.0,33,True,8,HIGH_GE_2000,NO_CHURN_OBSERVED,0.4125,MAIN_AND_STRICT,SUPPORT_HEAVY_JOURNEY
acct_0259404bf7d65f80,Account,acct_0259404bf7d65f80,4776.0,20,True,10,HIGH_GE_2000,RECURRING_CHURN,0.5263157894736842,MAIN_AND_STRICT,RECURRING_CHURN_PATH
acct_026cdf263507adef,Account,acct_026cdf263507adef,2985.0,14,True,3,HIGH_GE_2000,SINGLE_CHURN,0.18421052631578946,MAIN_AND_STRICT,CHURN_PATH
acct_02a3a27b5f1e57e5,Account,acct_02a3a27b5f1e57e5,2254.0,14,True,10,HIGH_GE_2000,RECURRING_CHURN,0.3181818181818182,MAIN_AND_STRICT,RECURRING_CHURN_PATH
acct_040c9fed06145109,Account,acct_040c9fed06145109,6766.0,6,True,2,HIGH_GE_2000,NO_CHURN_OBSERVED,0.15384615384615385,MAIN_AND_STRICT,HIGH_VALUE_LOW_USAGE
acct_04238675d7d23e87,Account,acct_04238675d7d23e87,8159.0,31,True,10,HIGH_GE_2000,RECURRING_CHURN,0.30392156862745096,MAIN_AND_STRICT,RECURRING_CHURN_PATH
acct_042b5413e8832ec0,Account,acct_042b5413e8832ec0,2891.0,32,True,9,HIGH_GE_2000,SINGLE_CHURN,0.47761194029850745,MAIN_AND_STRICT,CHURN_PATH
acct_046a60454e9e4032,Account,acct_046a60454e9e4032,2548.0,22,True,9,HIGH_GE_2000,SINGLE_CHURN,0.2857142857142857,MAIN_AND_STRICT,CHURN_PATH
acct_048154dc6597f2e0,Account,acct_048154dc6597f2e0,3184.0,30,True,10,HIGH_GE_2000,RECURRING_CHURN,0.35294117647058826,MAIN_AND_STRICT,RECURRING_CHURN_PATH
acct_059c76077931fd30,Account,acct_059c76077931fd30,9353.0,47,True,9,HIGH_GE_2000,SINGLE_CHURN,0.618421052631579,MAIN_AND_STRICT,CHURN_PATH
acct_0792d7e5c7765ea1,Account,acct_0792d7e5c7765ea1,0.0,33,True,9,ZERO,SINGLE_CHURN,0.6346153846153846,MAIN_AND_STRICT,CHURN_PATH
acct_079da069a81287c4,Account,acct_079da069a81287c4,7960.0,47,True,11,HIGH_GE_2000,REACTIVATED,0.5340909090909091,MAIN_AND_STRICT,RECOVERY_JOURNEY
acct_07f618e5ffd621db,Account,acct_07f618e5ffd621db,6368.0,13,True,8,HIGH_GE_2000,NO_CHURN_OBSERVED,0.26,MAIN_AND_STRICT,HIGH_VALUE_LOW_USAGE
acct_0819dde2aa62e35d,Account,acct_0819dde2aa62e35d,1634.0,12,True,9,MID_500_1999,SINGLE_CHURN,0.375,MAIN_AND_STRICT,CHURN_PATH
acct_0914e1fd7b5ff1cc,Account,acct_0914e1fd7b5ff1cc,3184.0,13,True,8,HIGH_GE_2000,NO_CHURN_OBSERVED,0.3170731707317073,MAIN_AND_STRICT,DATA_QUALITY_CONSTRAINED
acct_0ab627926082d18a,Account,acct_0ab627926082d18a,1470.0,31,True,11,MID_500_1999,RECURRING_CHURN,0.5081967213114754,MAIN_AND_STRICT,RECURRING_CHURN_PATH
acct_0afb4f639d4c1ef4,Account,acct_0afb4f639d4c1ef4,38.0,22,True,11,LOW_LT_500,REACTIVATED,0.5365853658536586,MAIN_AND_STRICT,RECOVERY_JOURNEY
acct_0b1639d168a6e1b7,Account,acct_0b1639d168a6e1b7,0.0,17,True,10,ZERO,SINGLE_CHURN,0.3953488372093023,MAIN_AND_STRICT,CHURN_PATH
acct_0b709caa66303fc4,Account,acct_0b709caa66303fc4,2156.0,42,True,10,HIGH_GE_2000,SINGLE_CHURN,0.5,MAIN_AND_STRICT,CHURN_PATH
acct_0bc0988e59bf2abc,Account,acct_0bc0988e59bf2abc,9353.0,33,True,8,HIGH_GE_2000,NO_CHURN_OBSERVED,0.4230769230769231,MAIN_AND_STRICT,HIGH_VALUE_LOW_USAGE
acct_0d66ad577ca176c0,Account,acct_0d66ad577ca176c0,1938.0,19,True,8,MID_500_1999,RECURRING_CHURN,0.2638888888888889,MAIN_AND_STRICT,RECURRING_CHURN_PATH
acct_0d71f5f15c27df71,Account,acct_0d71f5f15c27df71,2786.0,31,True,10,HIGH_GE_2000,RECURRING_CHURN,0.543859649122807,MAIN_AND_STRICT,RECURRING_CHURN_PATH
acct_0e4b0b560f4b3384,Account,acct_0e4b0b560f4b3384,5174.0,23,True,8,HIGH_GE_2000,NO_CHURN_OBSERVED,0.3770491803278688,MAIN_AND_STRICT,ADOPTION_JOURNEY
acct_0e6e480000a2850b,Account,acct_0e6e480000a2850b,6965.0,28,True,8,HIGH_GE_2000,NO_CHURN_OBSERVED,0.345679012345679,MAIN_AND_STRICT,ADOPTION_JOURNEY
acct_0e70672ab03481e0,Account,acct_0e70672ab03481e0,7960.0,19,True,6,HIGH_GE_2000,NO_CHURN_OBSERVED,0.2289156626506024,MAIN_AND_STRICT,DATA_QUALITY_CONSTRAINED
acct_0f056fe06444568e,Account,acct_0f056fe06444568e,3184.0,27,True,8,HIGH_GE_2000,NO_CHURN_OBSERVED,0.46551724137931033,MAIN_AND_STRICT,SUPPORT_HEAVY_JOURNEY
acct_0f857f2d67013488,Account,acct_0f857f2d67013488,2388.0,29,True,9,HIGH_GE_2000,SINGLE_CHURN,0.48333333333333334,MAIN_AND_STRICT,CHURN_PATH
acct_0fade0747892e999,Account,acct_0fade0747892e999,5174.0,19,True,6,HIGH_GE_2000,RECURRING_CHURN,0.2159090909090909,MAIN_AND_STRICT,RECURRING_CHURN_PATH
acct_11051896b56f83dc,Account,acct_11051896b56f83dc,4179.0,48,True,9,HIGH_GE_2000,SINGLE_CHURN,0.44036697247706424,MAIN_AND_STRICT,CHURN_PATH
acct_115ccba763eda3d1,Account,acct_115ccba763eda3d1,14925.0,13,True,8,HIGH_GE_2000,NO_CHURN_OBSERVED,0.2765957446808511,MAIN_AND_STRICT,DORMANT_JOURNEY
acct_116c396745216ac6,Account,acct_116c396745216ac6,6567.0,33,True,9,HIGH_GE_2000,SINGLE_CHURN,0.30275229357798167,MAIN_AND_STRICT,CHURN_PATH
acct_11cba0fdd9671035,Account,acct_11cba0fdd9671035,8358.0,33,True,9,HIGH_GE_2000,SINGLE_CHURN,0.25190839694656486,MAIN_AND_STRICT,CHURN_PATH
acct_130a1f0ac2690d41,Account,acct_130a1f0ac2690d41,5572.0,31,True,8,HIGH_GE_2000,NO_CHURN_OBSERVED,0.4696969696969697,MAIN_AND_STRICT,DORMANT_JOURNEY
acct_13b0787c4e384cef,Account,acct_13b0787c4e384cef,3781.0,29,True,10,HIGH_GE_2000,RECURRING_CHURN,0.2636363636363636,MAIN_AND_STRICT,RECURRING_CHURN_PATH
acct_14706b48aec703e8,Account,acct_14706b48aec703e8,11343.0,33,True,8,HIGH_GE_2000,NO_CHURN_OBSERVED,0.38372093023255816,MAIN_AND_STRICT,ADOPTION_JOURNEY
acct_147b9874d46e7b60,Account,acct_147b9874d46e7b60,5174.0,30,True,9,HIGH_GE_2000,SINGLE_CHURN,0.3157894736842105,MAIN_AND_STRICT,CHURN_PATH
acct_1594851c55299703,Account,acct_1594851c55299703,1764.0,15,True,10,MID_500_1999,RECURRING_CHURN,0.39473684210526316,MAIN_AND_STRICT,RECURRING_CHURN_PATH
acct_1645c7ec492963a4,Account,acct_1645c7ec492963a4,4378.0,30,True,12,HIGH_GE_2000,REACTIVATED,0.47619047619047616,MAIN_AND_STRICT,RECURRING_CHURN_PATH
acct_16b09030fd92a335,Account,acct_16b09030fd92a335,6169.0,28,True,9,HIGH_GE_2000,SINGLE_CHURN,0.5957446808510638,MAIN_AND_STRICT,CHURN_PATH
acct_186d043cbade93b1,Account,acct_186d043cbade93b1,995.0,42,True,10,MID_500_1999,RECURRING_CHURN,0.4375,MAIN_AND_STRICT,RECURRING_CHURN_PATH
acct_18773ccf89cbc446,Account,acct_18773ccf89cbc446,6468.0,45,True,9,HIGH_GE_2000,SINGLE_CHURN,0.5555555555555556,MAIN_AND_STRICT,CHURN_PATH
acct_189019250d7ff5f7,Account,acct_189019250d7ff5f7,1421.0,41,True,10,MID_500_1999,RECURRING_CHURN,0.3333333333333333,MAIN_AND_STRICT,RECURRING_CHURN_PATH
acct_1a584e67b3c9b831,Account,acct_1a584e67b3c9b831,13731.0,14,True,6,HIGH_GE_2000,RECURRING_CHURN,0.2413793103448276,MAIN_AND_STRICT,RECURRING_CHURN_PATH
acct_1ad0543e5954c0a0,Account,acct_1ad0543e5954c0a0,2388.0,33,True,10,HIGH_GE_2000,RECURRING_CHURN,0.28448275862068967,MAIN_AND_STRICT,RECURRING_CHURN_PATH
acct_1d475eddb95516c7,Account,acct_1d475eddb95516c7,1274.0,45,True,10,MID_500_1999,RECURRING_CHURN,0.5421686746987951,MAIN_AND_STRICT,RECURRING_CHURN_PATH
acct_1d5c2768ed85eaca,Account,acct_1d5c2768ed85eaca,5174.0,29,True,10,HIGH_GE_2000,RECURRING_CHURN,0.3625,MAIN_AND_STRICT,RECURRING_CHURN_PATH
acct_1d6d56d385df5e06,Account,acct_1d6d56d385df5e06,3430.0,34,True,9,HIGH_GE_2000,SINGLE_CHURN,0.4788732394366197,MAIN_AND_STRICT,CHURN_PATH
acct_1e2c99d149cc1233,Account,acct_1e2c99d149cc1233,5572.0,13,True,4,HIGH_GE_2000,NO_CHURN_OBSERVED,0.203125,MAIN_AND_STRICT,DATA_QUALITY_CONSTRAINED
acct_1ebf2765873b9b41,Account,acct_1ebf2765873b9b41,12139.0,55,True,9,HIGH_GE_2000,SINGLE_CHURN,0.5851063829787234,MAIN_AND_STRICT,CHURN_PATH
acct_1fd5382d8656fe72,Account,acct_1fd5382d8656fe72,627.0,35,True,10,MID_500_1999,RECURRING_CHURN,0.5303030303030303,MAIN_AND_STRICT,RECURRING_CHURN_PATH
acct_21cb35ef9ff4ba0d,Account,acct_21cb35ef9ff4ba0d,539.0,35,True,11,MID_500_1999,RECURRING_CHURN,0.5223880597014925,MAIN_AND_STRICT,RECURRING_CHURN_PATH
acct_21df71cb7d7bb861,Account,acct_21df71cb7d7bb861,7761.0,23,True,10,HIGH_GE_2000,RECURRING_CHURN,0.34328358208955223,MAIN_AND_STRICT,RECURRING_CHURN_PATH
acct_21f0ab5e0391b4c4,Account,acct_21f0ab5e0391b4c4,5174.0,30,True,9,HIGH_GE_2000,SINGLE_CHURN,0.46875,MAIN_AND_STRICT,CHURN_PATH
acct_22ea42bdbcbb5ff4,Account,acct_22ea42bdbcbb5ff4,3582.0,18,True,4,HIGH_GE_2000,NO_CHURN_OBSERVED,0.2465753424657534,MAIN_AND_STRICT,ADOPTION_JOURNEY
acct_234d0ba4f6b94bcb,Account,acct_234d0ba4f6b94bcb,833.0,35,True,10,MID_500_1999,RECURRING_CHURN,0.5072463768115942,MAIN_AND_STRICT,RECURRING_CHURN_PATH
acct_23d409aa59ca01e2,Account,acct_23d409aa59ca01e2,4378.0,28,True,8,HIGH_GE_2000,NO_CHURN_OBSERVED,0.36363636363636365,MAIN_AND_STRICT,SUPPORT_HEAVY_JOURNEY
acct_24528bb88194001b,Account,acct_24528bb88194001b,9751.0,47,True,8,HIGH_GE_2000,NO_CHURN_OBSERVED,0.5465116279069767,MAIN_AND_STRICT,SUPPORT_HEAVY_JOURNEY
acct_24acd22c1cf9f247,Account,acct_24acd22c1cf9f247,11940.0,25,True,9,HIGH_GE_2000,SINGLE_CHURN,0.390625,MAIN_AND_STRICT,CHURN_PATH
acct_24d6fd4ce440c426,Account,acct_24d6fd4ce440c426,8756.0,34,True,10,HIGH_GE_2000,SINGLE_CHURN,0.576271186440678,MAIN_AND_STRICT,CHURN_PATH
acct_2551ad377de9b24f,Account,acct_2551ad377de9b24f,2587.0,14,True,2,HIGH_GE_2000,NO_CHURN_OBSERVED,0.18666666666666668,MAIN_AND_STRICT,HIGH_VALUE_LOW_USAGE
acct_256fec579a461568,Account,acct_256fec579a461568,14925.0,33,True,9,HIGH_GE_2000,SINGLE_CHURN,0.3473684210526316,MAIN_AND_STRICT,CHURN_PATH
acct_25a6bf1b7719a92f,Account,acct_25a6bf1b7719a92f,4776.0,32,True,10,HIGH_GE_2000,RECURRING_CHURN,0.2882882882882883,MAIN_AND_STRICT,RECURRING_CHURN_PATH
acct_2639ece68130b2f1,Account,acct_2639ece68130b2f1,1421.0,11,True,8,MID_500_1999,NO_CHURN_OBSERVED,0.55,MAIN_AND_STRICT,DORMANT_JOURNEY
acct_2789d369e734db20,Account,acct_2789d369e734db20,5572.0,64,True,8,HIGH_GE_2000,NO_CHURN_OBSERVED,0.5517241379310345,MAIN_AND_STRICT,ADOPTION_JOURNEY
acct_280edf165bb99247,Account,acct_280edf165bb99247,2786.0,38,True,9,HIGH_GE_2000,SINGLE_CHURN,0.5352112676056338,MAIN_AND_STRICT,CHURN_PATH
acct_291f81470b0a64eb,Account,acct_291f81470b0a64eb,5572.0,17,True,10,HIGH_GE_2000,SINGLE_CHURN,0.37777777777777777,MAIN_AND_STRICT,CHURN_PATH
acct_29d1e5419fac8b30,Account,acct_29d1e5419fac8b30,2058.0,20,True,8,HIGH_GE_2000,NO_CHURN_OBSERVED,0.2597402597402597,MAIN_AND_STRICT,ADOPTION_JOURNEY
acct_2b398a01b1a8b01d,Account,acct_2b398a01b1a8b01d,0.0,24,True,10,ZERO,RECURRING_CHURN,0.2891566265060241,MAIN_AND_STRICT,RECURRING_CHURN_PATH
acct_2b5be17031adf342,Account,acct_2b5be17031adf342,4776.0,15,True,10,HIGH_GE_2000,RECURRING_CHURN,0.2830188679245283,MAIN_AND_STRICT,CHURN_PATH
acct_2b66dc5511f4b45f,Account,acct_2b66dc5511f4b45f,2009.0,16,True,6,HIGH_GE_2000,NO_CHURN_OBSERVED,0.18604651162790697,MAIN_AND_STRICT,DATA_QUALITY_CONSTRAINED
acct_2b6f4b4016904774,Account,acct_2b6f4b4016904774,10149.0,40,True,8,HIGH_GE_2000,NO_CHURN_OBSERVED,0.4819277108433735,MAIN_AND_STRICT,DORMANT_JOURNEY
acct_2c8b3db49e21fa97,Account,acct_2c8b3db49e21fa97,5572.0,23,True,8,HIGH_GE_2000,NO_CHURN_OBSERVED,0.3108108108108108,MAIN_AND_STRICT,DORMANT_JOURNEY
acct_2d569aa02772ddfd,Account,acct_2d569aa02772ddfd,589.0,12,True,5,MID_500_1999,SINGLE_CHURN,0.22641509433962265,MAIN_AND_STRICT,CHURN_PATH
acct_2d8426c50f4da339,Account,acct_2d8426c50f4da339,8159.0,38,True,9,HIGH_GE_2000,SINGLE_CHURN,0.5066666666666667,MAIN_AND_STRICT,CHURN_PATH
acct_2eaeb6c4dee89b2b,Account,acct_2eaeb6c4dee89b2b,441.0,9,True,4,LOW_LT_500,SINGLE_CHURN,0.20930232558139536,MAIN_AND_STRICT,CHURN_PATH
acct_2f703a8535dff6ae,Account,acct_2f703a8535dff6ae,2744.0,22,True,9,HIGH_GE_2000,SINGLE_CHURN,0.36666666666666664,MAIN_AND_STRICT,CHURN_PATH
acct_2fbc61251756085e,Account,acct_2fbc61251756085e,539.0,27,True,9,MID_500_1999,SINGLE_CHURN,0.4153846153846154,MAIN_AND_STRICT,CHURN_PATH
acct_30583d29c1fab870,Account,acct_30583d29c1fab870,7562.0,17,True,8,HIGH_GE_2000,NO_CHURN_OBSERVED,0.37777777777777777,MAIN_AND_STRICT,DATA_QUALITY_CONSTRAINED
acct_3164bf33c348da0c,Account,acct_3164bf33c348da0c,8955.0,66,True,9,HIGH_GE_2000,SINGLE_CHURN,0.5739130434782609,MAIN_AND_STRICT,CHURN_PATH
acct_317de3bc03df9eba,Account,acct_317de3bc03df9eba,3038.0,40,True,10,HIGH_GE_2000,RECURRING_CHURN,0.5,MAIN_AND_STRICT,RECURRING_CHURN_PATH
acct_31b1bf7e47b9cc19,Account,acct_31b1bf7e47b9cc19,12338.0,45,True,8,HIGH_GE_2000,NO_CHURN_OBSERVED,0.6164383561643836,MAIN_AND_STRICT,SUPPORT_HEAVY_JOURNEY
acct_31b5d8b6c798a190,Account,acct_31b5d8b6c798a190,418.0,41,True,10,LOW_LT_500,SINGLE_CHURN,0.43157894736842106,MAIN_AND_STRICT,CHURN_PATH
acct_3223c11a0e0d598f,Account,acct_3223c11a0e0d598f,11940.0,38,True,8,HIGH_GE_2000,NO_CHURN_OBSERVED,0.6333333333333333,MAIN_AND_STRICT,DORMANT_JOURNEY
acct_341b6ed8f407b2b2,Account,acct_341b6ed8f407b2b2,10945.0,18,True,6,HIGH_GE_2000,REACTIVATED,0.1978021978021978,MAIN_AND_STRICT,REACTIVATION_PATH
acct_344436d098ee1213,Account,acct_344436d098ee1213,1372.0,9,True,8,MID_500_1999,NO_CHURN_OBSERVED,0.34615384615384615,MAIN_AND_STRICT,DORMANT_JOURNEY
acct_34aa7afeb3021154,Account,acct_34aa7afeb3021154,4577.0,44,True,9,HIGH_GE_2000,SINGLE_CHURN,0.5641025641025641,MAIN_AND_STRICT,CHURN_PATH
acct_34c89cb050cd5407,Account,acct_34c89cb050cd5407,29452.0,14,True,3,HIGH_GE_2000,SINGLE_CHURN,0.19444444444444445,MAIN_AND_STRICT,CHURN_PATH
acct_34e2ad1d38638eff,Account,acct_34e2ad1d38638eff,6965.0,9,True,3,HIGH_GE_2000,SINGLE_CHURN,0.18,MAIN_AND_STRICT,CHURN_PATH
acct_355a546ec7daea3e,Account,acct_355a546ec7daea3e,6169.0,40,True,10,HIGH_GE_2000,RECURRING_CHURN,0.4819277108433735,MAIN_AND_STRICT,RECURRING_CHURN_PATH
acct_36176c6983e8470b,Account,acct_36176c6983e8470b,228.0,18,True,8,LOW_LT_500,REACTIVATED_THEN_CHURNED_AGAIN,0.20224719101123595,MAIN_AND_STRICT,RECURRING_CHURN_PATH
acct_37dcc021c9cb2ff8,Account,acct_37dcc021c9cb2ff8,1323.0,35,True,10,MID_500_1999,RECURRING_CHURN,0.35714285714285715,MAIN_AND_STRICT,RECURRING_CHURN_PATH
acct_37f1b3bc9882267a,Account,acct_37f1b3bc9882267a,6169.0,19,True,8,HIGH_GE_2000,NO_CHURN_OBSERVED,0.3114754098360656,MAIN_AND_STRICT,ADOPTION_JOURNEY
acct_38df0411f2f7ca8e,Account,acct_38df0411f2f7ca8e,9950.0,41,True,8,HIGH_GE_2000,NO_CHURN_OBSERVED,0.43617021276595747,MAIN_AND_STRICT,SUPPORT_HEAVY_JOURNEY
acct_38fef780be135963,Account,acct_38fef780be135963,15920.0,8,True,4,HIGH_GE_2000,NO_CHURN_OBSERVED,0.13793103448275862,MAIN_AND_STRICT,HIGH_VALUE_LOW_USAGE
acct_3966b2d0f620a24a,Account,acct_3966b2d0f620a24a,5373.0,32,True,9,HIGH_GE_2000,SINGLE_CHURN,0.3855421686746988,MAIN_AND_STRICT,CHURN_PATH
acct_3a28e088e8092b06,Account,acct_3a28e088e8092b06,5771.0,38,True,8,HIGH_GE_2000,NO_CHURN_OBSERVED,0.3838383838383838,MAIN_AND_STRICT,ADOPTION_JOURNEY
acct_3a4b73e464d53f09,Account,acct_3a4b73e464d53f09,784.0,24,True,9,MID_500_1999,SINGLE_CHURN,0.46153846153846156,MAIN_AND_STRICT,CHURN_PATH
acct_3aa092ced514c9e5,Account,acct_3aa092ced514c9e5,14129.0,17,True,8,HIGH_GE_2000,NO_CHURN_OBSERVED,0.20987654320987653,MAIN_AND_STRICT,HIGH_VALUE_LOW_USAGE
acct_3b4ce01171b4e10f,Account,acct_3b4ce01171b4e10f,10547.0,26,True,9,HIGH_GE_2000,SINGLE_CHURN,0.37681159420289856,MAIN_AND_STRICT,CHURN_PATH
acct_3bbd0fa5ebd100d9,Account,acct_3bbd0fa5ebd100d9,494.0,13,True,9,LOW_LT_500,SINGLE_CHURN,0.28888888888888886,MAIN_AND_STRICT,CHURN_PATH
acct_3bec454f4b8816c4,Account,acct_3bec454f4b8816c4,9751.0,35,True,8,HIGH_GE_2000,NO_CHURN_OBSERVED,0.3804347826086957,MAIN_AND_STRICT,SUPPORT_HEAVY_JOURNEY
acct_3c003450c68a6649,Account,acct_3c003450c68a6649,20895.0,34,True,8,HIGH_GE_2000,NO_CHURN_OBSERVED,0.4,MAIN_AND_STRICT,ADOPTION_JOURNEY
acct_3cca3c4d6d1c3774,Account,acct_3cca3c4d6d1c3774,2842.0,32,True,9,HIGH_GE_2000,SINGLE_CHURN,0.3368421052631579,MAIN_AND_STRICT,CHURN_PATH
acct_3d67944b20e0ca3c,Account,acct_3d67944b20e0ca3c,17512.0,21,True,8,HIGH_GE_2000,NO_CHURN_OBSERVED,0.2692307692307692,MAIN_AND_STRICT,ADOPTION_JOURNEY
acct_3ea4dae8806a613a,Account,acct_3ea4dae8806a613a,0.0,12,True,8,ZERO,RECURRING_CHURN,0.2,MAIN_AND_STRICT,RECURRING_CHURN_PATH
acct_3f0458849f170e54,Account,acct_3f0458849f170e54,15522.0,33,True,11,HIGH_GE_2000,RECURRING_CHURN,0.4520547945205479,MAIN_AND_STRICT,RECURRING_CHURN_PATH
acct_4009bca8529f0fc6,Account,acct_4009bca8529f0fc6,2388.0,14,True,10,HIGH_GE_2000,RECURRING_CHURN,0.23728813559322035,MAIN_AND_STRICT,RECURRING_CHURN_PATH
acct_41ccd872552f7bfd,Account,acct_41ccd872552f7bfd,8756.0,28,True,9,HIGH_GE_2000,SINGLE_CHURN,0.5957446808510638,MAIN_AND_STRICT,CHURN_PATH
acct_41d88950d958a106,Account,acct_41d88950d958a106,1715.0,28,True,10,MID_500_1999,RECURRING_CHURN,0.3783783783783784,MAIN_AND_STRICT,RECURRING_CHURN_PATH
acct_420339117eb7120b,Account,acct_420339117eb7120b,11144.0,35,True,9,HIGH_GE_2000,SINGLE_CHURN,0.3977272727272727,MAIN_AND_STRICT,CHURN_PATH
acct_422c08269efcd27d,Account,acct_422c08269efcd27d,686.0,25,True,10,MID_500_1999,RECURRING_CHURN,0.30120481927710846,MAIN_AND_STRICT,RECURRING_CHURN_PATH
acct_4270ba0828fb7ee9,Account,acct_4270ba0828fb7ee9,12736.0,19,True,8,HIGH_GE_2000,NO_CHURN_OBSERVED,0.3064516129032258,MAIN_AND_STRICT,DORMANT_JOURNEY
acct_42c2cdcc3c1a1922,Account,acct_42c2cdcc3c1a1922,2842.0,28,True,9,HIGH_GE_2000,SINGLE_CHURN,0.4827586206896552,MAIN_AND_STRICT,CHURN_PATH
acct_42fad045852d60f2,Account,acct_42fad045852d60f2,10746.0,30,True,9,HIGH_GE_2000,SINGLE_CHURN,0.4411764705882353,MAIN_AND_STRICT,CHURN_PATH
acct_4338ba80701858ea,Account,acct_4338ba80701858ea,6766.0,21,True,8,HIGH_GE_2000,NO_CHURN_OBSERVED,0.375,MAIN_AND_STRICT,DORMANT_JOURNEY
acct_43a1190596be7ea3,Account,acct_43a1190596be7ea3,18308.0,17,True,6,HIGH_GE_2000,NO_CHURN_OBSERVED,0.19540229885057472,MAIN_AND_STRICT,HIGH_VALUE_LOW_USAGE
acct_43fb78bb55ef11fd,Account,acct_43fb78bb55ef11fd,2985.0,27,True,9,HIGH_GE_2000,SINGLE_CHURN,0.34177215189873417,MAIN_AND_STRICT,CHURN_PATH
acct_440c0e039373a967,Account,acct_440c0e039373a967,0.0,13,True,9,ZERO,RECURRING_CHURN,0.30952380952380953,MAIN_AND_STRICT,RECURRING_CHURN_PATH
acct_44182d6204a82259,Account,acct_44182d6204a82259,1764.0,24,True,8,MID_500_1999,NO_CHURN_OBSERVED,0.6,MAIN_AND_STRICT,SUPPORT_HEAVY_JOURNEY
acct_443c873014dbd22e,Account,acct_443c873014dbd22e,931.0,20,True,9,MID_500_1999,SINGLE_CHURN,0.24390243902439024,MAIN_AND_STRICT,CHURN_PATH
acct_44fb2c31642415b7,Account,acct_44fb2c31642415b7,6368.0,39,True,9,HIGH_GE_2000,SINGLE_CHURN,0.47560975609756095,MAIN_AND_STRICT,CHURN_PATH
acct_4564f06a72a7e85f,Account,acct_4564f06a72a7e85f,722.0,29,True,10,MID_500_1999,RECURRING_CHURN,0.43283582089552236,MAIN_AND_STRICT,RECURRING_CHURN_PATH
acct_4594e2db22be5533,Account,acct_4594e2db22be5533,4776.0,18,True,8,HIGH_GE_2000,RECURRING_CHURN,0.23076923076923078,MAIN_AND_STRICT,RECURRING_CHURN_PATH
acct_4617f4eeda6fd66f,Account,acct_4617f4eeda6fd66f,12736.0,41,True,8,HIGH_GE_2000,NO_CHURN_OBSERVED,0.5394736842105263,MAIN_AND_STRICT,SUPPORT_HEAVY_JOURNEY
acct_46c03485fa17733c,Account,acct_46c03485fa17733c,5572.0,16,True,8,HIGH_GE_2000,NO_CHURN_OBSERVED,0.2857142857142857,MAIN_AND_STRICT,ADOPTION_JOURNEY
acct_47526358a57587c2,Account,acct_47526358a57587c2,2401.0,11,True,6,HIGH_GE_2000,NO_CHURN_OBSERVED,0.20754716981132076,MAIN_AND_STRICT,ADOPTION_JOURNEY
acct_4798316f47f805bb,Account,acct_4798316f47f805bb,6965.0,24,True,8,HIGH_GE_2000,NO_CHURN_OBSERVED,0.3287671232876712,MAIN_AND_STRICT,ADOPTION_JOURNEY
acct_49173f269f4be122,Account,acct_49173f269f4be122,7363.0,41,True,9,HIGH_GE_2000,SINGLE_CHURN,0.36936936936936937,MAIN_AND_STRICT,CHURN_PATH
acct_4a084520487d6657,Account,acct_4a084520487d6657,3184.0,13,True,12,HIGH_GE_2000,RECURRING_CHURN,0.3333333333333333,MAIN_AND_STRICT,RECURRING_CHURN_PATH
acct_4b11e76bde61fd38,Account,acct_4b11e76bde61fd38,11741.0,33,True,8,HIGH_GE_2000,NO_CHURN_OBSERVED,0.34375,MAIN_AND_STRICT,ADOPTION_JOURNEY
acct_4b39afe7c77e82ae,Account,acct_4b39afe7c77e82ae,8955.0,25,True,10,HIGH_GE_2000,RECURRING_CHURN,0.29069767441860467,MAIN_AND_STRICT,CHURN_PATH
acct_4b9f304cb68ebc53,Account,acct_4b9f304cb68ebc53,6965.0,17,True,11,HIGH_GE_2000,REACTIVATED,0.34,MAIN_AND_STRICT,RECOVERY_JOURNEY
acct_4c0a98dc1e79fd72,Account,acct_4c0a98dc1e79fd72,7761.0,24,True,10,HIGH_GE_2000,RECURRING_CHURN,0.42105263157894735,MAIN_AND_STRICT,RECURRING_CHURN_PATH
acct_4ca384f73dfd4264,Account,acct_4ca384f73dfd4264,1194.0,33,True,8,MID_500_1999,NO_CHURN_OBSERVED,0.5238095238095238,MAIN_AND_STRICT,SUPPORT_HEAVY_JOURNEY
acct_4d2a48c5be80497d,Account,acct_4d2a48c5be80497d,5771.0,37,True,8,HIGH_GE_2000,NO_CHURN_OBSERVED,0.5,MAIN_AND_STRICT,SUPPORT_HEAVY_JOURNEY
acct_4d653ac72c2fdc44,Account,acct_4d653ac72c2fdc44,13532.0,56,True,10,HIGH_GE_2000,RECURRING_CHURN,0.5283018867924528,MAIN_AND_STRICT,RECURRING_CHURN_PATH
acct_4df2ac3557ccb139,Account,acct_4df2ac3557ccb139,980.0,35,True,11,MID_500_1999,REACTIVATED,0.603448275862069,MAIN_AND_STRICT,RECOVERY_JOURNEY
acct_4e03e28a6ec002a9,Account,acct_4e03e28a6ec002a9,19502.0,30,True,10,HIGH_GE_2000,RECURRING_CHURN,0.3157894736842105,MAIN_AND_STRICT,RECURRING_CHURN_PATH
acct_4e4ebfeccad33d71,Account,acct_4e4ebfeccad33d71,10547.0,28,True,8,HIGH_GE_2000,NO_CHURN_OBSERVED,0.37333333333333335,MAIN_AND_STRICT,SUPPORT_HEAVY_JOURNEY
acct_4e5f701f9aafb986,Account,acct_4e5f701f9aafb986,1592.0,68,True,10,MID_500_1999,SINGLE_CHURN,0.5666666666666667,MAIN_AND_STRICT,CHURN_PATH
acct_4f0eb4d1db285f53,Account,acct_4f0eb4d1db285f53,6965.0,38,True,8,HIGH_GE_2000,NO_CHURN_OBSERVED,0.3275862068965517,MAIN_AND_STRICT,ADOPTION_JOURNEY
acct_4fe18835252b73a5,Account,acct_4fe18835252b73a5,18507.0,12,True,8,HIGH_GE_2000,NO_CHURN_OBSERVED,0.21052631578947367,MAIN_AND_STRICT,ADOPTION_JOURNEY
acct_507001c20694060f,Account,acct_507001c20694060f,6169.0,19,True,8,HIGH_GE_2000,NO_CHURN_OBSERVED,0.2638888888888889,MAIN_AND_STRICT,HIGH_VALUE_LOW_USAGE
acct_50c7f0baba45e2e9,Account,acct_50c7f0baba45e2e9,4577.0,22,True,10,HIGH_GE_2000,RECURRING_CHURN,0.3548387096774194,MAIN_AND_STRICT,RECURRING_CHURN_PATH
acct_52e64e591fade803,Account,acct_52e64e591fade803,3980.0,35,True,9,HIGH_GE_2000,SINGLE_CHURN,0.4794520547945205,MAIN_AND_STRICT,CHURN_PATH
acct_5304fcd5f21cce68,Account,acct_5304fcd5f21cce68,6169.0,22,True,10,HIGH_GE_2000,RECURRING_CHURN,0.36065573770491804,MAIN_AND_STRICT,RECURRING_CHURN_PATH
acct_532557bf8d25a88e,Account,acct_532557bf8d25a88e,11144.0,49,True,8,HIGH_GE_2000,NO_CHURN_OBSERVED,0.5444444444444444,MAIN_AND_STRICT,SUPPORT_HEAVY_JOURNEY
acct_53645b6cb3fc23c0,Account,acct_53645b6cb3fc23c0,5970.0,27,True,10,HIGH_GE_2000,RECURRING_CHURN,0.4909090909090909,MAIN_AND_STRICT,RECURRING_CHURN_PATH
acct_53f881dfd0c425dd,Account,acct_53f881dfd0c425dd,10348.0,41,True,8,HIGH_GE_2000,NO_CHURN_OBSERVED,0.41414141414141414,MAIN_AND_STRICT,DORMANT_JOURNEY
acct_57e1ebae85fa8406,Account,acct_57e1ebae85fa8406,1292.0,23,True,9,MID_500_1999,SINGLE_CHURN,0.27058823529411763,MAIN_AND_STRICT,CHURN_PATH
acct_582fbc32023c281d,Account,acct_582fbc32023c281d,5970.0,50,True,10,HIGH_GE_2000,RECURRING_CHURN,0.6024096385542169,MAIN_AND_STRICT,RECURRING_CHURN_PATH
acct_5853bf02cb54f683,Account,acct_5853bf02cb54f683,15721.0,24,True,10,HIGH_GE_2000,SINGLE_CHURN,0.4444444444444444,MAIN_AND_STRICT,CHURN_PATH
acct_58bdc29df7b11344,Account,acct_58bdc29df7b11344,2388.0,33,True,9,HIGH_GE_2000,SINGLE_CHURN,0.4583333333333333,MAIN_AND_STRICT,CHURN_PATH
acct_59a2bf4080e37bae,Account,acct_59a2bf4080e37bae,9552.0,37,True,10,HIGH_GE_2000,RECURRING_CHURN,0.43023255813953487,MAIN_AND_STRICT,RECURRING_CHURN_PATH
acct_5a3a70974b97e244,Account,acct_5a3a70974b97e244,836.0,38,True,9,MID_500_1999,SINGLE_CHURN,0.4,MAIN_AND_STRICT,CHURN_PATH
acct_5cfad2c73949a179,Account,acct_5cfad2c73949a179,4179.0,24,True,9,HIGH_GE_2000,SINGLE_CHURN,0.4,MAIN_AND_STRICT,CHURN_PATH
acct_5d92f8875f7cbacd,Account,acct_5d92f8875f7cbacd,2388.0,12,True,7,HIGH_GE_2000,NO_CHURN_OBSERVED,0.19047619047619047,MAIN_AND_STRICT,HIGH_VALUE_LOW_USAGE
acct_5dbff71676e1a499,Account,acct_5dbff71676e1a499,7960.0,12,True,3,HIGH_GE_2000,SINGLE_CHURN,0.17647058823529413,MAIN_AND_STRICT,CHURN_PATH
acct_5deac45e551dca48,Account,acct_5deac45e551dca48,6368.0,39,True,8,HIGH_GE_2000,NO_CHURN_OBSERVED,0.5492957746478874,MAIN_AND_STRICT,DORMANT_JOURNEY
acct_5dec71c17a7b51c0,Account,acct_5dec71c17a7b51c0,1029.0,17,True,9,MID_500_1999,SINGLE_CHURN,0.2982456140350877,MAIN_AND_STRICT,CHURN_PATH
acct_5e49959cd728c749,Account,acct_5e49959cd728c749,0.0,36,True,10,ZERO,RECURRING_CHURN,0.43373493975903615,MAIN_AND_STRICT,RECURRING_CHURN_PATH
acct_5eab4013322a1879,Account,acct_5eab4013322a1879,1393.0,40,True,9,MID_500_1999,SINGLE_CHURN,0.5882352941176471,MAIN_AND_STRICT,CHURN_PATH
acct_5fb469200eddfaa9,Account,acct_5fb469200eddfaa9,779.0,18,True,9,MID_500_1999,SINGLE_CHURN,0.225,MAIN_AND_STRICT,CHURN_PATH
acct_5fd7a0f59192a904,Account,acct_5fd7a0f59192a904,5373.0,30,True,9,HIGH_GE_2000,SINGLE_CHURN,0.46875,MAIN_AND_STRICT,CHURN_PATH
acct_6012713123387456,Account,acct_6012713123387456,2499.0,55,True,9,HIGH_GE_2000,SINGLE_CHURN,0.6626506024096386,MAIN_AND_STRICT,CHURN_PATH
acct_6024a78a48d84741,Account,acct_6024a78a48d84741,4577.0,21,True,9,HIGH_GE_2000,SINGLE_CHURN,0.26582278481012656,MAIN_AND_STRICT,CHURN_PATH
acct_6073e9111252d11f,Account,acct_6073e9111252d11f,13731.0,37,True,11,HIGH_GE_2000,REACTIVATED,0.37755102040816324,MAIN_AND_STRICT,RECOVERY_JOURNEY
acct_61b27129505b62b8,Account,acct_61b27129505b62b8,7960.0,51,True,9,HIGH_GE_2000,SINGLE_CHURN,0.5,MAIN_AND_STRICT,CHURN_PATH
acct_62482fb46c342784,Account,acct_62482fb46c342784,2058.0,52,True,9,HIGH_GE_2000,SINGLE_CHURN,0.65,MAIN_AND_STRICT,CHURN_PATH
acct_634f56e9e5f47209,Account,acct_634f56e9e5f47209,1568.0,14,True,10,MID_500_1999,SINGLE_CHURN,0.2413793103448276,MAIN_AND_STRICT,CHURN_PATH
acct_63c1ada59c2118b8,Account,acct_63c1ada59c2118b8,2985.0,19,True,10,HIGH_GE_2000,RECURRING_CHURN,0.2878787878787879,MAIN_AND_STRICT,CHURN_PATH
acct_64a860d5f2fe3372,Account,acct_64a860d5f2fe3372,199.0,14,True,9,LOW_LT_500,SINGLE_CHURN,0.3888888888888889,MAIN_AND_STRICT,CHURN_PATH
acct_64e334a5af7fc63b,Account,acct_64e334a5af7fc63b,7363.0,17,True,2,HIGH_GE_2000,NO_CHURN_OBSERVED,0.18888888888888888,MAIN_AND_STRICT,HIGH_VALUE_LOW_USAGE
acct_6515a6c4961ebe1e,Account,acct_6515a6c4961ebe1e,5174.0,10,True,8,HIGH_GE_2000,RECURRING_CHURN,0.29411764705882354,MAIN_AND_STRICT,CHURN_PATH
acct_65762be0c7cde7db,Account,acct_65762be0c7cde7db,13333.0,15,True,8,HIGH_GE_2000,NO_CHURN_OBSERVED,0.36585365853658536,MAIN_AND_STRICT,HIGH_VALUE_LOW_USAGE
acct_65be1ed59115f050,Account,acct_65be1ed59115f050,0.0,38,True,11,ZERO,RECURRING_CHURN,0.5277777777777778,MAIN_AND_STRICT,RECURRING_CHURN_PATH
acct_65f324c5eb5161a3,Account,acct_65f324c5eb5161a3,8557.0,7,True,1,HIGH_GE_2000,NO_CHURN_OBSERVED,0.1794871794871795,MAIN_ONLY,HIGH_VALUE_LOW_USAGE
acct_667596f9c3277e19,Account,acct_667596f9c3277e19,2401.0,45,True,9,HIGH_GE_2000,SINGLE_CHURN,0.39473684210526316,MAIN_AND_STRICT,CHURN_PATH
acct_6718f48613cb6c69,Account,acct_6718f48613cb6c69,3582.0,28,True,8,HIGH_GE_2000,NO_CHURN_OBSERVED,0.4444444444444444,MAIN_AND_STRICT,SUPPORT_HEAVY_JOURNEY
acct_67a76e7386b85390,Account,acct_67a76e7386b85390,8756.0,27,True,8,HIGH_GE_2000,NO_CHURN_OBSERVED,0.36486486486486486,MAIN_AND_STRICT,DORMANT_JOURNEY
acct_67b199f5a1b29582,Account,acct_67b199f5a1b29582,1393.0,34,True,9,MID_500_1999,SINGLE_CHURN,0.4857142857142857,MAIN_AND_STRICT,CHURN_PATH
acct_67b204c7e100d2bb,Account,acct_67b204c7e100d2bb,4179.0,44,True,10,HIGH_GE_2000,RECURRING_CHURN,0.6666666666666666,MAIN_AND_STRICT,CHURN_PATH
acct_67cce38ebb52983a,Account,acct_67cce38ebb52983a,760.0,41,True,9,MID_500_1999,SINGLE_CHURN,0.4823529411764706,MAIN_AND_STRICT,CHURN_PATH
acct_683f1fa2b6493f46,Account,acct_683f1fa2b6493f46,10746.0,20,True,7,HIGH_GE_2000,SINGLE_CHURN,0.23529411764705882,MAIN_AND_STRICT,CHURN_PATH
acct_68c867251f48220c,Account,acct_68c867251f48220c,5047.0,48,True,9,HIGH_GE_2000,SINGLE_CHURN,0.5333333333333333,MAIN_AND_STRICT,CHURN_PATH
acct_6a318dcc7584c089,Account,acct_6a318dcc7584c089,1127.0,36,True,10,MID_500_1999,SINGLE_CHURN,0.4090909090909091,MAIN_AND_STRICT,CHURN_PATH
acct_6aa7ff3045ba7043,Account,acct_6aa7ff3045ba7043,7761.0,28,True,8,HIGH_GE_2000,NO_CHURN_OBSERVED,0.345679012345679,MAIN_AND_STRICT,DORMANT_JOURNEY
acct_6ad794072184bc4f,Account,acct_6ad794072184bc4f,12139.0,30,True,9,HIGH_GE_2000,SINGLE_CHURN,0.43478260869565216,MAIN_AND_STRICT,CHURN_PATH
acct_6af0031c766729b2,Account,acct_6af0031c766729b2,7164.0,21,True,8,HIGH_GE_2000,RECURRING_CHURN,0.2441860465116279,MAIN_AND_STRICT,RECURRING_CHURN_PATH
acct_6b0917db480ef775,Account,acct_6b0917db480ef775,1254.0,35,True,10,MID_500_1999,RECURRING_CHURN,0.6140350877192983,MAIN_AND_STRICT,RECURRING_CHURN_PATH
acct_6bbe2940993507bd,Account,acct_6bbe2940993507bd,4378.0,15,True,8,HIGH_GE_2000,NO_CHURN_OBSERVED,0.2631578947368421,MAIN_AND_STRICT,DATA_QUALITY_CONSTRAINED
acct_6bd2770fa03552ef,Account,acct_6bd2770fa03552ef,1592.0,46,True,10,MID_500_1999,RECURRING_CHURN,0.6216216216216216,MAIN_AND_STRICT,RECURRING_CHURN_PATH
acct_6bdbc2732a94be1d,Account,acct_6bdbc2732a94be1d,12139.0,41,True,8,HIGH_GE_2000,NO_CHURN_OBSERVED,0.47674418604651164,MAIN_AND_STRICT,DORMANT_JOURNEY
acct_6bf71d8453ea2fd9,Account,acct_6bf71d8453ea2fd9,392.0,28,True,10,LOW_LT_500,RECURRING_CHURN,0.4827586206896552,MAIN_AND_STRICT,RECURRING_CHURN_PATH
acct_6ccc82d3d002457d,Account,acct_6ccc82d3d002457d,4179.0,40,True,9,HIGH_GE_2000,SINGLE_CHURN,0.6557377049180327,MAIN_AND_STRICT,CHURN_PATH
acct_6d00a9b6ce8c2915,Account,acct_6d00a9b6ce8c2915,4378.0,28,True,8,HIGH_GE_2000,NO_CHURN_OBSERVED,0.4117647058823529,MAIN_AND_STRICT,HIGH_VALUE_LOW_USAGE
acct_6d04eea6d51d3f05,Account,acct_6d04eea6d51d3f05,1862.0,20,True,10,MID_500_1999,SINGLE_CHURN,0.5555555555555556,MAIN_AND_STRICT,CHURN_PATH
acct_6d0b6c247f7f14ff,Account,acct_6d0b6c247f7f14ff,1791.0,19,True,14,MID_500_1999,REACTIVATED,0.3958333333333333,MAIN_AND_STRICT,RECOVERY_JOURNEY
acct_6d15c31141396586,Account,acct_6d15c31141396586,4577.0,40,True,10,HIGH_GE_2000,RECURRING_CHURN,0.625,MAIN_AND_STRICT,RECURRING_CHURN_PATH
acct_6d779b56a72fa9aa,Account,acct_6d779b56a72fa9aa,4975.0,24,True,12,HIGH_GE_2000,RECURRING_CHURN,0.4067796610169492,MAIN_AND_STRICT,RECURRING_CHURN_PATH
acct_6e237bd5d8ef8c72,Account,acct_6e237bd5d8ef8c72,12537.0,11,True,4,HIGH_GE_2000,RECURRING_CHURN,0.2037037037037037,MAIN_AND_STRICT,RECURRING_CHURN_PATH
acct_6e77b764c628af34,Account,acct_6e77b764c628af34,588.0,40,True,10,MID_500_1999,RECURRING_CHURN,0.5633802816901409,MAIN_AND_STRICT,RECURRING_CHURN_PATH
acct_6f838ddb4bd652fc,Account,acct_6f838ddb4bd652fc,3781.0,35,True,9,HIGH_GE_2000,SINGLE_CHURN,0.5303030303030303,MAIN_AND_STRICT,CHURN_PATH
acct_6fa05ae0c8749968,Account,acct_6fa05ae0c8749968,3383.0,14,True,5,HIGH_GE_2000,SINGLE_CHURN,0.19444444444444445,MAIN_AND_STRICT,CHURN_PATH
acct_6fd94512238b1d08,Account,acct_6fd94512238b1d08,2597.0,21,True,8,HIGH_GE_2000,SINGLE_CHURN,0.2727272727272727,MAIN_AND_STRICT,CHURN_PATH
acct_7092e07a0e01930b,Account,acct_7092e07a0e01930b,3184.0,21,True,9,HIGH_GE_2000,SINGLE_CHURN,0.23595505617977527,MAIN_AND_STRICT,CHURN_PATH
acct_7117b28f885ba185,Account,acct_7117b28f885ba185,5771.0,4,True,4,HIGH_GE_2000,NO_CHURN_OBSERVED,0.1111111111111111,MAIN_AND_STRICT,HIGH_VALUE_LOW_USAGE
acct_71aeb7935115d250,Account,acct_71aeb7935115d250,4975.0,56,True,8,HIGH_GE_2000,NO_CHURN_OBSERVED,0.6153846153846154,MAIN_AND_STRICT,SUPPORT_HEAVY_JOURNEY
acct_72148a9b781fd27f,Account,acct_72148a9b781fd27f,1225.0,19,True,12,MID_500_1999,RECURRING_CHURN,0.2289156626506024,MAIN_AND_STRICT,CHURN_PATH
acct_721819711caec40b,Account,acct_721819711caec40b,7363.0,27,True,8,HIGH_GE_2000,NO_CHURN_OBSERVED,0.4153846153846154,MAIN_AND_STRICT,SUPPORT_HEAVY_JOURNEY
acct_7254f310a193477b,Account,acct_7254f310a193477b,7960.0,25,True,11,HIGH_GE_2000,RECURRING_CHURN,0.3968253968253968,MAIN_AND_STRICT,RECURRING_CHURN_PATH
acct_72cf4b53c8488186,Account,acct_72cf4b53c8488186,2388.0,72,True,10,HIGH_GE_2000,RECURRING_CHURN,0.7422680412371134,MAIN_AND_STRICT,RECURRING_CHURN_PATH
acct_7348c378715f4d56,Account,acct_7348c378715f4d56,2985.0,26,True,12,HIGH_GE_2000,REACTIVATED_THEN_CHURNED_AGAIN,0.3333333333333333,MAIN_AND_STRICT,RECURRING_CHURN_PATH
acct_73a2176bfbb52f2d,Account,acct_73a2176bfbb52f2d,6766.0,16,True,8,HIGH_GE_2000,NO_CHURN_OBSERVED,0.18604651162790697,MAIN_AND_STRICT,ADOPTION_JOURNEY
acct_748b2a34aaa55872,Account,acct_748b2a34aaa55872,13333.0,25,True,9,HIGH_GE_2000,SINGLE_CHURN,0.33783783783783783,MAIN_AND_STRICT,CHURN_PATH
acct_74d0f0539735f72c,Account,acct_74d0f0539735f72c,8358.0,11,True,2,HIGH_GE_2000,NO_CHURN_OBSERVED,0.1896551724137931,MAIN_AND_STRICT,DATA_QUALITY_CONSTRAINED
acct_75d932257b5ba7fa,Account,acct_75d932257b5ba7fa,2842.0,43,True,9,HIGH_GE_2000,SINGLE_CHURN,0.4056603773584906,MAIN_AND_STRICT,CHURN_PATH
acct_766f410a441b19bd,Account,acct_766f410a441b19bd,3781.0,51,True,9,HIGH_GE_2000,SINGLE_CHURN,0.4766355140186916,MAIN_AND_STRICT,CHURN_PATH
acct_76c1c614234fb34f,Account,acct_76c1c614234fb34f,2786.0,21,True,8,HIGH_GE_2000,RECURRING_CHURN,0.27631578947368424,MAIN_AND_STRICT,RECURRING_CHURN_PATH
acct_76f318fb3c8dae8e,Account,acct_76f318fb3c8dae8e,11542.0,20,True,8,HIGH_GE_2000,NO_CHURN_OBSERVED,0.23809523809523808,MAIN_AND_STRICT,HIGH_VALUE_LOW_USAGE
acct_77105372b387be13,Account,acct_77105372b387be13,10149.0,54,True,9,HIGH_GE_2000,SINGLE_CHURN,0.5294117647058824,MAIN_AND_STRICT,CHURN_PATH
acct_77f82c6271aa1fde,Account,acct_77f82c6271aa1fde,1519.0,32,True,12,MID_500_1999,REACTIVATED,0.5161290322580645,MAIN_AND_STRICT,RECOVERY_JOURNEY
acct_78081b221d5302a1,Account,acct_78081b221d5302a1,4776.0,24,True,9,HIGH_GE_2000,SINGLE_CHURN,0.4444444444444444,MAIN_AND_STRICT,CHURN_PATH
acct_783141c594d3e919,Account,acct_783141c594d3e919,11940.0,22,True,8,HIGH_GE_2000,RECURRING_CHURN,0.22916666666666666,MAIN_AND_STRICT,RECURRING_CHURN_PATH
acct_79a971f315dce305,Account,acct_79a971f315dce305,7363.0,18,True,4,HIGH_GE_2000,NO_CHURN_OBSERVED,0.21951219512195122,MAIN_AND_STRICT,HIGH_VALUE_LOW_USAGE
acct_79e20f355e757043,Account,acct_79e20f355e757043,1666.0,37,True,10,MID_500_1999,RECURRING_CHURN,0.3592233009708738,MAIN_AND_STRICT,RECURRING_CHURN_PATH
acct_7a731d74dfb82638,Account,acct_7a731d74dfb82638,10348.0,17,True,2,HIGH_GE_2000,SINGLE_CHURN,0.19101123595505617,MAIN_ONLY,CHURN_PATH
acct_7b676d94eca10625,Account,acct_7b676d94eca10625,988.0,22,True,6,MID_500_1999,NO_CHURN_OBSERVED,0.30985915492957744,MAIN_AND_STRICT,DATA_QUALITY_CONSTRAINED
acct_7b70b2e8e6c5c85c,Account,acct_7b70b2e8e6c5c85c,2587.0,20,True,8,HIGH_GE_2000,RECURRING_CHURN,0.2857142857142857,MAIN_AND_STRICT,RECURRING_CHURN_PATH
acct_7cd7b22d07241205,Account,acct_7cd7b22d07241205,2985.0,26,True,8,HIGH_GE_2000,NO_CHURN_OBSERVED,0.52,MAIN_AND_STRICT,SUPPORT_HEAVY_JOURNEY
acct_7d7e48d0242d9d02,Account,acct_7d7e48d0242d9d02,4557.0,18,True,8,HIGH_GE_2000,NO_CHURN_OBSERVED,0.26865671641791045,MAIN_AND_STRICT,DATA_QUALITY_CONSTRAINED
acct_7ed78d61c48930e0,Account,acct_7ed78d61c48930e0,392.0,18,True,10,LOW_LT_500,SINGLE_CHURN,0.27692307692307694,MAIN_AND_STRICT,CHURN_PATH
acct_7ef8512c64098193,Account,acct_7ef8512c64098193,9751.0,29,True,8,HIGH_GE_2000,NO_CHURN_OBSERVED,0.5178571428571429,MAIN_AND_STRICT,SUPPORT_HEAVY_JOURNEY
acct_7f06e0fe8eb890c9,Account,acct_7f06e0fe8eb890c9,0.0,17,True,9,ZERO,SINGLE_CHURN,0.25757575757575757,MAIN_AND_STRICT,CHURN_PATH
acct_7f9979be3abf961a,Account,acct_7f9979be3abf961a,1159.0,34,True,10,MID_500_1999,SINGLE_CHURN,0.4788732394366197,MAIN_AND_STRICT,CHURN_PATH
acct_8022a5df987d036a,Account,acct_8022a5df987d036a,1026.0,43,True,11,MID_500_1999,RECURRING_CHURN,0.5443037974683544,MAIN_AND_STRICT,RECURRING_CHURN_PATH
acct_8033a8e71b5b4b22,Account,acct_8033a8e71b5b4b22,7363.0,11,True,4,HIGH_GE_2000,NO_CHURN_OBSERVED,0.1896551724137931,MAIN_AND_STRICT,ADOPTION_JOURNEY
acct_806cbcfa3516ce17,Account,acct_806cbcfa3516ce17,4975.0,48,True,9,HIGH_GE_2000,SINGLE_CHURN,0.39669421487603307,MAIN_AND_STRICT,CHURN_PATH
acct_8289f6a86f82a982,Account,acct_8289f6a86f82a982,11741.0,37,True,10,HIGH_GE_2000,RECURRING_CHURN,0.5068493150684932,MAIN_AND_STRICT,RECURRING_CHURN_PATH
acct_82a2174edb48be2e,Account,acct_82a2174edb48be2e,6965.0,27,True,8,HIGH_GE_2000,NO_CHURN_OBSERVED,0.391304347826087,MAIN_AND_STRICT,SUPPORT_HEAVY_JOURNEY
acct_83e716398160d78b,Account,acct_83e716398160d78b,2646.0,27,True,8,HIGH_GE_2000,NO_CHURN_OBSERVED,0.5625,MAIN_AND_STRICT,DORMANT_JOURNEY
acct_83fa6dd54ca01194,Account,acct_83fa6dd54ca01194,7363.0,35,True,10,HIGH_GE_2000,RECURRING_CHURN,0.5555555555555556,MAIN_AND_STRICT,RECURRING_CHURN_PATH
acct_83fea01df80857cf,Account,acct_83fea01df80857cf,931.0,54,True,9,MID_500_1999,SINGLE_CHURN,0.5934065934065934,MAIN_AND_STRICT,CHURN_PATH
acct_842813d77aaeaf85,Account,acct_842813d77aaeaf85,6766.0,24,True,8,HIGH_GE_2000,NO_CHURN_OBSERVED,0.2857142857142857,MAIN_AND_STRICT,ADOPTION_JOURNEY
acct_854b1f111f34e5f0,Account,acct_854b1f111f34e5f0,4378.0,21,True,9,HIGH_GE_2000,SINGLE_CHURN,0.27631578947368424,MAIN_AND_STRICT,CHURN_PATH
acct_85b88374637cca9f,Account,acct_85b88374637cca9f,13930.0,27,True,8,HIGH_GE_2000,NO_CHURN_OBSERVED,0.2755102040816326,MAIN_AND_STRICT,ADOPTION_JOURNEY
acct_85f5832081557976,Account,acct_85f5832081557976,8358.0,30,True,9,HIGH_GE_2000,SINGLE_CHURN,0.5084745762711864,MAIN_AND_STRICT,CHURN_PATH
acct_8614fe63702001d7,Account,acct_8614fe63702001d7,6766.0,20,True,9,HIGH_GE_2000,SINGLE_CHURN,0.45454545454545453,MAIN_AND_STRICT,CHURN_PATH
acct_86add04ef20d2df5,Account,acct_86add04ef20d2df5,1393.0,9,True,6,MID_500_1999,SINGLE_CHURN,0.19148936170212766,MAIN_AND_STRICT,CHURN_PATH
acct_871b7412a05cfb29,Account,acct_871b7412a05cfb29,2786.0,52,True,12,HIGH_GE_2000,REACTIVATED,0.6265060240963856,MAIN_AND_STRICT,RECURRING_CHURN_PATH
acct_873d31e2300e2c88,Account,acct_873d31e2300e2c88,17313.0,47,True,8,HIGH_GE_2000,NO_CHURN_OBSERVED,0.415929203539823,MAIN_AND_STRICT,SUPPORT_HEAVY_JOURNEY
acct_88607279b702cdbc,Account,acct_88607279b702cdbc,1176.0,51,True,9,MID_500_1999,SINGLE_CHURN,0.6219512195121951,MAIN_AND_STRICT,CHURN_PATH
acct_889068c333eb9c3d,Account,acct_889068c333eb9c3d,1225.0,29,True,8,MID_500_1999,NO_CHURN_OBSERVED,0.5918367346938775,MAIN_AND_STRICT,SUPPORT_HEAVY_JOURNEY
acct_88a19daca3260917,Account,acct_88a19daca3260917,4577.0,26,True,8,HIGH_GE_2000,NO_CHURN_OBSERVED,0.3132530120481928,MAIN_AND_STRICT,ADOPTION_JOURNEY
acct_88c2cd23d3457900,Account,acct_88c2cd23d3457900,2205.0,13,True,8,HIGH_GE_2000,NO_CHURN_OBSERVED,0.28888888888888886,MAIN_AND_STRICT,DORMANT_JOURNEY
acct_88c6d5f942ca977c,Account,acct_88c6d5f942ca977c,5572.0,19,True,10,HIGH_GE_2000,SINGLE_CHURN,0.37254901960784315,MAIN_AND_STRICT,CHURN_PATH
acct_892d20c963ee059d,Account,acct_892d20c963ee059d,4378.0,32,True,9,HIGH_GE_2000,SINGLE_CHURN,0.5517241379310345,MAIN_AND_STRICT,CHURN_PATH
acct_89627aeb3b0af373,Account,acct_89627aeb3b0af373,3781.0,38,True,8,HIGH_GE_2000,NO_CHURN_OBSERVED,0.4935064935064935,MAIN_AND_STRICT,ADOPTION_JOURNEY
acct_8a7482b00b536abd,Account,acct_8a7482b00b536abd,6766.0,18,True,6,HIGH_GE_2000,RECURRING_CHURN,0.28125,MAIN_AND_STRICT,RECURRING_CHURN_PATH
acct_8b62ca2a51ca54a3,Account,acct_8b62ca2a51ca54a3,6567.0,33,True,8,HIGH_GE_2000,NO_CHURN_OBSERVED,0.6470588235294118,MAIN_AND_STRICT,SUPPORT_HEAVY_JOURNEY
acct_8c50812936568402,Account,acct_8c50812936568402,2587.0,43,True,10,HIGH_GE_2000,RECURRING_CHURN,0.5443037974683544,MAIN_AND_STRICT,RECURRING_CHURN_PATH
acct_8ca1cca8f79be520,Account,acct_8ca1cca8f79be520,637.0,53,True,11,MID_500_1999,RECURRING_CHURN,0.6708860759493671,MAIN_AND_STRICT,RECURRING_CHURN_PATH
acct_8d596f74b925f058,Account,acct_8d596f74b925f058,2786.0,13,True,8,HIGH_GE_2000,NO_CHURN_OBSERVED,0.20967741935483872,MAIN_AND_STRICT,HIGH_VALUE_LOW_USAGE
acct_8d85ab29a15e5226,Account,acct_8d85ab29a15e5226,7960.0,23,True,8,HIGH_GE_2000,NO_CHURN_OBSERVED,0.35384615384615387,MAIN_AND_STRICT,ADOPTION_JOURNEY
acct_8d8ce97ac33c0ee3,Account,acct_8d8ce97ac33c0ee3,3577.0,24,True,11,HIGH_GE_2000,REACTIVATED,0.41379310344827586,MAIN_AND_STRICT,RECOVERY_JOURNEY
acct_8f248ebb6aee3513,Account,acct_8f248ebb6aee3513,13930.0,35,True,9,HIGH_GE_2000,SINGLE_CHURN,0.42168674698795183,MAIN_AND_STRICT,CHURN_PATH
acct_8f7f4c4e041029ff,Account,acct_8f7f4c4e041029ff,5373.0,13,True,5,HIGH_GE_2000,SINGLE_CHURN,0.20967741935483872,MAIN_AND_STRICT,CHURN_PATH
acct_8fed712f5e597569,Account,acct_8fed712f5e597569,5572.0,29,True,8,HIGH_GE_2000,NO_CHURN_OBSERVED,0.46774193548387094,MAIN_AND_STRICT,SUPPORT_HEAVY_JOURNEY
acct_9000d5189aaf4fe4,Account,acct_9000d5189aaf4fe4,5771.0,25,True,9,HIGH_GE_2000,SINGLE_CHURN,0.3472222222222222,MAIN_AND_STRICT,CHURN_PATH
acct_906de1f27b5c81f8,Account,acct_906de1f27b5c81f8,9154.0,32,True,9,HIGH_GE_2000,SINGLE_CHURN,0.4444444444444444,MAIN_AND_STRICT,CHURN_PATH
acct_90afec08613499a1,Account,acct_90afec08613499a1,3383.0,19,True,8,HIGH_GE_2000,NO_CHURN_OBSERVED,0.4634146341463415,MAIN_AND_STRICT,HIGH_VALUE_LOW_USAGE
acct_91c458e8e3758881,Account,acct_91c458e8e3758881,8159.0,41,True,9,HIGH_GE_2000,SINGLE_CHURN,0.5189873417721519,MAIN_AND_STRICT,CHURN_PATH
acct_925f513e6487d8df,Account,acct_925f513e6487d8df,2786.0,26,True,12,HIGH_GE_2000,REACTIVATED_THEN_CHURNED_AGAIN,0.2988505747126437,MAIN_AND_STRICT,RECURRING_CHURN_PATH
acct_9294a11e72f90dd9,Account,acct_9294a11e72f90dd9,4776.0,10,True,4,HIGH_GE_2000,NO_CHURN_OBSERVED,0.2,MAIN_AND_STRICT,HIGH_VALUE_LOW_USAGE
acct_92b2ca2f8f4c98f4,Account,acct_92b2ca2f8f4c98f4,5970.0,18,True,6,HIGH_GE_2000,NO_CHURN_OBSERVED,0.24324324324324326,MAIN_AND_STRICT,ADOPTION_JOURNEY
acct_936dfcb43b806ae1,Account,acct_936dfcb43b806ae1,5572.0,37,True,8,HIGH_GE_2000,NO_CHURN_OBSERVED,0.6981132075471698,MAIN_AND_STRICT,SUPPORT_HEAVY_JOURNEY
acct_9389f09bb380c2fe,Account,acct_9389f09bb380c2fe,7761.0,28,True,8,HIGH_GE_2000,NO_CHURN_OBSERVED,0.3888888888888889,MAIN_AND_STRICT,DORMANT_JOURNEY
acct_93eda92b2334a7bb,Account,acct_93eda92b2334a7bb,5970.0,28,True,10,HIGH_GE_2000,RECURRING_CHURN,0.25925925925925924,MAIN_AND_STRICT,RECURRING_CHURN_PATH
acct_951f8a3ec927d153,Account,acct_951f8a3ec927d153,18706.0,34,True,10,HIGH_GE_2000,RECURRING_CHURN,0.3953488372093023,MAIN_AND_STRICT,RECURRING_CHURN_PATH
acct_960d78e47511ba09,Account,acct_960d78e47511ba09,6368.0,18,True,8,HIGH_GE_2000,NO_CHURN_OBSERVED,0.391304347826087,MAIN_AND_STRICT,DORMANT_JOURNEY
acct_966f6a66db9cd58b,Account,acct_966f6a66db9cd58b,9950.0,21,True,6,HIGH_GE_2000,RECURRING_CHURN,0.28378378378378377,MAIN_AND_STRICT,CHURN_PATH
acct_968c7b932fd2d966,Account,acct_968c7b932fd2d966,3383.0,30,True,9,HIGH_GE_2000,SINGLE_CHURN,0.44776119402985076,MAIN_AND_STRICT,CHURN_PATH
acct_9697c279d8518eb6,Account,acct_9697c279d8518eb6,1813.0,18,True,10,MID_500_1999,RECURRING_CHURN,0.3673469387755102,MAIN_AND_STRICT,RECURRING_CHURN_PATH
acct_96d2e92b6b17793e,Account,acct_96d2e92b6b17793e,9353.0,30,True,11,HIGH_GE_2000,REACTIVATED,0.3225806451612903,MAIN_AND_STRICT,RECOVERY_JOURNEY
acct_97d519037d9abfa2,Account,acct_97d519037d9abfa2,0.0,26,True,10,ZERO,SINGLE_CHURN,0.23423423423423423,MAIN_AND_STRICT,CHURN_PATH
acct_981925444f72b9c0,Account,acct_981925444f72b9c0,2985.0,17,True,6,HIGH_GE_2000,SINGLE_CHURN,0.2361111111111111,MAIN_AND_STRICT,CHURN_PATH
acct_987856c7bd41deb3,Account,acct_987856c7bd41deb3,10945.0,18,True,10,HIGH_GE_2000,RECURRING_CHURN,0.3050847457627119,MAIN_AND_STRICT,RECURRING_CHURN_PATH
acct_992d3a7e8dd0d917,Account,acct_992d3a7e8dd0d917,4179.0,22,True,9,HIGH_GE_2000,SINGLE_CHURN,0.3188405797101449,MAIN_AND_STRICT,CHURN_PATH
acct_99df839f64955e3f,Account,acct_99df839f64955e3f,722.0,26,True,11,MID_500_1999,REACTIVATED,0.2765957446808511,MAIN_AND_STRICT,RECOVERY_JOURNEY
acct_9a66597b6d94be2d,Account,acct_9a66597b6d94be2d,6027.0,26,True,10,HIGH_GE_2000,RECURRING_CHURN,0.35135135135135137,MAIN_AND_STRICT,RECURRING_CHURN_PATH
acct_9a9cd2f51f01b295,Account,acct_9a9cd2f51f01b295,5572.0,22,True,10,HIGH_GE_2000,RECURRING_CHURN,0.5789473684210527,MAIN_AND_STRICT,RECURRING_CHURN_PATH
acct_9a9dd08ae8ec8e78,Account,acct_9a9dd08ae8ec8e78,588.0,25,True,6,MID_500_1999,RECURRING_CHURN,0.22935779816513763,MAIN_AND_STRICT,RECURRING_CHURN_PATH
acct_9adbe61ee88299e0,Account,acct_9adbe61ee88299e0,13930.0,36,True,8,HIGH_GE_2000,NO_CHURN_OBSERVED,0.4864864864864865,MAIN_AND_STRICT,DORMANT_JOURNEY
acct_9afde7437a5d4bc5,Account,acct_9afde7437a5d4bc5,13930.0,22,True,9,HIGH_GE_2000,SINGLE_CHURN,0.29333333333333333,MAIN_AND_STRICT,CHURN_PATH
acct_9b157976e86064f7,Account,acct_9b157976e86064f7,14129.0,28,True,8,HIGH_GE_2000,NO_CHURN_OBSERVED,0.3783783783783784,MAIN_AND_STRICT,DORMANT_JOURNEY
acct_9bc2286242180c5a,Account,acct_9bc2286242180c5a,12139.0,40,True,9,HIGH_GE_2000,SINGLE_CHURN,0.5333333333333333,MAIN_AND_STRICT,CHURN_PATH
acct_9bdbab48c5c55bbf,Account,acct_9bdbab48c5c55bbf,3582.0,7,True,6,HIGH_GE_2000,RECURRING_CHURN,0.2,MAIN_AND_STRICT,RECURRING_CHURN_PATH
acct_9ca2899fb9fa440e,Account,acct_9ca2899fb9fa440e,12139.0,25,True,8,HIGH_GE_2000,NO_CHURN_OBSERVED,0.29069767441860467,MAIN_AND_STRICT,SUPPORT_HEAVY_JOURNEY
acct_9daa0bb7d971db3a,Account,acct_9daa0bb7d971db3a,5572.0,14,True,3,HIGH_GE_2000,RECURRING_CHURN,0.16666666666666666,MAIN_ONLY,RECURRING_CHURN_PATH
acct_9dd1399d7be096be,Account,acct_9dd1399d7be096be,627.0,25,True,14,MID_500_1999,REACTIVATED,0.423728813559322,MAIN_AND_STRICT,RECOVERY_JOURNEY
acct_9dfb60608e07233a,Account,acct_9dfb60608e07233a,637.0,13,True,4,MID_500_1999,RECURRING_CHURN,0.23214285714285715,MAIN_AND_STRICT,RECURRING_CHURN_PATH
acct_9e5b03d14177d0d2,Account,acct_9e5b03d14177d0d2,27064.0,20,True,9,HIGH_GE_2000,SINGLE_CHURN,0.2702702702702703,MAIN_AND_STRICT,CHURN_PATH
acct_9edb2b8c485bb5b6,Account,acct_9edb2b8c485bb5b6,9353.0,35,True,9,HIGH_GE_2000,SINGLE_CHURN,0.3125,MAIN_AND_STRICT,CHURN_PATH
acct_9fc554f623b3568e,Account,acct_9fc554f623b3568e,7164.0,39,True,8,HIGH_GE_2000,NO_CHURN_OBSERVED,0.36792452830188677,MAIN_AND_STRICT,ADOPTION_JOURNEY
acct_a0072d9cfa57dc1e,Account,acct_a0072d9cfa57dc1e,570.0,39,True,10,MID_500_1999,RECURRING_CHURN,0.5416666666666666,MAIN_AND_STRICT,RECURRING_CHURN_PATH
acct_a0ab2b653db8afc4,Account,acct_a0ab2b653db8afc4,6368.0,47,True,10,HIGH_GE_2000,RECURRING_CHURN,0.5222222222222223,MAIN_AND_STRICT,RECURRING_CHURN_PATH
acct_a18aa81452e0d849,Account,acct_a18aa81452e0d849,3184.0,44,True,9,HIGH_GE_2000,SINGLE_CHURN,0.4489795918367347,MAIN_AND_STRICT,CHURN_PATH
acct_a1b40dad3a9bdbca,Account,acct_a1b40dad3a9bdbca,4179.0,10,True,2,HIGH_GE_2000,NO_CHURN_OBSERVED,0.16666666666666666,MAIN_AND_STRICT,HIGH_VALUE_LOW_USAGE
acct_a4967b15839dff03,Account,acct_a4967b15839dff03,1176.0,30,True,10,MID_500_1999,RECURRING_CHURN,0.35294117647058826,MAIN_AND_STRICT,RECURRING_CHURN_PATH
acct_a5fe11bea9c728c3,Account,acct_a5fe11bea9c728c3,16517.0,20,True,8,HIGH_GE_2000,NO_CHURN_OBSERVED,0.3508771929824561,MAIN_AND_STRICT,HIGH_VALUE_LOW_USAGE
acct_a6e3b207d1acec87,Account,acct_a6e3b207d1acec87,3582.0,17,True,8,HIGH_GE_2000,NO_CHURN_OBSERVED,0.38636363636363635,MAIN_AND_STRICT,HIGH_VALUE_LOW_USAGE
acct_a6ee39f0ae8eadd1,Account,acct_a6ee39f0ae8eadd1,5572.0,60,True,10,HIGH_GE_2000,RECURRING_CHURN,0.5172413793103449,MAIN_AND_STRICT,RECURRING_CHURN_PATH
acct_a7152dde7119bc55,Account,acct_a7152dde7119bc55,6368.0,35,True,9,HIGH_GE_2000,SINGLE_CHURN,0.5384615384615384,MAIN_AND_STRICT,CHURN_PATH
acct_a8c0044d68727987,Account,acct_a8c0044d68727987,16915.0,29,True,8,HIGH_GE_2000,NO_CHURN_OBSERVED,0.2761904761904762,MAIN_AND_STRICT,ADOPTION_JOURNEY
acct_a9eb3dc4512f422c,Account,acct_a9eb3dc4512f422c,14129.0,38,True,10,HIGH_GE_2000,RECURRING_CHURN,0.5352112676056338,MAIN_AND_STRICT,RECURRING_CHURN_PATH
acct_aa54423c0264d73f,Account,acct_aa54423c0264d73f,1274.0,11,True,4,MID_500_1999,SINGLE_CHURN,0.19642857142857142,MAIN_AND_STRICT,CHURN_PATH
acct_ab31195cbbbe0d63,Account,acct_ab31195cbbbe0d63,6368.0,18,True,11,HIGH_GE_2000,RECURRING_CHURN,0.4090909090909091,MAIN_AND_STRICT,RECURRING_CHURN_PATH
acct_ab5f058dd465352f,Account,acct_ab5f058dd465352f,2786.0,25,True,8,HIGH_GE_2000,NO_CHURN_OBSERVED,0.38461538461538464,MAIN_AND_STRICT,ADOPTION_JOURNEY
acct_ab622d58898fb90f,Account,acct_ab622d58898fb90f,5970.0,14,True,7,HIGH_GE_2000,SINGLE_CHURN,0.2641509433962264,MAIN_AND_STRICT,CHURN_PATH
acct_ab8416ed3362763e,Account,acct_ab8416ed3362763e,5174.0,31,True,9,HIGH_GE_2000,SINGLE_CHURN,0.543859649122807,MAIN_AND_STRICT,CHURN_PATH
acct_abcc2723fddfbf79,Account,acct_abcc2723fddfbf79,2985.0,29,True,9,HIGH_GE_2000,SINGLE_CHURN,0.6041666666666666,MAIN_AND_STRICT,CHURN_PATH
acct_abdb2550e0cc09c4,Account,acct_abdb2550e0cc09c4,6965.0,16,True,8,HIGH_GE_2000,NO_CHURN_OBSERVED,0.3076923076923077,MAIN_AND_STRICT,HIGH_VALUE_LOW_USAGE
acct_ac0a532beee6bdf9,Account,acct_ac0a532beee6bdf9,6567.0,28,True,10,HIGH_GE_2000,RECURRING_CHURN,0.3076923076923077,MAIN_AND_STRICT,RECURRING_CHURN_PATH
acct_ac1dbd061851f213,Account,acct_ac1dbd061851f213,1330.0,19,True,12,MID_500_1999,RECURRING_CHURN,0.34545454545454546,MAIN_AND_STRICT,RECURRING_CHURN_PATH
acct_ac2317cbac7d3d85,Account,acct_ac2317cbac7d3d85,1178.0,25,True,8,MID_500_1999,NO_CHURN_OBSERVED,0.3787878787878788,MAIN_AND_STRICT,SUPPORT_HEAVY_JOURNEY
acct_ac464c0777bdd9c8,Account,acct_ac464c0777bdd9c8,6766.0,22,True,9,HIGH_GE_2000,SINGLE_CHURN,0.4583333333333333,MAIN_AND_STRICT,CHURN_PATH
acct_ac9aadc6ad655b6d,Account,acct_ac9aadc6ad655b6d,5771.0,30,True,9,HIGH_GE_2000,SINGLE_CHURN,0.6122448979591837,MAIN_AND_STRICT,CHURN_PATH
acct_acbb8cd2cd84428a,Account,acct_acbb8cd2cd84428a,14527.0,57,True,9,HIGH_GE_2000,SINGLE_CHURN,0.5089285714285714,MAIN_AND_STRICT,CHURN_PATH
acct_ad70eeec3ee53c24,Account,acct_ad70eeec3ee53c24,1127.0,32,True,9,MID_500_1999,SINGLE_CHURN,0.3404255319148936,MAIN_AND_STRICT,CHURN_PATH
acct_ad74c7608f8d1bc7,Account,acct_ad74c7608f8d1bc7,1194.0,16,True,6,MID_500_1999,NO_CHURN_OBSERVED,0.1927710843373494,MAIN_AND_STRICT,ADOPTION_JOURNEY
acct_ada1fe67dc115654,Account,acct_ada1fe67dc115654,3381.0,13,True,7,HIGH_GE_2000,REACTIVATED,0.21666666666666667,MAIN_AND_STRICT,RECOVERY_JOURNEY
acct_adc0ef4d7fe35d48,Account,acct_adc0ef4d7fe35d48,11542.0,45,True,8,HIGH_GE_2000,NO_CHURN_OBSERVED,0.6716417910447762,MAIN_AND_STRICT,SUPPORT_HEAVY_JOURNEY
acct_ae0c3fe80431c5e2,Account,acct_ae0c3fe80431c5e2,9950.0,51,True,10,HIGH_GE_2000,RECURRING_CHURN,0.53125,MAIN_AND_STRICT,RECURRING_CHURN_PATH
acct_ae946ce27bb34484,Account,acct_ae946ce27bb34484,2450.0,23,True,9,HIGH_GE_2000,SINGLE_CHURN,0.3898305084745763,MAIN_AND_STRICT,CHURN_PATH
acct_af00f2335d0abd74,Account,acct_af00f2335d0abd74,4577.0,22,True,8,HIGH_GE_2000,NO_CHURN_OBSERVED,0.4074074074074074,MAIN_AND_STRICT,HIGH_VALUE_LOW_USAGE
acct_afdebc21c02887da,Account,acct_afdebc21c02887da,11144.0,30,True,9,HIGH_GE_2000,SINGLE_CHURN,0.4838709677419355,MAIN_AND_STRICT,CHURN_PATH
acct_affb7a2d4a54b4a3,Account,acct_affb7a2d4a54b4a3,9751.0,33,True,10,HIGH_GE_2000,RECURRING_CHURN,0.4125,MAIN_AND_STRICT,RECURRING_CHURN_PATH
acct_b0d3e3c482162108,Account,acct_b0d3e3c482162108,9154.0,25,True,8,HIGH_GE_2000,NO_CHURN_OBSERVED,0.49019607843137253,MAIN_AND_STRICT,DORMANT_JOURNEY
acct_b1b814eb684c698c,Account,acct_b1b814eb684c698c,4577.0,36,True,8,HIGH_GE_2000,NO_CHURN_OBSERVED,0.47368421052631576,MAIN_AND_STRICT,ADOPTION_JOURNEY
acct_b1d6ff1cbaf1059d,Account,acct_b1d6ff1cbaf1059d,18308.0,33,True,8,HIGH_GE_2000,NO_CHURN_OBSERVED,0.38372093023255816,MAIN_AND_STRICT,SUPPORT_HEAVY_JOURNEY
acct_b2fb773c83027177,Account,acct_b2fb773c83027177,3185.0,40,True,10,HIGH_GE_2000,RECURRING_CHURN,0.43010752688172044,MAIN_AND_STRICT,RECURRING_CHURN_PATH
acct_b3c1e846d3dae9e9,Account,acct_b3c1e846d3dae9e9,7562.0,15,True,3,HIGH_GE_2000,SINGLE_CHURN,0.18518518518518517,MAIN_AND_STRICT,CHURN_PATH
acct_b3da9bc056f7a5bd,Account,acct_b3da9bc056f7a5bd,10945.0,34,True,9,HIGH_GE_2000,SINGLE_CHURN,0.43037974683544306,MAIN_AND_STRICT,CHURN_PATH
acct_b45a5cdafbe9805f,Account,acct_b45a5cdafbe9805f,5970.0,62,True,9,HIGH_GE_2000,SINGLE_CHURN,0.4881889763779528,MAIN_AND_STRICT,CHURN_PATH
acct_b63089b3ae134a13,Account,acct_b63089b3ae134a13,13930.0,33,True,8,HIGH_GE_2000,NO_CHURN_OBSERVED,0.44594594594594594,MAIN_AND_STRICT,DORMANT_JOURNEY
acct_b6f4a132b66ee0f4,Account,acct_b6f4a132b66ee0f4,114.0,18,True,10,LOW_LT_500,SINGLE_CHURN,0.26865671641791045,MAIN_AND_STRICT,CHURN_PATH
acct_b8c2c13a70131ce0,Account,acct_b8c2c13a70131ce0,3980.0,10,True,9,HIGH_GE_2000,SINGLE_CHURN,0.21739130434782608,MAIN_AND_STRICT,CHURN_PATH
acct_b8d7d34cf60bbec0,Account,acct_b8d7d34cf60bbec0,23283.0,14,True,6,HIGH_GE_2000,NO_CHURN_OBSERVED,0.2028985507246377,MAIN_AND_STRICT,DATA_QUALITY_CONSTRAINED
acct_b91a8cb88238f0cb,Account,acct_b91a8cb88238f0cb,1127.0,28,True,10,MID_500_1999,RECURRING_CHURN,0.3111111111111111,MAIN_AND_STRICT,RECURRING_CHURN_PATH
acct_b9bc5b2f71787820,Account,acct_b9bc5b2f71787820,3781.0,17,True,8,HIGH_GE_2000,NO_CHURN_OBSERVED,0.4722222222222222,MAIN_AND_STRICT,HIGH_VALUE_LOW_USAGE
acct_ba146bce62cdaffa,Account,acct_ba146bce62cdaffa,4378.0,10,True,9,HIGH_GE_2000,SINGLE_CHURN,0.3448275862068966,MAIN_AND_STRICT,CHURN_PATH
acct_bb86c0f64722c80f,Account,acct_bb86c0f64722c80f,17910.0,43,True,8,HIGH_GE_2000,NO_CHURN_OBSERVED,0.42574257425742573,MAIN_AND_STRICT,SUPPORT_HEAVY_JOURNEY
acct_bb89bb233e03aef2,Account,acct_bb89bb233e03aef2,2597.0,26,True,11,HIGH_GE_2000,REACTIVATED,0.2988505747126437,MAIN_AND_STRICT,RECOVERY_JOURNEY
acct_bca315bb0f092c4a,Account,acct_bca315bb0f092c4a,10547.0,28,True,9,HIGH_GE_2000,SINGLE_CHURN,0.27184466019417475,MAIN_AND_STRICT,CHURN_PATH
acct_bca40ee8d5953461,Account,acct_bca40ee8d5953461,7960.0,33,True,8,HIGH_GE_2000,NO_CHURN_OBSERVED,0.7674418604651163,MAIN_AND_STRICT,SUPPORT_HEAVY_JOURNEY
acct_bd0560764680c98c,Account,acct_bd0560764680c98c,4975.0,24,True,9,HIGH_GE_2000,SINGLE_CHURN,0.2553191489361702,MAIN_AND_STRICT,CHURN_PATH
acct_bd687b576ef853e2,Account,acct_bd687b576ef853e2,2548.0,43,True,10,HIGH_GE_2000,RECURRING_CHURN,0.48314606741573035,MAIN_AND_STRICT,RECURRING_CHURN_PATH
acct_be73c68b54c0efff,Account,acct_be73c68b54c0efff,4378.0,41,True,8,HIGH_GE_2000,NO_CHURN_OBSERVED,0.4606741573033708,MAIN_AND_STRICT,SUPPORT_HEAVY_JOURNEY
acct_be8c1355c803d6a0,Account,acct_be8c1355c803d6a0,3381.0,13,True,10,HIGH_GE_2000,RECURRING_CHURN,0.3170731707317073,MAIN_AND_STRICT,RECURRING_CHURN_PATH
acct_c03428539b9ac30b,Account,acct_c03428539b9ac30b,10945.0,28,True,8,HIGH_GE_2000,NO_CHURN_OBSERVED,0.4307692307692308,MAIN_AND_STRICT,HIGH_VALUE_LOW_USAGE
acct_c0c050680eb16b48,Account,acct_c0c050680eb16b48,7164.0,40,True,8,HIGH_GE_2000,NO_CHURN_OBSERVED,0.4878048780487805,MAIN_AND_STRICT,SUPPORT_HEAVY_JOURNEY
acct_c0d36283ae318138,Account,acct_c0d36283ae318138,2499.0,38,True,10,HIGH_GE_2000,RECURRING_CHURN,0.4935064935064935,MAIN_AND_STRICT,RECURRING_CHURN_PATH
acct_c19ee9b7ac25e0fd,Account,acct_c19ee9b7ac25e0fd,6766.0,13,True,9,HIGH_GE_2000,SINGLE_CHURN,0.52,MAIN_AND_STRICT,CHURN_PATH
acct_c1bc940f5baf69a2,Account,acct_c1bc940f5baf69a2,11542.0,22,True,8,HIGH_GE_2000,NO_CHURN_OBSERVED,0.3283582089552239,MAIN_AND_STRICT,DORMANT_JOURNEY
acct_c31855de820a2e3e,Account,acct_c31855de820a2e3e,995.0,41,True,10,MID_500_1999,RECURRING_CHURN,0.5,MAIN_AND_STRICT,RECURRING_CHURN_PATH
acct_c34877804649c75e,Account,acct_c34877804649c75e,5572.0,13,True,9,HIGH_GE_2000,SINGLE_CHURN,0.30952380952380953,MAIN_AND_STRICT,CHURN_PATH
acct_c533649e9d077471,Account,acct_c533649e9d077471,3582.0,30,True,10,HIGH_GE_2000,RECURRING_CHURN,0.5357142857142857,MAIN_AND_STRICT,RECURRING_CHURN_PATH
acct_c5953018aead92fb,Account,acct_c5953018aead92fb,3781.0,20,True,10,HIGH_GE_2000,RECURRING_CHURN,0.6060606060606061,MAIN_AND_STRICT,RECURRING_CHURN_PATH
acct_c607ee3c0137c5eb,Account,acct_c607ee3c0137c5eb,456.0,10,True,9,LOW_LT_500,SINGLE_CHURN,0.22727272727272727,MAIN_AND_STRICT,CHURN_PATH
acct_c62e1825531b2194,Account,acct_c62e1825531b2194,8159.0,21,True,9,HIGH_GE_2000,SINGLE_CHURN,0.2413793103448276,MAIN_AND_STRICT,CHURN_PATH
acct_c63a12314bb74c09,Account,acct_c63a12314bb74c09,3184.0,18,True,7,HIGH_GE_2000,SINGLE_CHURN,0.21176470588235294,MAIN_AND_STRICT,CHURN_PATH
acct_c650207f54cf8fd2,Account,acct_c650207f54cf8fd2,12736.0,33,True,10,HIGH_GE_2000,RECURRING_CHURN,0.4647887323943662,MAIN_AND_STRICT,RECURRING_CHURN_PATH
acct_c7961117909f4147,Account,acct_c7961117909f4147,5572.0,38,True,8,HIGH_GE_2000,NO_CHURN_OBSERVED,0.3486238532110092,MAIN_AND_STRICT,SUPPORT_HEAVY_JOURNEY
acct_c80e3ba2ee943752,Account,acct_c80e3ba2ee943752,2587.0,49,True,11,HIGH_GE_2000,REACTIVATED,0.5833333333333334,MAIN_AND_STRICT,RECOVERY_JOURNEY
acct_c8316b2b24b0df3b,Account,acct_c8316b2b24b0df3b,7761.0,8,True,3,HIGH_GE_2000,SINGLE_CHURN,0.26666666666666666,MAIN_AND_STRICT,CHURN_PATH
acct_c83c542d8e76fb4a,Account,acct_c83c542d8e76fb4a,3184.0,25,True,8,HIGH_GE_2000,NO_CHURN_OBSERVED,0.36231884057971014,MAIN_AND_STRICT,ADOPTION_JOURNEY
acct_c887814f43f795ab,Account,acct_c887814f43f795ab,5174.0,23,True,9,HIGH_GE_2000,SINGLE_CHURN,0.6388888888888888,MAIN_AND_STRICT,CHURN_PATH
acct_c89d5e44248efb24,Account,acct_c89d5e44248efb24,1421.0,30,True,9,MID_500_1999,SINGLE_CHURN,0.6666666666666666,MAIN_AND_STRICT,CHURN_PATH
acct_c8c476a6a703b084,Account,acct_c8c476a6a703b084,6169.0,24,True,9,HIGH_GE_2000,SINGLE_CHURN,0.39344262295081966,MAIN_AND_STRICT,CHURN_PATH
acct_c931dad983b03e46,Account,acct_c931dad983b03e46,3087.0,29,True,10,HIGH_GE_2000,RECURRING_CHURN,0.47540983606557374,MAIN_AND_STRICT,RECURRING_CHURN_PATH
acct_c996bac2d0bacc62,Account,acct_c996bac2d0bacc62,9751.0,53,True,8,HIGH_GE_2000,NO_CHURN_OBSERVED,0.5408163265306123,MAIN_AND_STRICT,SUPPORT_HEAVY_JOURNEY
acct_ca4632f93b131cd6,Account,acct_ca4632f93b131cd6,3383.0,10,True,8,HIGH_GE_2000,NO_CHURN_OBSERVED,0.2857142857142857,MAIN_AND_STRICT,HIGH_VALUE_LOW_USAGE
acct_ca4efd9b348ec643,Account,acct_ca4efd9b348ec643,11741.0,8,True,3,HIGH_GE_2000,NO_CHURN_OBSERVED,0.21052631578947367,MAIN_AND_STRICT,DATA_QUALITY_CONSTRAINED
acct_caca3e534e2a98e0,Account,acct_caca3e534e2a98e0,1194.0,23,True,9,MID_500_1999,SINGLE_CHURN,0.5,MAIN_AND_STRICT,CHURN_PATH
acct_cad940f4ba4be396,Account,acct_cad940f4ba4be396,8955.0,38,True,8,HIGH_GE_2000,NO_CHURN_OBSERVED,0.38,MAIN_AND_STRICT,ADOPTION_JOURNEY
acct_cb07ab1e70231b4f,Account,acct_cb07ab1e70231b4f,5572.0,29,True,8,HIGH_GE_2000,NO_CHURN_OBSERVED,0.58,MAIN_AND_STRICT,DATA_QUALITY_CONSTRAINED
acct_cb610a19313ce29f,Account,acct_cb610a19313ce29f,12338.0,18,True,8,HIGH_GE_2000,NO_CHURN_OBSERVED,0.2571428571428571,MAIN_AND_STRICT,DATA_QUALITY_CONSTRAINED
acct_cbaaa298c7073fa3,Account,acct_cbaaa298c7073fa3,12537.0,23,True,8,HIGH_GE_2000,NO_CHURN_OBSERVED,0.24210526315789474,MAIN_AND_STRICT,DATA_QUALITY_CONSTRAINED
acct_ccc25c6984f8b312,Account,acct_ccc25c6984f8b312,190.0,11,True,10,LOW_LT_500,SINGLE_CHURN,0.4230769230769231,MAIN_AND_STRICT,CHURN_PATH
acct_ccceebeb19995c55,Account,acct_ccceebeb19995c55,597.0,9,True,3,MID_500_1999,SINGLE_CHURN,0.225,MAIN_AND_STRICT,CHURN_PATH
acct_cdd2dd51325131a3,Account,acct_cdd2dd51325131a3,2352.0,25,True,9,HIGH_GE_2000,SINGLE_CHURN,0.28735632183908044,MAIN_AND_STRICT,CHURN_PATH
acct_ce163ee18c0a8712,Account,acct_ce163ee18c0a8712,171.0,30,True,12,LOW_LT_500,REACTIVATED,0.38961038961038963,MAIN_AND_STRICT,RECOVERY_JOURNEY
acct_cf19e0d858a41c64,Account,acct_cf19e0d858a41c64,686.0,24,True,6,MID_500_1999,REACTIVATED,0.23300970873786409,MAIN_AND_STRICT,RECOVERY_JOURNEY
acct_d13e2e960ed0f00c,Account,acct_d13e2e960ed0f00c,3582.0,46,True,8,HIGH_GE_2000,NO_CHURN_OBSERVED,0.696969696969697,MAIN_AND_STRICT,SUPPORT_HEAVY_JOURNEY
acct_d1c3f09f8d9714d8,Account,acct_d1c3f09f8d9714d8,6169.0,45,True,10,HIGH_GE_2000,SINGLE_CHURN,0.5421686746987951,MAIN_AND_STRICT,CHURN_PATH
acct_d2db5c1b640429e5,Account,acct_d2db5c1b640429e5,6567.0,6,True,8,HIGH_GE_2000,NO_CHURN_OBSERVED,0.2222222222222222,MAIN_AND_STRICT,HIGH_VALUE_LOW_USAGE
acct_d3036d1f06ecde55,Account,acct_d3036d1f06ecde55,5970.0,39,True,10,HIGH_GE_2000,RECURRING_CHURN,0.48148148148148145,MAIN_AND_STRICT,RECURRING_CHURN_PATH
acct_d336240276683a02,Account,acct_d336240276683a02,456.0,13,True,7,LOW_LT_500,SINGLE_CHURN,0.26,MAIN_AND_STRICT,CHURN_PATH
acct_d39cf2e7205bf55e,Account,acct_d39cf2e7205bf55e,2940.0,29,True,8,HIGH_GE_2000,NO_CHURN_OBSERVED,0.48333333333333334,MAIN_AND_STRICT,SUPPORT_HEAVY_JOURNEY
acct_d64fbc13955e9c86,Account,acct_d64fbc13955e9c86,1393.0,9,True,4,MID_500_1999,NO_CHURN_OBSERVED,0.1836734693877551,MAIN_AND_STRICT,DATA_QUALITY_CONSTRAINED
acct_d66ef00c54b8c268,Account,acct_d66ef00c54b8c268,9353.0,40,True,8,HIGH_GE_2000,NO_CHURN_OBSERVED,0.43956043956043955,MAIN_AND_STRICT,HIGH_VALUE_LOW_USAGE
acct_d70ad82f3a069484,Account,acct_d70ad82f3a069484,7761.0,23,True,8,HIGH_GE_2000,NO_CHURN_OBSERVED,0.3108108108108108,MAIN_AND_STRICT,ADOPTION_JOURNEY
acct_d71b8e4c0d585420,Account,acct_d71b8e4c0d585420,627.0,10,True,11,MID_500_1999,RECURRING_CHURN,0.2564102564102564,MAIN_AND_STRICT,RECURRING_CHURN_PATH
acct_d73580ab0cd0fd18,Account,acct_d73580ab0cd0fd18,2985.0,44,True,9,HIGH_GE_2000,SINGLE_CHURN,0.5,MAIN_AND_STRICT,CHURN_PATH
acct_d7a33e16625e7cb8,Account,acct_d7a33e16625e7cb8,7363.0,26,True,8,HIGH_GE_2000,NO_CHURN_OBSERVED,0.3023255813953488,MAIN_AND_STRICT,ADOPTION_JOURNEY
acct_d7ce14d126077a99,Account,acct_d7ce14d126077a99,7562.0,16,True,6,HIGH_GE_2000,RECURRING_CHURN,0.24242424242424243,MAIN_AND_STRICT,RECURRING_CHURN_PATH
acct_d81ed5f843073d4e,Account,acct_d81ed5f843073d4e,13731.0,39,True,8,HIGH_GE_2000,NO_CHURN_OBSERVED,0.41935483870967744,MAIN_AND_STRICT,SUPPORT_HEAVY_JOURNEY
acct_d85efab99b5437f0,Account,acct_d85efab99b5437f0,17313.0,19,True,9,HIGH_GE_2000,SINGLE_CHURN,0.23170731707317074,MAIN_AND_STRICT,CHURN_PATH
acct_d8c6c9a116f52cb2,Account,acct_d8c6c9a116f52cb2,15522.0,35,True,8,HIGH_GE_2000,NO_CHURN_OBSERVED,0.546875,MAIN_AND_STRICT,SUPPORT_HEAVY_JOURNEY
acct_d95fb413c5cb7ae9,Account,acct_d95fb413c5cb7ae9,1596.0,16,True,4,MID_500_1999,RECURRING_CHURN,0.1797752808988764,MAIN_AND_STRICT,CHURN_PATH
acct_d9e3be1139994a76,Account,acct_d9e3be1139994a76,9751.0,39,True,8,HIGH_GE_2000,NO_CHURN_OBSERVED,0.4936708860759494,MAIN_AND_STRICT,ADOPTION_JOURNEY
acct_da0e3a0a982cfc78,Account,acct_da0e3a0a982cfc78,0.0,6,True,8,ZERO,SINGLE_CHURN,0.15384615384615385,MAIN_AND_STRICT,CHURN_PATH
acct_da4e8641b0b4baef,Account,acct_da4e8641b0b4baef,1078.0,8,True,8,MID_500_1999,NO_CHURN_OBSERVED,0.3333333333333333,MAIN_AND_STRICT,ADOPTION_JOURNEY
acct_da7853ac269547cb,Account,acct_da7853ac269547cb,1911.0,19,True,10,MID_500_1999,RECURRING_CHURN,0.37254901960784315,MAIN_AND_STRICT,RECURRING_CHURN_PATH
acct_dac3a81e3d90d18c,Account,acct_dac3a81e3d90d18c,4179.0,11,True,9,HIGH_GE_2000,SINGLE_CHURN,0.3055555555555556,MAIN_AND_STRICT,CHURN_PATH
acct_ddc7d78f6a73dbc3,Account,acct_ddc7d78f6a73dbc3,18109.0,67,True,8,HIGH_GE_2000,NO_CHURN_OBSERVED,0.6090909090909091,MAIN_AND_STRICT,SUPPORT_HEAVY_JOURNEY
acct_de03cbe68119096a,Account,acct_de03cbe68119096a,9154.0,30,True,9,HIGH_GE_2000,SINGLE_CHURN,0.32608695652173914,MAIN_AND_STRICT,CHURN_PATH
acct_de30ed63817b2313,Account,acct_de30ed63817b2313,15124.0,28,True,9,HIGH_GE_2000,SINGLE_CHURN,0.32941176470588235,MAIN_AND_STRICT,CHURN_PATH
acct_de69485cb0cf04a4,Account,acct_de69485cb0cf04a4,1235.0,13,True,5,MID_500_1999,SINGLE_CHURN,0.19696969696969696,MAIN_AND_STRICT,CHURN_PATH
acct_deac9e798ff0df94,Account,acct_deac9e798ff0df94,2985.0,32,True,8,HIGH_GE_2000,NO_CHURN_OBSERVED,0.4444444444444444,MAIN_AND_STRICT,ADOPTION_JOURNEY
acct_df28e3e42ae592b1,Account,acct_df28e3e42ae592b1,5771.0,22,True,12,HIGH_GE_2000,RECURRING_CHURN,0.4782608695652174,MAIN_AND_STRICT,RECURRING_CHURN_PATH
acct_dff014e0751f3320,Account,acct_dff014e0751f3320,12736.0,18,True,8,HIGH_GE_2000,NO_CHURN_OBSERVED,0.3050847457627119,MAIN_AND_STRICT,SUPPORT_HEAVY_JOURNEY
acct_dff58ecc8d2c05fa,Account,acct_dff58ecc8d2c05fa,1617.0,16,True,12,MID_500_1999,REACTIVATED,0.3404255319148936,MAIN_AND_STRICT,RECOVERY_JOURNEY
acct_e0b835f0f6812789,Account,acct_e0b835f0f6812789,7164.0,16,True,8,HIGH_GE_2000,NO_CHURN_OBSERVED,0.45714285714285713,MAIN_AND_STRICT,HIGH_VALUE_LOW_USAGE
acct_e1c0f1a90e9ca8c5,Account,acct_e1c0f1a90e9ca8c5,8159.0,22,True,8,HIGH_GE_2000,NO_CHURN_OBSERVED,0.4583333333333333,MAIN_AND_STRICT,DORMANT_JOURNEY
acct_e1fc64793a7d37c4,Account,acct_e1fc64793a7d37c4,8557.0,25,True,8,HIGH_GE_2000,NO_CHURN_OBSERVED,0.38461538461538464,MAIN_AND_STRICT,HIGH_VALUE_LOW_USAGE
acct_e2344eba68abc7fa,Account,acct_e2344eba68abc7fa,24079.0,57,True,12,HIGH_GE_2000,REACTIVATED,0.6063829787234043,MAIN_AND_STRICT,RECURRING_CHURN_PATH
acct_e2ce82ecca0c32dd,Account,acct_e2ce82ecca0c32dd,17114.0,22,True,9,HIGH_GE_2000,SINGLE_CHURN,0.3793103448275862,MAIN_AND_STRICT,CHURN_PATH
acct_e304b44d8575a904,Account,acct_e304b44d8575a904,3184.0,39,True,8,HIGH_GE_2000,NO_CHURN_OBSERVED,0.5571428571428572,MAIN_AND_STRICT,ADOPTION_JOURNEY
acct_e3815422739ff12f,Account,acct_e3815422739ff12f,8159.0,13,True,4,HIGH_GE_2000,NO_CHURN_OBSERVED,0.21666666666666667,MAIN_AND_STRICT,ADOPTION_JOURNEY
acct_e3ad53063df5930e,Account,acct_e3ad53063df5930e,6965.0,21,True,8,HIGH_GE_2000,NO_CHURN_OBSERVED,0.2413793103448276,MAIN_AND_STRICT,ADOPTION_JOURNEY
acct_e4548e4c99df1c8f,Account,acct_e4548e4c99df1c8f,323.0,47,True,11,LOW_LT_500,RECURRING_CHURN,0.47,MAIN_AND_STRICT,RECURRING_CHURN_PATH
acct_e4970afd5f145e82,Account,acct_e4970afd5f145e82,9154.0,50,True,10,HIGH_GE_2000,RECURRING_CHURN,0.6410256410256411,MAIN_AND_STRICT,RECURRING_CHURN_PATH
acct_e4cb7a2f2de46f56,Account,acct_e4cb7a2f2de46f56,4776.0,44,True,8,HIGH_GE_2000,NO_CHURN_OBSERVED,0.5,MAIN_AND_STRICT,HIGH_VALUE_LOW_USAGE
acct_e53e3b84c66ef702,Account,acct_e53e3b84c66ef702,6169.0,35,True,8,HIGH_GE_2000,NO_CHURN_OBSERVED,0.5932203389830508,MAIN_AND_STRICT,HIGH_VALUE_LOW_USAGE
acct_e605c7cfbf61cc6b,Account,acct_e605c7cfbf61cc6b,7761.0,18,True,5,HIGH_GE_2000,SINGLE_CHURN,0.21686746987951808,MAIN_AND_STRICT,CHURN_PATH
acct_e67c46fb0ba8b340,Account,acct_e67c46fb0ba8b340,6567.0,12,True,6,HIGH_GE_2000,NO_CHURN_OBSERVED,0.14814814814814814,MAIN_AND_STRICT,DATA_QUALITY_CONSTRAINED
acct_e6b547f3d63466ca,Account,acct_e6b547f3d63466ca,5970.0,21,True,5,HIGH_GE_2000,SINGLE_CHURN,0.22826086956521738,MAIN_AND_STRICT,CHURN_PATH
acct_e7f93134487107ba,Account,acct_e7f93134487107ba,11741.0,13,True,4,HIGH_GE_2000,NO_CHURN_OBSERVED,0.18571428571428572,MAIN_AND_STRICT,HIGH_VALUE_LOW_USAGE
acct_e8c8db035009afdc,Account,acct_e8c8db035009afdc,9552.0,23,True,9,HIGH_GE_2000,SINGLE_CHURN,0.26136363636363635,MAIN_AND_STRICT,CHURN_PATH
acct_e8d85d19fef0e0d2,Account,acct_e8d85d19fef0e0d2,3582.0,48,True,8,HIGH_GE_2000,NO_CHURN_OBSERVED,0.5517241379310345,MAIN_AND_STRICT,SUPPORT_HEAVY_JOURNEY
acct_e9e42d42986260d4,Account,acct_e9e42d42986260d4,0.0,16,True,12,ZERO,RECURRING_CHURN,0.3333333333333333,MAIN_AND_STRICT,CHURN_PATH
acct_eb76d10ea396e839,Account,acct_eb76d10ea396e839,8955.0,14,True,11,HIGH_GE_2000,RECURRING_CHURN,0.32558139534883723,MAIN_AND_STRICT,RECURRING_CHURN_PATH
acct_ec2577c47ac745b0,Account,acct_ec2577c47ac745b0,2587.0,33,True,9,HIGH_GE_2000,SINGLE_CHURN,0.3235294117647059,MAIN_AND_STRICT,CHURN_PATH
acct_ec5558fe5618da0e,Account,acct_ec5558fe5618da0e,6027.0,20,True,10,HIGH_GE_2000,RECURRING_CHURN,0.29850746268656714,MAIN_AND_STRICT,RECURRING_CHURN_PATH
acct_ec726111a0806a0f,Account,acct_ec726111a0806a0f,9950.0,18,True,8,HIGH_GE_2000,NO_CHURN_OBSERVED,0.2903225806451613,MAIN_AND_STRICT,DATA_QUALITY_CONSTRAINED
acct_ed2ecf0e55abeb95,Account,acct_ed2ecf0e55abeb95,4179.0,24,True,8,HIGH_GE_2000,NO_CHURN_OBSERVED,0.6666666666666666,MAIN_AND_STRICT,SUPPORT_HEAVY_JOURNEY
acct_edf37d9f36c3a325,Account,acct_edf37d9f36c3a325,4975.0,23,True,5,HIGH_GE_2000,SINGLE_CHURN,0.25555555555555554,MAIN_AND_STRICT,CHURN_PATH
acct_ef543e63c918b679,Account,acct_ef543e63c918b679,5771.0,18,True,9,HIGH_GE_2000,SINGLE_CHURN,0.23684210526315788,MAIN_AND_STRICT,CHURN_PATH
acct_ef92ca2654222c67,Account,acct_ef92ca2654222c67,13532.0,26,True,3,HIGH_GE_2000,SINGLE_CHURN,0.2524271844660194,MAIN_AND_STRICT,CHURN_PATH
acct_f007bc0117df794f,Account,acct_f007bc0117df794f,10746.0,45,True,8,HIGH_GE_2000,NO_CHURN_OBSERVED,0.5357142857142857,MAIN_AND_STRICT,HIGH_VALUE_LOW_USAGE
acct_f0434803a726ca22,Account,acct_f0434803a726ca22,4067.0,10,True,10,HIGH_GE_2000,SINGLE_CHURN,0.18518518518518517,MAIN_AND_STRICT,CHURN_PATH
acct_f1ab7b82e23d4300,Account,acct_f1ab7b82e23d4300,4378.0,52,True,9,HIGH_GE_2000,SINGLE_CHURN,0.6582278481012658,MAIN_AND_STRICT,CHURN_PATH
acct_f3540b18bf1f9e50,Account,acct_f3540b18bf1f9e50,1990.0,28,True,8,MID_500_1999,NO_CHURN_OBSERVED,0.5384615384615384,MAIN_AND_STRICT,SUPPORT_HEAVY_JOURNEY
acct_f366d0056a702dc0,Account,acct_f366d0056a702dc0,5174.0,35,True,8,HIGH_GE_2000,NO_CHURN_OBSERVED,0.546875,MAIN_AND_STRICT,HIGH_VALUE_LOW_USAGE
acct_f3fee3daa42bcec2,Account,acct_f3fee3daa42bcec2,995.0,8,True,9,MID_500_1999,SINGLE_CHURN,0.2857142857142857,MAIN_AND_STRICT,CHURN_PATH
acct_f4238a10932e6c0c,Account,acct_f4238a10932e6c0c,3781.0,13,True,2,HIGH_GE_2000,NO_CHURN_OBSERVED,0.17333333333333334,MAIN_AND_STRICT,ADOPTION_JOURNEY
acct_f4a9c06a66d7ab4f,Account,acct_f4a9c06a66d7ab4f,0.0,26,True,11,ZERO,RECURRING_CHURN,0.3291139240506329,MAIN_AND_STRICT,RECURRING_CHURN_PATH
acct_f513fa01c304b270,Account,acct_f513fa01c304b270,6368.0,12,True,6,HIGH_GE_2000,SINGLE_CHURN,0.23076923076923078,MAIN_AND_STRICT,CHURN_PATH
acct_f532db33ca179734,Account,acct_f532db33ca179734,2989.0,10,True,2,HIGH_GE_2000,NO_CHURN_OBSERVED,0.16129032258064516,MAIN_AND_STRICT,HIGH_VALUE_LOW_USAGE
acct_f5eca65078877679,Account,acct_f5eca65078877679,6368.0,11,True,4,HIGH_GE_2000,NO_CHURN_OBSERVED,0.22448979591836735,MAIN_AND_STRICT,DATA_QUALITY_CONSTRAINED
acct_f5f6065cc0224ded,Account,acct_f5f6065cc0224ded,9353.0,27,True,9,HIGH_GE_2000,SINGLE_CHURN,0.34177215189873417,MAIN_AND_STRICT,CHURN_PATH
acct_f620a86fe7fbb976,Account,acct_f620a86fe7fbb976,4459.0,9,True,3,HIGH_GE_2000,SINGLE_CHURN,0.20930232558139536,MAIN_AND_STRICT,CHURN_PATH
acct_f620f3f8f8b8393c,Account,acct_f620f3f8f8b8393c,2189.0,43,True,9,HIGH_GE_2000,SINGLE_CHURN,0.5443037974683544,MAIN_AND_STRICT,CHURN_PATH
acct_f69b7173794750ff,Account,acct_f69b7173794750ff,1617.0,19,True,8,MID_500_1999,NO_CHURN_OBSERVED,0.2261904761904762,MAIN_AND_STRICT,ADOPTION_JOURNEY
acct_f6b8389a5096f89f,Account,acct_f6b8389a5096f89f,5771.0,38,True,9,HIGH_GE_2000,SINGLE_CHURN,0.6551724137931034,MAIN_AND_STRICT,CHURN_PATH
acct_f6ee99133a11dc43,Account,acct_f6ee99133a11dc43,1764.0,30,True,8,MID_500_1999,NO_CHURN_OBSERVED,0.6521739130434783,MAIN_AND_STRICT,SUPPORT_HEAVY_JOURNEY
acct_f6fb4c03df2445bb,Account,acct_f6fb4c03df2445bb,995.0,26,True,9,MID_500_1999,SINGLE_CHURN,0.7428571428571429,MAIN_AND_STRICT,CHURN_PATH
acct_f726280eda708879,Account,acct_f726280eda708879,3184.0,20,True,9,HIGH_GE_2000,SINGLE_CHURN,0.31746031746031744,MAIN_AND_STRICT,CHURN_PATH
acct_f7363f4a59132b5f,Account,acct_f7363f4a59132b5f,969.0,10,True,5,MID_500_1999,SINGLE_CHURN,0.21739130434782608,MAIN_AND_STRICT,CHURN_PATH
acct_f7ad9b45f48e0a73,Account,acct_f7ad9b45f48e0a73,10348.0,39,True,9,HIGH_GE_2000,SINGLE_CHURN,0.41935483870967744,MAIN_AND_STRICT,CHURN_PATH
acct_f847685fe5600dd5,Account,acct_f847685fe5600dd5,1519.0,57,True,10,MID_500_1999,RECURRING_CHURN,0.5876288659793815,MAIN_AND_STRICT,RECURRING_CHURN_PATH
acct_f8966c815c7cb857,Account,acct_f8966c815c7cb857,2786.0,9,True,8,HIGH_GE_2000,NO_CHURN_OBSERVED,0.3,MAIN_AND_STRICT,HIGH_VALUE_LOW_USAGE
acct_f8ec7c6dfcd915c7,Account,acct_f8ec7c6dfcd915c7,3781.0,27,True,8,HIGH_GE_2000,NO_CHURN_OBSERVED,0.4909090909090909,MAIN_AND_STRICT,SUPPORT_HEAVY_JOURNEY
acct_f93d350d34608ccf,Account,acct_f93d350d34608ccf,3184.0,21,True,11,HIGH_GE_2000,RECURRING_CHURN,0.4117647058823529,MAIN_AND_STRICT,RECURRING_CHURN_PATH
acct_f98e20d96b714cc0,Account,acct_f98e20d96b714cc0,6766.0,39,True,9,HIGH_GE_2000,SINGLE_CHURN,0.4936708860759494,MAIN_AND_STRICT,CHURN_PATH
acct_fa5f56c9a83af652,Account,acct_fa5f56c9a83af652,1421.0,25,True,8,MID_500_1999,NO_CHURN_OBSERVED,0.4098360655737705,MAIN_AND_STRICT,SUPPORT_HEAVY_JOURNEY
acct_fa8b21f4cf88ecb2,Account,acct_fa8b21f4cf88ecb2,5572.0,46,True,9,HIGH_GE_2000,SINGLE_CHURN,0.5476190476190477,MAIN_AND_STRICT,CHURN_PATH
acct_fab060aeab7da0e2,Account,acct_fab060aeab7da0e2,7164.0,56,True,8,HIGH_GE_2000,NO_CHURN_OBSERVED,0.5894736842105263,MAIN_AND_STRICT,DATA_QUALITY_CONSTRAINED
acct_fb16050bea191b73,Account,acct_fb16050bea191b73,3582.0,39,True,9,HIGH_GE_2000,SINGLE_CHURN,0.4936708860759494,MAIN_AND_STRICT,CHURN_PATH
acct_fb2040a9e9c45a23,Account,acct_fb2040a9e9c45a23,9552.0,19,True,8,HIGH_GE_2000,NO_CHURN_OBSERVED,0.25675675675675674,MAIN_AND_STRICT,ADOPTION_JOURNEY
acct_fb85273d5fd2e18b,Account,acct_fb85273d5fd2e18b,6567.0,15,True,5,HIGH_GE_2000,SINGLE_CHURN,0.24193548387096775,MAIN_AND_STRICT,CHURN_PATH
acct_fbac3bbe28515e17,Account,acct_fbac3bbe28515e17,1592.0,47,True,12,MID_500_1999,REACTIVATED_THEN_CHURNED_AGAIN,0.6266666666666667,MAIN_AND_STRICT,RECURRING_CHURN_PATH
acct_fc2217338acd08f4,Account,acct_fc2217338acd08f4,6368.0,21,True,9,HIGH_GE_2000,SINGLE_CHURN,0.3230769230769231,MAIN_AND_STRICT,CHURN_PATH
acct_fc39d86206b760af,Account,acct_fc39d86206b760af,5373.0,15,True,8,HIGH_GE_2000,NO_CHURN_OBSERVED,0.3191489361702128,MAIN_AND_STRICT,ADOPTION_JOURNEY
acct_fc4194a576bab7d7,Account,acct_fc4194a576bab7d7,418.0,20,True,11,LOW_LT_500,RECURRING_CHURN,0.29411764705882354,MAIN_AND_STRICT,RECURRING_CHURN_PATH
acct_fe1fc463dc5bda0c,Account,acct_fe1fc463dc5bda0c,6169.0,31,True,10,HIGH_GE_2000,RECURRING_CHURN,0.44285714285714284,MAIN_AND_STRICT,RECURRING_CHURN_PATH
acct_fe5975748e13f3d8,Account,acct_fe5975748e13f3d8,5373.0,36,True,9,HIGH_GE_2000,SINGLE_CHURN,0.41379310344827586,MAIN_AND_STRICT,CHURN_PATH
acct_fe6513c26e4af2df,Account,acct_fe6513c26e4af2df,1194.0,57,True,9,MID_500_1999,SINGLE_CHURN,0.6129032258064516,MAIN_AND_STRICT,CHURN_PATH
acct_ff203a198fc2a418,Account,acct_ff203a198fc2a418,779.0,43,True,12,MID_500_1999,REACTIVATED,0.6231884057971014,MAIN_AND_STRICT,REACTIVATION_PATH
acct_ff2b5217f836af6f,Account,acct_ff2b5217f836af6f,9552.0,13,True,4,HIGH_GE_2000,NO_CHURN_OBSERVED,0.2708333333333333,MAIN_AND_STRICT,HIGH_VALUE_LOW_USAGE
acct_ff428a8cf0528c5d,Account,acct_ff428a8cf0528c5d,2189.0,18,True,9,HIGH_GE_2000,SINGLE_CHURN,0.5454545454545454,MAIN_AND_STRICT,CHURN_PATH
acct_ff7690914f09bc5f,Account,acct_ff7690914f09bc5f,8557.0,46,True,8,HIGH_GE_2000,NO_CHURN_OBSERVED,0.5476190476190477,MAIN_AND_STRICT,SUPPORT_HEAVY_JOURNEY
