stratum_key,platform,year_quarter,content_category,creator_band,n_sponsored,n_organic,mean_err_sponsored,mean_err_organic,lift_ratio_err,lift_abs_err,mean_share_sponsored,mean_share_organic,lift_ratio_share,lift_abs_share,mean_views_sponsored,mean_views_organic,lift_ratio_views,lift_abs_views,confidence
Bilibili|2023-Q2|beauty|500k+,Bilibili,2023-Q2,beauty,500k+,50,49,0.1989613529,0.1979783583,1.0049651616,0.0009829945,0.0296024609,0.0295001397,1.0034684980,0.0001023212,10130.020000,10118.102041,1.0011778849,11.917959,Low
Bilibili|2023-Q2|lifestyle|200k-500k,Bilibili,2023-Q2,lifestyle,200k-500k,30,31,0.1982859128,0.1984548523,0.9991487257,-0.0001689395,0.0292729402,0.0295758579,0.9897579407,-0.0003029177,10117.000000,10116.580645,1.0000414522,0.419355,Low
Bilibili|2023-Q2|lifestyle|500k+,Bilibili,2023-Q2,lifestyle,500k+,35,55,0.1989219121,0.1980905693,1.0041967814,0.0008313428,0.0298721382,0.0296820548,1.0064039834,0.0001900834,10107.314286,10107.236364,1.0000077095,0.077922,Low
Bilibili|2023-Q3|beauty|200k-500k,Bilibili,2023-Q3,beauty,200k-500k,74,100,0.1991857364,0.1992990036,0.9994316717,-0.0001132673,0.0302662664,0.0298424978,1.0142001726,0.0004237686,10092.445946,10095.820000,0.9996657969,-3.374054,Low
Bilibili|2023-Q3|beauty|500k+,Bilibili,2023-Q3,beauty,500k+,107,157,0.1987792865,0.1995977749,0.9958993112,-0.0008184884,0.0294925967,0.0300348147,0.9819470192,-0.0005422179,10085.000000,10096.828025,0.9988285405,-11.828025,Medium
Bilibili|2023-Q3|lifestyle|200k-500k,Bilibili,2023-Q3,lifestyle,200k-500k,59,103,0.1988886200,0.1983311871,1.0028106164,0.0005574329,0.0293452701,0.0295018790,0.9946915618,-0.0001566089,10108.118644,10101.660194,1.0006393454,6.458450,Low
Bilibili|2023-Q3|lifestyle|500k+,Bilibili,2023-Q3,lifestyle,500k+,127,166,0.1982473174,0.1992249482,0.9950928294,-0.0009776308,0.0294773594,0.0299504957,0.9842027197,-0.0004731364,10112.196850,10094.873494,1.0017160548,17.323356,Medium
Bilibili|2023-Q3|lifestyle|50k-200k,Bilibili,2023-Q3,lifestyle,50k-200k,36,55,0.1984003770,0.1996502605,0.9937396353,-0.0012498834,0.0295938520,0.0301435301,0.9817646404,-0.0005496781,10110.250000,10106.545455,1.0003665491,3.704545,Low
Bilibili|2023-Q3|tech|200k-500k,Bilibili,2023-Q3,tech,200k-500k,43,54,0.1991544943,0.1994837343,0.9983495401,-0.0003292399,0.0297399701,0.0296519146,1.0029696381,0.0000880555,10071.627907,10113.037037,0.9959053715,-41.409130,Low
Bilibili|2023-Q3|tech|500k+,Bilibili,2023-Q3,tech,500k+,52,77,0.2012290229,0.1994387879,1.0089763635,0.0017902351,0.0303500390,0.0296819494,1.0225082792,0.0006680896,10072.980769,10077.181818,0.9995831127,-4.201049,Low
Bilibili|2023-Q4|beauty|200k-500k,Bilibili,2023-Q4,beauty,200k-500k,66,85,0.1992797136,0.1990474804,1.0011667227,0.0002322332,0.0298924054,0.0294268365,1.0158212341,0.0004655689,10092.424242,10114.823529,0.9977854990,-22.399287,Low
Bilibili|2023-Q4|beauty|500k+,Bilibili,2023-Q4,beauty,500k+,114,168,0.1994580257,0.1996933806,0.9988214189,-0.0002353549,0.0294634136,0.0300285812,0.9811790114,-0.0005651676,10096.131579,10102.345238,0.9993849290,-6.213659,Low
Bilibili|2023-Q4|lifestyle|200k-500k,Bilibili,2023-Q4,lifestyle,200k-500k,62,97,0.1997317482,0.1994194456,1.0015660589,0.0003123026,0.0298223108,0.0297428215,1.0026725546,0.0000794893,10085.548387,10063.948454,1.0021462683,21.599933,Low
Bilibili|2023-Q4|lifestyle|500k+,Bilibili,2023-Q4,lifestyle,500k+,115,146,0.1990790737,0.1992461117,0.9991616501,-0.0001670380,0.0299627396,0.0295562042,1.0137546529,0.0004065353,10110.217391,10086.328767,1.0023684162,23.888624,Low
Bilibili|2023-Q4|lifestyle|50k-200k,Bilibili,2023-Q4,lifestyle,50k-200k,40,45,0.1992764754,0.1994331973,0.9992141634,-0.0001567219,0.0299408508,0.0295648879,1.0127165331,0.0003759629,10099.850000,10064.733333,1.0034890807,35.116667,Low
Bilibili|2023-Q4|tech|500k+,Bilibili,2023-Q4,tech,500k+,61,70,0.1992655571,0.1983329305,1.0047023286,0.0009326266,0.0299007292,0.0294047374,1.0168677541,0.0004959919,10074.049180,10127.242857,0.9947474670,-53.193677,Low
Bilibili|2024-Q1|beauty|200k-500k,Bilibili,2024-Q1,beauty,200k-500k,66,94,0.1999098283,0.1991077529,1.0040283484,0.0008020754,0.0300880583,0.0294311701,1.0223194699,0.0006568881,10079.727273,10081.904255,0.9997840703,-2.176983,Low
Bilibili|2024-Q1|beauty|500k+,Bilibili,2024-Q1,beauty,500k+,113,165,0.1996309770,0.1992096423,1.0021150319,0.0004213347,0.0300008221,0.0298334601,1.0056098768,0.0001673620,10081.300885,10096.290909,0.9985152940,-14.990024,Medium
Bilibili|2024-Q1|lifestyle|200k-500k,Bilibili,2024-Q1,lifestyle,200k-500k,67,82,0.1994469906,0.1983879614,1.0053381727,0.0010590292,0.0298307897,0.0296716206,1.0053643531,0.0001591690,10082.746269,10097.743902,0.9985147540,-14.997634,Low
Bilibili|2024-Q1|lifestyle|500k+,Bilibili,2024-Q1,lifestyle,500k+,107,136,0.1987970933,0.1990372485,0.9987934157,-0.0002401552,0.0296265161,0.0297077890,0.9972642588,-0.0000812728,10108.654206,10102.933824,1.0005662100,5.720382,Low
Bilibili|2024-Q1|tech|200k-500k,Bilibili,2024-Q1,tech,200k-500k,32,52,0.1991129837,0.1994114995,0.9985030160,-0.0002985158,0.0297787899,0.0299657604,0.9937605263,-0.0001869706,10111.531250,10102.211538,1.0009225417,9.319712,Low
Bilibili|2024-Q1|tech|500k+,Bilibili,2024-Q1,tech,500k+,49,84,0.1986302241,0.1990228349,0.9980273080,-0.0003926108,0.0294886778,0.0298399345,0.9882286388,-0.0003512566,10098.346939,10102.035714,0.9996348483,-3.688776,Low
Bilibili|2024-Q2|beauty|200k-500k,Bilibili,2024-Q2,beauty,200k-500k,68,93,0.1991162444,0.1986969166,1.0021103889,0.0004193278,0.0296881969,0.0294960017,1.0065159739,0.0001921952,10117.220588,10105.462366,1.0011635512,11.758223,Low
Bilibili|2024-Q2|beauty|500k+,Bilibili,2024-Q2,beauty,500k+,105,141,0.1991381455,0.1995962956,0.9977046165,-0.0004581500,0.0298619687,0.0298682980,0.9997880925,-0.0000063293,10109.552381,10090.765957,1.0018617441,18.786424,Medium
Bilibili|2024-Q2|beauty|50k-200k,Bilibili,2024-Q2,beauty,50k-200k,43,48,0.1980217264,0.1973996973,1.0031511150,0.0006220291,0.0293933674,0.0296970077,0.9897753907,-0.0003036403,10101.162791,10097.562500,1.0003565505,3.600291,Low
Bilibili|2024-Q2|lifestyle|200k-500k,Bilibili,2024-Q2,lifestyle,200k-500k,58,91,0.1990305178,0.1986507513,1.0019117292,0.0003797664,0.0293490268,0.0295966214,0.9916343608,-0.0002475947,10099.017241,10107.604396,0.9991504264,-8.587154,Low
Bilibili|2024-Q2|lifestyle|500k+,Bilibili,2024-Q2,lifestyle,500k+,112,132,0.1990778108,0.1996650240,0.9970590083,-0.0005872132,0.0297441350,0.0297401847,1.0001328264,0.0000039503,10097.080357,10093.924242,1.0003126747,3.156115,Medium
Bilibili|2024-Q2|tech|200k-500k,Bilibili,2024-Q2,tech,200k-500k,38,49,0.1986700181,0.1991964455,0.9973572452,-0.0005264274,0.0297551554,0.0300406964,0.9904948632,-0.0002855409,10098.631579,10108.591837,0.9990146741,-9.960258,Low
Bilibili|2024-Q2|tech|500k+,Bilibili,2024-Q2,tech,500k+,51,81,0.1986920412,0.1998545722,0.9941831157,-0.0011625309,0.0298774192,0.0294434205,1.0147400916,0.0004339987,10082.882353,10089.469136,0.9993471626,-6.586783,Low
Bilibili|2024-Q3|beauty|200k-500k,Bilibili,2024-Q3,beauty,200k-500k,60,92,0.2003862099,0.1997322707,1.0032740790,0.0006539392,0.0299498526,0.0298001643,1.0050230711,0.0001496883,10096.983333,10080.250000,1.0016600117,16.733333,Low
Bilibili|2024-Q3|beauty|500k+,Bilibili,2024-Q3,beauty,500k+,113,174,0.1985670901,0.1991798855,0.9969234073,-0.0006127954,0.0296517159,0.0298617348,0.9929669582,-0.0002100188,10103.938053,10114.511494,0.9989546266,-10.573441,Medium
Bilibili|2024-Q3|beauty|50k-200k,Bilibili,2024-Q3,beauty,50k-200k,35,41,0.1990132611,0.1986815526,1.0016695484,0.0003317085,0.0300572513,0.0294313824,1.0212653583,0.0006258689,10111.257143,10096.707317,1.0014410466,14.549826,Low
Bilibili|2024-Q3|lifestyle|200k-500k,Bilibili,2024-Q3,lifestyle,200k-500k,80,92,0.1995457359,0.1988565414,1.0034657877,0.0006891946,0.0298581938,0.0296458094,1.0071640601,0.0002123844,10105.925000,10097.423913,1.0008419065,8.501087,Medium
Bilibili|2024-Q3|lifestyle|500k+,Bilibili,2024-Q3,lifestyle,500k+,125,141,0.1992964043,0.1993460804,0.9997508048,-0.0000496761,0.0299042116,0.0296723610,1.0078136898,0.0002318506,10102.920000,10097.361702,1.0005504703,5.558298,Low
Bilibili|2024-Q3|lifestyle|50k-200k,Bilibili,2024-Q3,lifestyle,50k-200k,31,43,0.1978083357,0.2002491012,0.9878113538,-0.0024407654,0.0287693386,0.0296739654,0.9695144596,-0.0009046269,10113.903226,10102.720930,1.0011068598,11.182296,Low
Bilibili|2024-Q3|tech|200k-500k,Bilibili,2024-Q3,tech,200k-500k,36,49,0.2004621606,0.1993569092,1.0055440838,0.0011052514,0.0300336985,0.0295166120,1.0175184926,0.0005170865,10072.111111,10075.938776,0.9996201183,-3.827664,Low
Bilibili|2024-Q3|tech|500k+,Bilibili,2024-Q3,tech,500k+,52,73,0.1981838608,0.1986306770,0.9977505179,-0.0004468161,0.0295979359,0.0296075258,0.9996761005,-0.0000095899,10118.423077,10117.136986,1.0001271200,1.286091,Low
Bilibili|2024-Q4|beauty|200k-500k,Bilibili,2024-Q4,beauty,200k-500k,63,87,0.1985110355,0.1985686125,0.9997100398,-0.0000575770,0.0293183833,0.0298175404,0.9832596155,-0.0004991571,10093.349206,10106.287356,0.9987197920,-12.938150,Low
Bilibili|2024-Q4|beauty|500k+,Bilibili,2024-Q4,beauty,500k+,130,168,0.1982753145,0.1991682143,0.9955168558,-0.0008928998,0.0294922104,0.0297567186,0.9911109763,-0.0002645082,10100.015385,10096.994048,1.0002992313,3.021337,Medium
Bilibili|2024-Q4|beauty|50k-200k,Bilibili,2024-Q4,beauty,50k-200k,30,47,0.1969266685,0.1984620631,0.9922635359,-0.0015353946,0.0291282903,0.0299333467,0.9731050346,-0.0008050563,10123.366667,10085.361702,1.0037683294,38.004965,Low
Bilibili|2024-Q4|lifestyle|200k-500k,Bilibili,2024-Q4,lifestyle,200k-500k,62,68,0.1990010533,0.1992731008,0.9986348007,-0.0002720475,0.0300756554,0.0299590808,1.0038911291,0.0001165747,10107.854839,10106.279412,1.0001558859,1.575427,Low
Bilibili|2024-Q4|lifestyle|500k+,Bilibili,2024-Q4,lifestyle,500k+,103,151,0.1994569517,0.1993010801,1.0007820915,0.0001558717,0.0296585221,0.0298959307,0.9920588315,-0.0002374086,10108.932039,10093.430464,1.0015358084,15.501575,Low
Bilibili|2024-Q4|lifestyle|50k-200k,Bilibili,2024-Q4,lifestyle,50k-200k,40,43,0.1985133771,0.2004477960,0.9903495124,-0.0019344190,0.0294200178,0.0299910477,0.9809599880,-0.0005710299,10109.450000,10100.325581,1.0009033787,9.124419,Low
Bilibili|2024-Q4|tech|200k-500k,Bilibili,2024-Q4,tech,200k-500k,31,53,0.2013075401,0.1990885124,1.0111459355,0.0022190277,0.0296742193,0.0297596364,0.9971297641,-0.0000854172,10075.419355,10112.188679,0.9963638609,-36.769324,Low
Bilibili|2024-Q4|tech|500k+,Bilibili,2024-Q4,tech,500k+,46,67,0.1996684819,0.1985245252,1.0057622941,0.0011439567,0.0294161691,0.0296273653,0.9928715836,-0.0002111962,10112.826087,10124.671642,0.9988300307,-11.845555,Low
Bilibili|2025-Q1|beauty|200k-500k,Bilibili,2025-Q1,beauty,200k-500k,59,97,0.1982128515,0.1989150385,0.9964699149,-0.0007021870,0.0296048611,0.0294281985,1.0060031723,0.0001766625,10121.016949,10095.731959,1.0025045228,25.284990,Low
Bilibili|2025-Q1|beauty|500k+,Bilibili,2025-Q1,beauty,500k+,100,146,0.1988098332,0.1987975497,1.0000617891,0.0000122835,0.0295445458,0.0297524536,0.9930120780,-0.0002079078,10105.870000,10088.452055,1.0017265231,17.417945,Low
Bilibili|2025-Q1|beauty|50k-200k,Bilibili,2025-Q1,beauty,50k-200k,31,38,0.1985829496,0.1997825379,0.9939955298,-0.0011995883,0.0294366252,0.0292050344,1.0079298247,0.0002315908,10107.322581,10117.578947,0.9989862825,-10.256367,Low
Bilibili|2025-Q1|lifestyle|200k-500k,Bilibili,2025-Q1,lifestyle,200k-500k,62,93,0.1993544792,0.1992632348,1.0004579089,0.0000912444,0.0295828389,0.0299605255,0.9873938574,-0.0003776867,10098.451613,10103.032258,0.9995466069,-4.580645,Low
Bilibili|2025-Q1|lifestyle|500k+,Bilibili,2025-Q1,lifestyle,500k+,106,146,0.1987244821,0.1993946912,0.9966387816,-0.0006702091,0.0295181880,0.0299677027,0.9850000278,-0.0004495147,10087.264151,10110.602740,0.9976916719,-23.338589,Medium
Bilibili|2025-Q1|lifestyle|50k-200k,Bilibili,2025-Q1,lifestyle,50k-200k,30,44,0.1996000660,0.1992588599,1.0017123758,0.0003412061,0.0301793541,0.0297155996,1.0156064332,0.0004637545,10094.233333,10115.818182,0.9978662281,-21.584848,Low
Bilibili|2025-Q1|tech|200k-500k,Bilibili,2025-Q1,tech,200k-500k,35,49,0.1997409330,0.1985286197,1.0061064918,0.0012123134,0.0298131623,0.0290142204,1.0275362201,0.0007989420,10112.857143,10117.591837,0.9995320335,-4.734694,Low
Bilibili|2025-Q1|tech|500k+,Bilibili,2025-Q1,tech,500k+,56,82,0.1980167475,0.1988120601,0.9959996765,-0.0007953126,0.0294593070,0.0297009450,0.9918642980,-0.0002416380,10109.642857,10098.780488,1.0010756120,10.862369,Low
Bilibili|2025-Q2|beauty|200k-500k,Bilibili,2025-Q2,beauty,200k-500k,39,62,0.1983697545,0.1994158935,0.9947539836,-0.0010461390,0.0298497588,0.0299624075,0.9962403330,-0.0001126487,10087.205128,10092.629032,0.9994625876,-5.423904,Low
Bilibili|2025-Q2|beauty|500k+,Bilibili,2025-Q2,beauty,500k+,69,102,0.1980429243,0.1991629733,0.9943762187,-0.0011200490,0.0294344044,0.0294799843,0.9984538692,-0.0000455799,10097.434783,10103.725490,0.9993773873,-6.290708,Low
Bilibili|2025-Q2|lifestyle|200k-500k,Bilibili,2025-Q2,lifestyle,200k-500k,43,57,0.1988261651,0.1988026557,1.0001182552,0.0000235095,0.0298838644,0.0297061067,1.0059838783,0.0001777577,10101.883721,10103.263158,0.9998634662,-1.379437,Low
Bilibili|2025-Q2|lifestyle|500k+,Bilibili,2025-Q2,lifestyle,500k+,78,76,0.1996921992,0.1990498530,1.0032270622,0.0006423463,0.0299287669,0.0295320053,1.0134349691,0.0003967616,10095.653846,10115.526316,0.9980354488,-19.872470,Low
Bilibili|2025-Q2|tech|500k+,Bilibili,2025-Q2,tech,500k+,38,41,0.1989299484,0.1980265713,1.0045618987,0.0009033772,0.0296457073,0.0295177843,1.0043337628,0.0001279231,10117.210526,10104.658537,1.0012421983,12.551990,Low
Instagram|2023-Q2|beauty|200k-500k,Instagram,2023-Q2,beauty,200k-500k,37,30,0.2008242789,0.1992461783,1.0079203557,0.0015781006,0.0297573903,0.0297893867,0.9989259133,-0.0000319964,10089.513514,10089.633333,0.9999881245,-0.119820,Low
Instagram|2023-Q2|beauty|500k+,Instagram,2023-Q2,beauty,500k+,53,55,0.1979324266,0.1973560869,1.0029203036,0.0005763397,0.0294988915,0.0293458783,1.0052141301,0.0001530132,10099.132075,10107.800000,0.9991424519,-8.667925,Low
Instagram|2023-Q2|lifestyle|500k+,Instagram,2023-Q2,lifestyle,500k+,36,49,0.1973168631,0.1988604703,0.9922377377,-0.0015436071,0.0291759200,0.0296824962,0.9829335049,-0.0005065762,10114.361111,10087.122449,1.0027003402,27.238662,Low
Instagram|2023-Q3|beauty|200k-500k,Instagram,2023-Q3,beauty,200k-500k,55,96,0.1980358534,0.1987874771,0.9962189586,-0.0007516237,0.0293137164,0.0295464099,0.9921244738,-0.0002326935,10114.381818,10106.750000,1.0007551209,7.631818,Low
Instagram|2023-Q3|beauty|500k+,Instagram,2023-Q3,beauty,500k+,104,163,0.1989434668,0.1994030968,0.9976949705,-0.0004596300,0.0298512984,0.0298645261,0.9995570772,-0.0000132277,10111.701923,10087.030675,1.0024458385,24.671248,Medium
Instagram|2023-Q3|lifestyle|200k-500k,Instagram,2023-Q3,lifestyle,200k-500k,66,88,0.1993483223,0.1987354411,1.0030839049,0.0006128812,0.0296840960,0.0296184831,1.0022152688,0.0000656129,10110.378788,10087.795455,1.0022386788,22.583333,Low
Instagram|2023-Q3|lifestyle|500k+,Instagram,2023-Q3,lifestyle,500k+,107,170,0.1997624170,0.1994050254,1.0017922899,0.0003573916,0.0299423709,0.0298579901,1.0028260689,0.0000843807,10096.887850,10097.711765,0.9999184058,-0.823914,Low
Instagram|2023-Q3|lifestyle|50k-200k,Instagram,2023-Q3,lifestyle,50k-200k,38,46,0.1996865520,0.1974407139,1.0113747465,0.0022458381,0.0296029786,0.0297507172,0.9950341163,-0.0001477386,10102.657895,10113.260870,0.9989515770,-10.602975,Low
Instagram|2023-Q3|tech|200k-500k,Instagram,2023-Q3,tech,200k-500k,37,41,0.2000452565,0.1980739280,1.0099524884,0.0019713285,0.0296706026,0.0291042775,1.0194584835,0.0005663251,10073.000000,10100.829268,0.9972448531,-27.829268,Low
Instagram|2023-Q3|tech|500k+,Instagram,2023-Q3,tech,500k+,49,64,0.1987639664,0.1992061593,0.9977802252,-0.0004421928,0.0294519355,0.0300305807,0.9807314692,-0.0005786452,10111.408163,10091.296875,1.0019929340,20.111288,Low
Instagram|2023-Q4|beauty|200k-500k,Instagram,2023-Q4,beauty,200k-500k,74,88,0.1989926127,0.1995647087,0.9971332811,-0.0005720959,0.0297137069,0.0297453913,0.9989348150,-0.0000316843,10100.810811,10104.306818,0.9996540082,-3.496007,Low
Instagram|2023-Q4|beauty|500k+,Instagram,2023-Q4,beauty,500k+,109,151,0.1988149844,0.1987359371,1.0003977505,0.0000790473,0.0295852626,0.0297161169,0.9955965208,-0.0001308543,10102.458716,10099.715232,1.0002716397,2.743484,Low
Instagram|2023-Q4|beauty|50k-200k,Instagram,2023-Q4,beauty,50k-200k,32,48,0.1978571363,0.1990228476,0.9941428269,-0.0011657113,0.0295213194,0.0298406490,0.9892988386,-0.0003193296,10102.593750,10096.979167,1.0005560657,5.614583,Low
Instagram|2023-Q4|lifestyle|200k-500k,Instagram,2023-Q4,lifestyle,200k-500k,63,97,0.1993474379,0.1983704039,1.0049253011,0.0009770340,0.0297966954,0.0296931626,1.0034867543,0.0001035328,10086.349206,10114.958763,0.9971715597,-28.609557,Low
Instagram|2023-Q4|lifestyle|500k+,Instagram,2023-Q4,lifestyle,500k+,126,146,0.1994774195,0.1984834763,1.0050076871,0.0009939431,0.0298522948,0.0295360808,1.0107060232,0.0003162140,10102.412698,10103.691781,0.9998734045,-1.279082,High
Instagram|2023-Q4|tech|200k-500k,Instagram,2023-Q4,tech,200k-500k,37,46,0.1988859564,0.1988937319,0.9999609064,-0.0000077755,0.0297887777,0.0297267469,1.0020866982,0.0000620308,10107.351351,10120.000000,0.9987501335,-12.648649,Low
Instagram|2023-Q4|tech|500k+,Instagram,2023-Q4,tech,500k+,55,74,0.1997468232,0.1989200224,1.0041564486,0.0008268009,0.0295862758,0.0299983827,0.9862623619,-0.0004121069,10085.945455,10096.351351,0.9989693409,-10.405897,Low
Instagram|2024-Q1|beauty|200k-500k,Instagram,2024-Q1,beauty,200k-500k,65,85,0.1984928599,0.1991929044,0.9964855953,-0.0007000445,0.0294203581,0.0297061030,0.9903809352,-0.0002857449,10106.246154,10104.023529,1.0002199742,2.222624,Low
Instagram|2024-Q1|beauty|500k+,Instagram,2024-Q1,beauty,500k+,100,132,0.1989412139,0.1986507544,1.0014621611,0.0002904594,0.0296009741,0.0297541424,0.9948522031,-0.0001531683,10091.570000,10098.378788,0.9993257544,-6.808788,Low
Instagram|2024-Q1|beauty|50k-200k,Instagram,2024-Q1,beauty,50k-200k,37,49,0.1991522663,0.2003573238,0.9939854583,-0.0012050575,0.0295809012,0.0298153933,0.9921351990,-0.0002344921,10079.432432,10095.938776,0.9983650512,-16.506343,Low
Instagram|2024-Q1|lifestyle|200k-500k,Instagram,2024-Q1,lifestyle,200k-500k,75,78,0.1986120481,0.1996044390,0.9950282123,-0.0009923909,0.0295334741,0.0301103207,0.9808422294,-0.0005768466,10096.493333,10098.012821,0.9998495261,-1.519487,Low
Instagram|2024-Q1|lifestyle|500k+,Instagram,2024-Q1,lifestyle,500k+,108,183,0.1995860808,0.1992905937,1.0014826947,0.0002954871,0.0294860902,0.0297625735,0.9907103718,-0.0002764832,10095.537037,10105.469945,0.9990170761,-9.932908,Low
Instagram|2024-Q1|lifestyle|50k-200k,Instagram,2024-Q1,lifestyle,50k-200k,30,54,0.1991678541,0.1993182490,0.9992454535,-0.0001503949,0.0294358663,0.0298562253,0.9859205568,-0.0004203590,10120.733333,10104.333333,1.0016230660,16.400000,Low
Instagram|2024-Q1|tech|200k-500k,Instagram,2024-Q1,tech,200k-500k,32,50,0.1997217517,0.1985599349,1.0058512147,0.0011618168,0.0301303677,0.0299597222,1.0056958304,0.0001706455,10100.781250,10100.520000,1.0000258650,0.261250,Low
Instagram|2024-Q1|tech|500k+,Instagram,2024-Q1,tech,500k+,70,67,0.1999355250,0.1976531845,1.0115471982,0.0022823405,0.0298890579,0.0293505141,1.0183487010,0.0005385438,10083.400000,10110.343284,0.9973350773,-26.943284,Low
Instagram|2024-Q2|beauty|200k-500k,Instagram,2024-Q2,beauty,200k-500k,53,86,0.1990053215,0.1999265688,0.9953920718,-0.0009212473,0.0291292540,0.0297965592,0.9776046221,-0.0006673052,10082.264151,10091.081395,0.9991262339,-8.817244,Low
Instagram|2024-Q2|beauty|500k+,Instagram,2024-Q2,beauty,500k+,119,149,0.1986442629,0.1985430950,1.0005095514,0.0001011679,0.0294576130,0.0296783893,0.9925610403,-0.0002207763,10119.546218,10102.469799,1.0016903213,17.076420,Low
Instagram|2024-Q2|beauty|50k-200k,Instagram,2024-Q2,beauty,50k-200k,30,40,0.1992700713,0.1985111518,1.0038230573,0.0007589195,0.0298692402,0.0297829521,1.0028972310,0.0000862881,10124.000000,10081.200000,1.0042455263,42.800000,Low
Instagram|2024-Q2|lifestyle|200k-500k,Instagram,2024-Q2,lifestyle,200k-500k,56,98,0.1989624738,0.1991829777,0.9988929580,-0.0002205039,0.0297194181,0.0300601370,0.9886654257,-0.0003407189,10091.589286,10103.265306,0.9988443320,-11.676020,Low
Instagram|2024-Q2|lifestyle|500k+,Instagram,2024-Q2,lifestyle,500k+,107,160,0.1985012338,0.1994633721,0.9951763659,-0.0009621383,0.0296469875,0.0297450894,0.9967019127,-0.0000981019,10092.364486,10098.456250,0.9993967628,-6.091764,Medium
Instagram|2024-Q2|lifestyle|50k-200k,Instagram,2024-Q2,lifestyle,50k-200k,34,44,0.1985306828,0.1976369652,1.0045220167,0.0008937177,0.0298476256,0.0292023152,1.0220979216,0.0006453105,10099.735294,10110.590909,0.9989263125,-10.855615,Low
Instagram|2024-Q2|tech|500k+,Instagram,2024-Q2,tech,500k+,67,84,0.1990328037,0.1983616508,1.0033834811,0.0006711529,0.0299365923,0.0294518126,1.0164600953,0.0004847796,10083.641791,10108.500000,0.9975408608,-24.858209,Low
Instagram|2024-Q3|beauty|200k-500k,Instagram,2024-Q3,beauty,200k-500k,84,100,0.1990255173,0.1987085129,1.0015953234,0.0003170043,0.0299500680,0.0299413347,1.0002916791,0.0000087333,10088.690476,10106.450000,0.9982427535,-17.759524,Low
Instagram|2024-Q3|beauty|500k+,Instagram,2024-Q3,beauty,500k+,110,172,0.1983507432,0.1987324838,0.9980791228,-0.0003817407,0.0298139850,0.0294478082,1.0124347733,0.0003661768,10107.472727,10114.424419,0.9993126953,-6.951691,Low
Instagram|2024-Q3|lifestyle|200k-500k,Instagram,2024-Q3,lifestyle,200k-500k,75,113,0.1991497805,0.1985752495,1.0028932659,0.0005745310,0.0297549102,0.0295981890,1.0052949574,0.0001567211,10078.826667,10110.451327,0.9968720822,-31.624661,Low
Instagram|2024-Q3|lifestyle|500k+,Instagram,2024-Q3,lifestyle,500k+,96,154,0.1995646936,0.1994799316,1.0004249148,0.0000847620,0.0297373001,0.0297508744,0.9995437349,-0.0000135743,10102.625000,10101.584416,1.0001030120,1.040584,Low
Instagram|2024-Q3|lifestyle|50k-200k,Instagram,2024-Q3,lifestyle,50k-200k,40,42,0.1985753208,0.1989680265,0.9980262877,-0.0003927056,0.0296600991,0.0296112870,1.0016484288,0.0000488121,10094.725000,10093.357143,1.0001355205,1.367857,Low
Instagram|2024-Q3|tech|500k+,Instagram,2024-Q3,tech,500k+,60,75,0.1991685539,0.1986492693,1.0026140776,0.0005192846,0.0297345543,0.0293194605,1.0141576196,0.0004150938,10114.883333,10106.000000,1.0008790158,8.883333,Low
Instagram|2024-Q4|beauty|200k-500k,Instagram,2024-Q4,beauty,200k-500k,63,97,0.1988440852,0.1985854664,1.0013023051,0.0002586189,0.0296814461,0.0299312979,0.9916524887,-0.0002498518,10101.396825,10099.309278,1.0002067020,2.087547,Low
Instagram|2024-Q4|beauty|500k+,Instagram,2024-Q4,beauty,500k+,121,150,0.1986756425,0.1997414486,0.9946640712,-0.0010658062,0.0298438222,0.0298932578,0.9983462624,-0.0000494356,10101.190083,10099.020000,1.0002148805,2.170083,Medium
Instagram|2024-Q4|beauty|50k-200k,Instagram,2024-Q4,beauty,50k-200k,37,44,0.2002000495,0.1988971904,1.0065504149,0.0013028591,0.0297547100,0.0294110916,1.0116832953,0.0003436185,10070.810811,10110.022727,0.9961214809,-39.211916,Low
Instagram|2024-Q4|lifestyle|200k-500k,Instagram,2024-Q4,lifestyle,200k-500k,75,94,0.2002738632,0.1993921530,1.0044219904,0.0008817102,0.0297485723,0.0300111267,0.9912514311,-0.0002625544,10087.626667,10105.851064,0.9981966489,-18.224397,Low
Instagram|2024-Q4|lifestyle|500k+,Instagram,2024-Q4,lifestyle,500k+,100,151,0.1989088054,0.1983578452,1.0027776074,0.0005509602,0.0296304352,0.0296535763,0.9992196200,-0.0000231411,10101.270000,10104.980132,0.9996328412,-3.710132,Medium
Instagram|2024-Q4|lifestyle|50k-200k,Instagram,2024-Q4,lifestyle,50k-200k,33,50,0.1972376018,0.1996347342,0.9879924081,-0.0023971324,0.0292733119,0.0300225759,0.9750433143,-0.0007492640,10109.818182,10099.500000,1.0010216527,10.318182,Low
Instagram|2024-Q4|tech|200k-500k,Instagram,2024-Q4,tech,200k-500k,35,41,0.1993963939,0.2008139408,0.9929409934,-0.0014175469,0.0303410744,0.0298295093,1.0171496311,0.0005115651,10106.085714,10087.951220,1.0017976390,18.134495,Low
Instagram|2024-Q4|tech|500k+,Instagram,2024-Q4,tech,500k+,56,77,0.1982047838,0.1991344910,0.9953312599,-0.0009297072,0.0295789044,0.0295513356,1.0009329137,0.0000275688,10115.267857,10090.207792,1.0024836025,25.060065,Low
Instagram|2025-Q1|beauty|200k-500k,Instagram,2025-Q1,beauty,200k-500k,77,89,0.1991685826,0.1993053846,0.9993136058,-0.0001368021,0.0295050779,0.0298885876,0.9871686895,-0.0003835097,10087.831169,10109.056180,0.9979003964,-21.225011,Low
Instagram|2025-Q1|beauty|500k+,Instagram,2025-Q1,beauty,500k+,104,144,0.1986958842,0.1988237704,0.9993567863,-0.0001278862,0.0298077761,0.0296857686,1.0041099661,0.0001220075,10101.634615,10101.430556,1.0000202011,0.204060,Low
Instagram|2025-Q1|lifestyle|200k-500k,Instagram,2025-Q1,lifestyle,200k-500k,67,92,0.1991095412,0.1981796354,1.0046922369,0.0009299058,0.0298343846,0.0298681571,0.9988692834,-0.0000337724,10097.328358,10109.304348,0.9988153498,-11.975990,Low
Instagram|2025-Q1|lifestyle|500k+,Instagram,2025-Q1,lifestyle,500k+,95,133,0.1995051721,0.1991094576,1.0019874223,0.0003957146,0.0299280842,0.0299098904,1.0006082876,0.0000181938,10096.642105,10093.443609,1.0003168885,3.198496,Low
Instagram|2025-Q1|lifestyle|50k-200k,Instagram,2025-Q1,lifestyle,50k-200k,33,33,0.1992493465,0.1989891741,1.0013074697,0.0002601723,0.0292232982,0.0300360466,0.9729408995,-0.0008127484,10089.454545,10083.696970,1.0005709787,5.757576,Low
Instagram|2025-Q1|tech|500k+,Instagram,2025-Q1,tech,500k+,55,68,0.1996150988,0.1981420724,1.0074341928,0.0014730264,0.0296327212,0.0296076799,1.0008457712,0.0000250413,10112.145455,10112.397059,0.9999751192,-0.251604,Low
Instagram|2025-Q2|beauty|200k-500k,Instagram,2025-Q2,beauty,200k-500k,33,54,0.1999740344,0.1989548127,1.0051228801,0.0010192217,0.0299034625,0.0300080623,0.9965142791,-0.0001045997,10068.545455,10112.333333,0.9956698541,-43.787879,Low
Instagram|2025-Q2|beauty|500k+,Instagram,2025-Q2,beauty,500k+,70,98,0.1988827792,0.1992033257,0.9983908578,-0.0003205465,0.0296679531,0.0300116690,0.9885472581,-0.0003437159,10107.571429,10105.275510,1.0002272000,2.295918,Low
Instagram|2025-Q2|lifestyle|500k+,Instagram,2025-Q2,lifestyle,500k+,80,78,0.1988680844,0.1992238984,0.9982139992,-0.0003558140,0.0297223925,0.0296539816,1.0023069703,0.0000684109,10097.400000,10091.576923,1.0005770235,5.823077,Low
Instagram|2025-Q2|tech|500k+,Instagram,2025-Q2,tech,500k+,37,47,0.1998912359,0.1985419953,1.0067957444,0.0013492406,0.0298550429,0.0296225651,1.0078479972,0.0002324778,10084.756757,10102.787234,0.9982152967,-18.030477,Low
RedNote|2023-Q2|beauty|500k+,RedNote,2023-Q2,beauty,500k+,43,59,0.2006044463,0.1992309171,1.0068941570,0.0013735292,0.0293178976,0.0295428701,0.9923848814,-0.0002249725,10076.441860,10087.254237,0.9989281150,-10.812377,Low
RedNote|2023-Q2|lifestyle|500k+,RedNote,2023-Q2,lifestyle,500k+,44,60,0.1984522037,0.1990892260,0.9968003177,-0.0006370223,0.0292155539,0.0297192056,0.9830529887,-0.0005036517,10098.681818,10106.433333,0.9992330118,-7.751515,Low
RedNote|2023-Q3|beauty|200k-500k,RedNote,2023-Q3,beauty,200k-500k,68,102,0.1988240328,0.1986961455,1.0006436323,0.0001278872,0.0297484913,0.0295889602,1.0053915734,0.0001595310,10123.544118,10104.480392,1.0018866606,19.063725,Low
RedNote|2023-Q3|beauty|500k+,RedNote,2023-Q3,beauty,500k+,119,147,0.1987527637,0.1983082894,1.0022413301,0.0004444743,0.0298004540,0.0295750496,1.0076214363,0.0002254044,10108.815126,10122.319728,0.9986658590,-13.504602,Medium
RedNote|2023-Q3|beauty|50k-200k,RedNote,2023-Q3,beauty,50k-200k,32,55,0.1988252240,0.1999743584,0.9942535911,-0.0011491344,0.0296585065,0.0297759265,0.9960565465,-0.0001174200,10069.406250,10106.127273,0.9963664595,-36.721023,Low
RedNote|2023-Q3|lifestyle|200k-500k,RedNote,2023-Q3,lifestyle,200k-500k,71,94,0.1986928861,0.1983993569,1.0014794869,0.0002935292,0.0299171565,0.0293817048,1.0182239838,0.0005354517,10107.225352,10105.808511,1.0001402007,1.416841,Low
RedNote|2023-Q3|lifestyle|500k+,RedNote,2023-Q3,lifestyle,500k+,113,133,0.1993736978,0.1993007913,1.0003658111,0.0000729064,0.0298908139,0.0297527702,1.0046396943,0.0001380438,10075.973451,10092.360902,0.9983762520,-16.387451,Low
RedNote|2023-Q3|lifestyle|50k-200k,RedNote,2023-Q3,lifestyle,50k-200k,33,51,0.2000834612,0.1976751243,1.0121833076,0.0024083368,0.0299230085,0.0297620842,1.0054070224,0.0001609243,10116.333333,10112.705882,1.0003587023,3.627451,Low
RedNote|2023-Q3|tech|200k-500k,RedNote,2023-Q3,tech,200k-500k,36,33,0.1989633429,0.1982375574,1.0036611905,0.0007257855,0.0299970176,0.0295372606,1.0155653216,0.0004597570,10131.027778,10112.454545,1.0018366691,18.573232,Low
RedNote|2023-Q3|tech|500k+,RedNote,2023-Q3,tech,500k+,66,74,0.1988139196,0.1983820968,1.0021767223,0.0004318227,0.0298144916,0.0297864813,1.0009403687,0.0000280103,10116.015152,10111.094595,1.0004866493,4.920557,Low
RedNote|2023-Q4|beauty|200k-500k,RedNote,2023-Q4,beauty,200k-500k,69,83,0.1992857306,0.1998486498,0.9971832724,-0.0005629192,0.0295722924,0.0295418639,1.0010300105,0.0000304284,10112.550725,10090.228916,1.0022122203,22.321809,Low
RedNote|2023-Q4|beauty|500k+,RedNote,2023-Q4,beauty,500k+,129,149,0.1991043314,0.1990114827,1.0004665497,0.0000928487,0.0295578577,0.0295342094,1.0008007066,0.0000236482,10113.232558,10101.536913,1.0011578085,11.695645,Low
RedNote|2023-Q4|beauty|50k-200k,RedNote,2023-Q4,beauty,50k-200k,37,32,0.1995382567,0.1986616054,1.0044127871,0.0008766514,0.0292506599,0.0292996573,0.9983277155,-0.0000489974,10088.378378,10149.687500,0.9939595065,-61.309122,Low
RedNote|2023-Q4|lifestyle|200k-500k,RedNote,2023-Q4,lifestyle,200k-500k,68,70,0.1986493576,0.1999736938,0.9933774479,-0.0013243362,0.0300840549,0.0297548674,1.0110633162,0.0003291875,10095.779412,10080.714286,1.0014944503,15.065126,Low
RedNote|2023-Q4|lifestyle|500k+,RedNote,2023-Q4,lifestyle,500k+,116,147,0.1996465743,0.1988890073,1.0038089933,0.0007575669,0.0298493932,0.0295910228,1.0087313763,0.0002583704,10089.120690,10099.020408,0.9990197348,-9.899719,Medium
RedNote|2023-Q4|tech|200k-500k,RedNote,2023-Q4,tech,200k-500k,31,53,0.1991662542,0.1984488924,1.0036148439,0.0007173618,0.0289156143,0.0299663775,0.9649352592,-0.0010507633,10101.129032,10109.377358,0.9991840916,-8.248326,Low
RedNote|2023-Q4|tech|500k+,RedNote,2023-Q4,tech,500k+,56,83,0.1990345859,0.1983704508,1.0033479540,0.0006641351,0.0298190641,0.0296159876,1.0068569913,0.0002030766,10104.982143,10104.024096,1.0000948183,0.958046,Low
RedNote|2024-Q1|beauty|200k-500k,RedNote,2024-Q1,beauty,200k-500k,68,88,0.1981957618,0.1987062165,0.9974311083,-0.0005104547,0.0292625058,0.0294243208,0.9945006379,-0.0001618150,10111.838235,10109.818182,1.0001998111,2.020053,Low
RedNote|2024-Q1|beauty|500k+,RedNote,2024-Q1,beauty,500k+,108,140,0.1981147861,0.1985524307,0.9977958238,-0.0004376445,0.0295084856,0.0296878412,0.9939586144,-0.0001793557,10115.648148,10099.635714,1.0015854467,16.012434,Medium
RedNote|2024-Q1|beauty|50k-200k,RedNote,2024-Q1,beauty,50k-200k,40,47,0.1983552510,0.1997240563,0.9931465177,-0.0013688053,0.0296576777,0.0293630313,1.0100346041,0.0002946464,10111.850000,10084.127660,1.0027491065,27.722340,Low
RedNote|2024-Q1|lifestyle|200k-500k,RedNote,2024-Q1,lifestyle,200k-500k,61,73,0.1986400327,0.2004700659,0.9908712896,-0.0018300332,0.0296872852,0.0298517804,0.9944896029,-0.0001644952,10108.737705,10082.013699,1.0026506616,26.724006,Low
RedNote|2024-Q1|lifestyle|500k+,RedNote,2024-Q1,lifestyle,500k+,109,164,0.1992101743,0.1994086357,0.9990047504,-0.0001984614,0.0297757423,0.0296753937,1.0033815421,0.0001003486,10106.779817,10097.304878,1.0009383631,9.474938,Low
RedNote|2024-Q1|lifestyle|50k-200k,RedNote,2024-Q1,lifestyle,50k-200k,35,44,0.2000634165,0.1988434972,1.0061350726,0.0012199193,0.0298403275,0.0292614815,1.0197818410,0.0005788460,10080.028571,10102.590909,0.9977666781,-22.562338,Low
RedNote|2024-Q1|tech|200k-500k,RedNote,2024-Q1,tech,200k-500k,32,43,0.2005923553,0.2001821071,1.0020493748,0.0004102482,0.0300291332,0.0297302799,1.0100521536,0.0002988533,10098.000000,10066.395349,1.0031396195,31.604651,Low
RedNote|2024-Q1|tech|500k+,RedNote,2024-Q1,tech,500k+,47,88,0.1997951976,0.1992837365,1.0025664970,0.0005114611,0.0300362831,0.0297419428,1.0098964728,0.0002943403,10079.638298,10104.147727,0.9975743200,-24.509429,Low
RedNote|2024-Q2|beauty|200k-500k,RedNote,2024-Q2,beauty,200k-500k,54,88,0.1996634617,0.1990784512,1.0029385925,0.0005850104,0.0297460501,0.0296204241,1.0042411938,0.0001256260,10100.222222,10105.261364,0.9995013349,-5.039141,Low
RedNote|2024-Q2|beauty|500k+,RedNote,2024-Q2,beauty,500k+,101,132,0.1986141088,0.1985716395,1.0002138735,0.0000424692,0.0297605411,0.0295556051,1.0069339136,0.0002049360,10099.871287,10105.878788,0.9994055440,-6.007501,Low
RedNote|2024-Q2|beauty|50k-200k,RedNote,2024-Q2,beauty,50k-200k,35,44,0.1987410118,0.1991483524,0.9979545873,-0.0004073406,0.0295214446,0.0296291743,0.9963640643,-0.0001077298,10100.085714,10106.977273,0.9993181385,-6.891558,Low
RedNote|2024-Q2|lifestyle|200k-500k,RedNote,2024-Q2,lifestyle,200k-500k,63,85,0.1997719989,0.1987931300,1.0049240578,0.0009788689,0.0293927878,0.0293660200,1.0009115216,0.0000267678,10096.396825,10110.247059,0.9986300796,-13.850233,Low
RedNote|2024-Q2|lifestyle|500k+,RedNote,2024-Q2,lifestyle,500k+,134,155,0.2000323786,0.1994613497,1.0028628549,0.0005710289,0.0298154178,0.0301122857,0.9901413025,-0.0002968679,10100.716418,10103.400000,0.9997343882,-2.683582,Medium
RedNote|2024-Q2|lifestyle|50k-200k,RedNote,2024-Q2,lifestyle,50k-200k,30,48,0.1989598193,0.1989701434,0.9999481126,-0.0000103240,0.0298162245,0.0294188772,1.0135065418,0.0003973473,10108.166667,10075.312500,1.0032608583,32.854167,Low
RedNote|2024-Q2|tech|500k+,RedNote,2024-Q2,tech,500k+,52,70,0.1992342755,0.1992201596,1.0000708556,0.0000141159,0.0298346793,0.0300287077,0.9935385687,-0.0001940284,10104.019231,10114.085714,0.9990047065,-10.066484,Low
RedNote|2024-Q3|beauty|200k-500k,RedNote,2024-Q3,beauty,200k-500k,62,104,0.1996062582,0.1997122766,0.9994691443,-0.0001060184,0.0300857888,0.0298191782,1.0089409097,0.0002666106,10090.306452,10083.903846,1.0006349332,6.402605,Low
RedNote|2024-Q3|beauty|500k+,RedNote,2024-Q3,beauty,500k+,122,149,0.1998399014,0.1994296929,1.0020569075,0.0004102084,0.0296752162,0.0296231616,1.0017572274,0.0000520546,10086.377049,10081.771812,1.0004567885,4.605237,Medium
RedNote|2024-Q3|beauty|50k-200k,RedNote,2024-Q3,beauty,50k-200k,48,44,0.1988789773,0.1993933321,0.9974204012,-0.0005143548,0.0297467987,0.0298998381,0.9948815958,-0.0001530395,10114.791667,10083.454545,1.0031077763,31.337121,Low
RedNote|2024-Q3|lifestyle|200k-500k,RedNote,2024-Q3,lifestyle,200k-500k,70,99,0.2002684259,0.1985694035,1.0085563150,0.0016990224,0.0298649413,0.0295475846,1.0107405282,0.0003173567,10086.885714,10096.494949,0.9990482603,-9.609235,Low
RedNote|2024-Q3|lifestyle|500k+,RedNote,2024-Q3,lifestyle,500k+,131,152,0.1986609525,0.1991518170,0.9975352242,-0.0004908646,0.0295889958,0.0297106235,0.9959062573,-0.0001216276,10104.183206,10100.763158,1.0003385931,3.420048,Medium
RedNote|2024-Q3|lifestyle|50k-200k,RedNote,2024-Q3,lifestyle,50k-200k,38,51,0.1984505928,0.1985631303,0.9994332411,-0.0001125374,0.0296377820,0.0300908230,0.9849442143,-0.0004530410,10100.473684,10124.333333,0.9976433363,-23.859649,Low
RedNote|2024-Q3|tech|200k-500k,RedNote,2024-Q3,tech,200k-500k,32,50,0.1991490271,0.1992991122,0.9992469357,-0.0001500850,0.0293819203,0.0293118596,1.0023901819,0.0000700607,10109.343750,10098.120000,1.0011114693,11.223750,Low
RedNote|2024-Q3|tech|500k+,RedNote,2024-Q3,tech,500k+,50,57,0.1988585511,0.1986458046,1.0010709844,0.0002127466,0.0296457889,0.0294443625,1.0068409168,0.0002014264,10109.380000,10074.333333,1.0034788075,35.046667,Low
RedNote|2024-Q4|beauty|200k-500k,RedNote,2024-Q4,beauty,200k-500k,78,87,0.1989694713,0.1984405489,1.0026653945,0.0005289223,0.0295704454,0.0297878714,0.9927008567,-0.0002174259,10099.384615,10105.195402,0.9994249704,-5.810787,Low
RedNote|2024-Q4|beauty|500k+,RedNote,2024-Q4,beauty,500k+,103,174,0.1989943113,0.1993889021,0.9980209990,-0.0003945908,0.0294008565,0.0298582036,0.9846826970,-0.0004573472,10091.116505,10114.367816,0.9977011602,-23.251311,Low
RedNote|2024-Q4|lifestyle|200k-500k,RedNote,2024-Q4,lifestyle,200k-500k,59,95,0.1994891426,0.1989173323,1.0028746131,0.0005718104,0.0297107979,0.0294597049,1.0085232694,0.0002510930,10078.135593,10091.873684,0.9986386977,-13.738091,Low
RedNote|2024-Q4|lifestyle|500k+,RedNote,2024-Q4,lifestyle,500k+,108,151,0.1991740777,0.1989052165,1.0013517049,0.0002688612,0.0296530857,0.0295546371,1.0033310690,0.0000984485,10096.583333,10112.403974,0.9984355213,-15.820640,Low
RedNote|2024-Q4|tech|500k+,RedNote,2024-Q4,tech,500k+,51,76,0.1984201610,0.1988992914,0.9975910901,-0.0004791305,0.0295377618,0.0297368245,0.9933058518,-0.0001990627,10126.294118,10090.657895,1.0035316055,35.636223,Low
RedNote|2025-Q1|beauty|200k-500k,RedNote,2025-Q1,beauty,200k-500k,71,97,0.1991619059,0.1981144628,1.0052870603,0.0010474431,0.0295648475,0.0294583691,1.0036145374,0.0001064784,10097.760563,10112.288660,0.9985633226,-14.528096,Low
RedNote|2025-Q1|beauty|500k+,RedNote,2025-Q1,beauty,500k+,109,158,0.1981924756,0.1983977923,0.9989651262,-0.0002053167,0.0296566307,0.0294395652,1.0073732571,0.0002170655,10100.220183,10110.449367,0.9989882563,-10.229184,Low
RedNote|2025-Q1|lifestyle|200k-500k,RedNote,2025-Q1,lifestyle,200k-500k,81,79,0.2003119253,0.1988535356,1.0073339893,0.0014583897,0.0298862369,0.0297424589,1.0048341014,0.0001437781,10078.864198,10101.189873,0.9977897974,-22.325676,Low
RedNote|2025-Q1|lifestyle|500k+,RedNote,2025-Q1,lifestyle,500k+,104,132,0.1993015135,0.1983980737,1.0045536720,0.0009034397,0.0298908909,0.0296888560,1.0068050743,0.0002020349,10086.750000,10099.787879,0.9987090938,-13.037879,Medium
RedNote|2025-Q1|lifestyle|50k-200k,RedNote,2025-Q1,lifestyle,50k-200k,36,33,0.2007915131,0.2002069634,1.0029197274,0.0005845498,0.0298407462,0.0295629397,1.0093971217,0.0002778065,10081.333333,10075.181818,1.0006105612,6.151515,Low
RedNote|2025-Q1|tech|200k-500k,RedNote,2025-Q1,tech,200k-500k,31,50,0.1972689817,0.1993216819,0.9897015708,-0.0020527002,0.0291029244,0.0299466751,0.9718248960,-0.0008437507,10091.451613,10096.660000,0.9994841475,-5.208387,Low
RedNote|2025-Q1|tech|500k+,RedNote,2025-Q1,tech,500k+,48,66,0.1985888631,0.1999314230,0.9932848980,-0.0013425599,0.0298196681,0.0300138142,0.9935314419,-0.0001941461,10121.333333,10086.636364,1.0034398950,34.696970,Low
RedNote|2025-Q2|beauty|200k-500k,RedNote,2025-Q2,beauty,200k-500k,42,62,0.1998893442,0.1986374301,1.0063025085,0.0012519141,0.0298363091,0.0294190844,1.0141821092,0.0004172247,10083.904762,10112.451613,0.9971770593,-28.546851,Low
RedNote|2025-Q2|beauty|500k+,RedNote,2025-Q2,beauty,500k+,76,82,0.1988758819,0.1993916333,0.9974133750,-0.0005157514,0.0298469349,0.0298853107,0.9987158963,-0.0000383758,10098.171053,10104.134146,0.9994098362,-5.963094,Low
RedNote|2025-Q2|lifestyle|200k-500k,RedNote,2025-Q2,lifestyle,200k-500k,49,52,0.1994761628,0.2002329544,0.9962204440,-0.0007567917,0.0299437173,0.0293465581,1.0203485286,0.0005971593,10107.510204,10079.769231,1.0027521437,27.740973,Low
RedNote|2025-Q2|lifestyle|500k+,RedNote,2025-Q2,lifestyle,500k+,68,86,0.1990654524,0.1991317431,0.9996671012,-0.0000662907,0.0297091891,0.0297712819,0.9979143377,-0.0000620928,10107.926471,10112.220930,0.9995753198,-4.294460,Low
TikTok|2023-Q2|beauty|500k+,TikTok,2023-Q2,beauty,500k+,34,47,0.2007684321,0.1996531865,1.0055859146,0.0011152456,0.0301934925,0.0294464169,1.0253706799,0.0007470756,10110.705882,10096.893617,1.0013679718,13.812265,Low
TikTok|2023-Q2|lifestyle|500k+,TikTok,2023-Q2,lifestyle,500k+,44,51,0.1985851621,0.1991596780,0.9971153004,-0.0005745158,0.0298317512,0.0293892491,1.0150565972,0.0004425021,10107.636364,10075.254902,1.0032139595,32.381462,Low
TikTok|2023-Q3|beauty|200k-500k,TikTok,2023-Q3,beauty,200k-500k,58,84,0.1991848734,0.1984281742,1.0038134661,0.0007566991,0.0296745616,0.0294667548,1.0070522462,0.0002078068,10115.465517,10110.773810,1.0004640305,4.691708,Low
TikTok|2023-Q3|beauty|500k+,TikTok,2023-Q3,beauty,500k+,108,150,0.1996252943,0.1998000824,0.9991251850,-0.0001747881,0.0300338439,0.0298766091,1.0052628065,0.0001572348,10098.731481,10095.126667,1.0003570847,3.604815,Low
TikTok|2023-Q3|lifestyle|200k-500k,TikTok,2023-Q3,lifestyle,200k-500k,55,93,0.1987675698,0.1990484774,0.9985887478,-0.0002809076,0.0298408209,0.0298015823,1.0013166636,0.0000392387,10110.018182,10084.827957,1.0024978339,25.190225,Low
TikTok|2023-Q3|lifestyle|500k+,TikTok,2023-Q3,lifestyle,500k+,126,133,0.1993465299,0.1993129285,1.0001685865,0.0000336015,0.0297694688,0.0297659257,1.0001190324,0.0000035431,10102.468254,10097.804511,1.0004618571,4.663743,Low
TikTok|2023-Q3|lifestyle|50k-200k,TikTok,2023-Q3,lifestyle,50k-200k,45,53,0.1999571198,0.1988468961,1.0055833093,0.0011102237,0.0293412741,0.0291890650,1.0052145928,0.0001522091,10084.577778,10104.245283,0.9980535404,-19.667505,Low
TikTok|2023-Q3|tech|200k-500k,TikTok,2023-Q3,tech,200k-500k,35,48,0.1998770206,0.1976538394,1.0112478526,0.0022231813,0.0298996953,0.0291398330,1.0260764116,0.0007598623,10098.685714,10116.104167,0.9982781462,-17.418452,Low
TikTok|2023-Q3|tech|500k+,TikTok,2023-Q3,tech,500k+,60,58,0.1984253300,0.1992311286,0.9959554582,-0.0008057986,0.0300966328,0.0297646711,1.0111528769,0.0003319617,10108.316667,10121.982759,0.9986498602,-13.666092,Low
TikTok|2023-Q4|beauty|200k-500k,TikTok,2023-Q4,beauty,200k-500k,75,100,0.1994693204,0.1994595501,1.0000489836,0.0000097702,0.0296246278,0.0299367956,0.9895724394,-0.0003121677,10102.133333,10104.150000,0.9998004120,-2.016667,Low
TikTok|2023-Q4|beauty|500k+,TikTok,2023-Q4,beauty,500k+,107,135,0.1984917500,0.2000187955,0.9923654896,-0.0015270456,0.0298089996,0.0298442811,0.9988178132,-0.0000352815,10114.373832,10089.185185,1.0024965987,25.188647,Medium
TikTok|2023-Q4|lifestyle|200k-500k,TikTok,2023-Q4,lifestyle,200k-500k,69,82,0.1997356047,0.1981661983,1.0079196473,0.0015694064,0.0297472690,0.0292762295,1.0160894848,0.0004710394,10111.884058,10105.036585,1.0006776297,6.847473,Low
TikTok|2023-Q4|lifestyle|500k+,TikTok,2023-Q4,lifestyle,500k+,122,134,0.1992287893,0.1993493488,0.9993952351,-0.0001205595,0.0296340316,0.0297410217,0.9964026093,-0.0001069901,10101.713115,10107.059701,0.9994710047,-5.346587,Low
TikTok|2023-Q4|tech|500k+,TikTok,2023-Q4,tech,500k+,53,79,0.1986089486,0.1988395761,0.9988401327,-0.0002306275,0.0294207375,0.0295035549,0.9971929690,-0.0000828174,10107.773585,10095.797468,1.0011862477,11.976117,Low
TikTok|2024-Q1|beauty|200k-500k,TikTok,2024-Q1,beauty,200k-500k,72,99,0.1988497373,0.1991709301,0.9983873513,-0.0003211927,0.0295945450,0.0298569343,0.9912117810,-0.0002623893,10099.694444,10093.909091,1.0005731529,5.785354,Low
TikTok|2024-Q1|beauty|500k+,TikTok,2024-Q1,beauty,500k+,109,142,0.1979958585,0.1988943122,0.9954827580,-0.0008984537,0.0297005718,0.0296470088,1.0018066917,0.0000535630,10095.541284,10098.640845,0.9996930715,-3.099561,Medium
TikTok|2024-Q1|beauty|50k-200k,TikTok,2024-Q1,beauty,50k-200k,44,36,0.1988746629,0.1997238724,0.9957480820,-0.0008492095,0.0297095848,0.0295763084,1.0045061878,0.0001332764,10126.727273,10127.444444,0.9999291853,-0.717172,Low
TikTok|2024-Q1|lifestyle|200k-500k,TikTok,2024-Q1,lifestyle,200k-500k,63,88,0.1986038420,0.1991722351,0.9971462230,-0.0005683931,0.0293722080,0.0298740113,0.9832026809,-0.0005018033,10103.444444,10081.090909,1.0022173727,22.353535,Low
TikTok|2024-Q1|lifestyle|500k+,TikTok,2024-Q1,lifestyle,500k+,100,166,0.1995217652,0.1987011802,1.0041297440,0.0008205850,0.0295977999,0.0296882226,0.9969542571,-0.0000904227,10109.510000,10110.042169,0.9999473624,-0.532169,Medium
TikTok|2024-Q1|tech|500k+,TikTok,2024-Q1,tech,500k+,50,74,0.1994100665,0.1990445473,1.0018363683,0.0003655191,0.0299127195,0.0298709234,1.0013992253,0.0000417962,10100.620000,10088.500000,1.0012013679,12.120000,Low
TikTok|2024-Q2|beauty|200k-500k,TikTok,2024-Q2,beauty,200k-500k,58,100,0.1988501787,0.1993813835,0.9973357353,-0.0005312048,0.0291836062,0.0297318168,0.9815614843,-0.0005482106,10094.586207,10093.620000,1.0000957245,0.966207,Low
TikTok|2024-Q2|beauty|500k+,TikTok,2024-Q2,beauty,500k+,105,147,0.1990221779,0.1995275932,0.9974669403,-0.0005054153,0.0296110580,0.0298141079,0.9931894696,-0.0002030499,10095.638095,10092.585034,1.0003025054,3.053061,Medium
TikTok|2024-Q2|beauty|50k-200k,TikTok,2024-Q2,beauty,50k-200k,35,37,0.1991561904,0.1984372433,1.0036230452,0.0007189471,0.0300133030,0.0291913270,1.0281582262,0.0008219760,10100.800000,10069.108108,1.0031474378,31.691892,Low
TikTok|2024-Q2|lifestyle|200k-500k,TikTok,2024-Q2,lifestyle,200k-500k,81,110,0.1991736796,0.1988492739,1.0016314152,0.0003244057,0.0296995826,0.0296743386,1.0008507015,0.0000252440,10097.938272,10091.536364,1.0006343839,6.401908,Low
TikTok|2024-Q2|lifestyle|500k+,TikTok,2024-Q2,lifestyle,500k+,127,141,0.1989160699,0.1996075919,0.9965355928,-0.0006915220,0.0298372214,0.0297910051,1.0015513531,0.0000462164,10103.952756,10089.184397,1.0014637812,14.768359,Medium
TikTok|2024-Q2|lifestyle|50k-200k,TikTok,2024-Q2,lifestyle,50k-200k,42,42,0.1970200094,0.1989278333,0.9904094674,-0.0019078239,0.0298519370,0.0294500511,1.0136463544,0.0004018858,10124.142857,10123.595238,1.0000540933,0.547619,Low
TikTok|2024-Q2|tech|200k-500k,TikTok,2024-Q2,tech,200k-500k,32,49,0.1992219368,0.1988249580,1.0019966247,0.0003969788,0.0300975385,0.0299518917,1.0048626897,0.0001456468,10109.468750,10092.306122,1.0017005655,17.162628,Low
TikTok|2024-Q2|tech|500k+,TikTok,2024-Q2,tech,500k+,66,60,0.1986335924,0.1992768420,0.9967720808,-0.0006432495,0.0297390116,0.0298285451,0.9969983946,-0.0000895335,10102.939394,10092.450000,1.0010393308,10.489394,Low
TikTok|2024-Q3|beauty|200k-500k,TikTok,2024-Q3,beauty,200k-500k,78,112,0.1993946847,0.1987250976,1.0033694139,0.0006695871,0.0296372126,0.0298475357,0.9929534189,-0.0002103231,10097.679487,10092.026786,1.0005601156,5.652701,Low
TikTok|2024-Q3|beauty|500k+,TikTok,2024-Q3,beauty,500k+,105,145,0.1986409700,0.2002274759,0.9920764824,-0.0015865059,0.0296794501,0.0299788933,0.9900115313,-0.0002994432,10100.657143,10093.496552,1.0007094262,7.160591,Medium
TikTok|2024-Q3|beauty|50k-200k,TikTok,2024-Q3,beauty,50k-200k,32,47,0.1979778974,0.1981702357,0.9990294290,-0.0001923383,0.0293066435,0.0296630338,0.9879853703,-0.0003563904,10124.468750,10090.914894,1.0033251550,33.553856,Low
TikTok|2024-Q3|lifestyle|200k-500k,TikTok,2024-Q3,lifestyle,200k-500k,66,88,0.1985814347,0.1978552160,1.0036704554,0.0007262188,0.0296106804,0.0297852133,0.9941402818,-0.0001745330,10110.136364,10122.011364,0.9988268142,-11.875000,Low
TikTok|2024-Q3|lifestyle|500k+,TikTok,2024-Q3,lifestyle,500k+,102,151,0.1992825621,0.1989262613,1.0017911197,0.0003563007,0.0297240260,0.0297796111,0.9981334498,-0.0000555851,10111.431373,10093.099338,1.0018162939,18.332035,Low
TikTok|2024-Q3|tech|500k+,TikTok,2024-Q3,tech,500k+,61,71,0.1979059891,0.1992910558,0.9930500307,-0.0013850667,0.0294537680,0.0300334341,0.9806993061,-0.0005796661,10113.360656,10108.239437,1.0005066381,5.121219,Low
TikTok|2024-Q4|beauty|200k-500k,TikTok,2024-Q4,beauty,200k-500k,73,95,0.1995798746,0.1985919345,1.0049747242,0.0009879401,0.0297021328,0.0296598369,1.0014260344,0.0000422959,10077.424658,10097.768421,0.9979853208,-20.343764,Low
TikTok|2024-Q4|beauty|500k+,TikTok,2024-Q4,beauty,500k+,96,172,0.1985096178,0.1990777265,0.9971462969,-0.0005681087,0.0296913482,0.0296116559,1.0026912482,0.0000796923,10120.635417,10092.767442,1.0027611827,27.867975,Medium
TikTok|2024-Q4|lifestyle|200k-500k,TikTok,2024-Q4,lifestyle,200k-500k,79,112,0.1988050026,0.1988132036,0.9999587504,-0.0000082010,0.0297459215,0.0295447513,1.0068090002,0.0002011702,10095.784810,10102.330357,0.9993520755,-6.545547,Low
TikTok|2024-Q4|lifestyle|500k+,TikTok,2024-Q4,lifestyle,500k+,103,146,0.1987424352,0.1989202371,0.9991061648,-0.0001778019,0.0294590508,0.0296324267,0.9941491162,-0.0001733759,10102.349515,10114.102740,0.9988379369,-11.753225,Low
TikTok|2024-Q4|lifestyle|50k-200k,TikTok,2024-Q4,lifestyle,50k-200k,37,39,0.1972967553,0.1998098548,0.9874225449,-0.0025130995,0.0292378740,0.0294780542,0.9918522377,-0.0002401802,10100.702703,10103.974359,0.9996762011,-3.271656,Low
TikTok|2024-Q4|tech|200k-500k,TikTok,2024-Q4,tech,200k-500k,38,41,0.1988043250,0.1997695056,0.9951685291,-0.0009651806,0.0298249862,0.0296616580,1.0055063731,0.0001633282,10080.315789,10090.560976,0.9989846763,-10.245186,Low
TikTok|2024-Q4|tech|500k+,TikTok,2024-Q4,tech,500k+,54,73,0.1989455203,0.1990702318,0.9993735300,-0.0001247115,0.0296907006,0.0295455208,1.0049137668,0.0001451798,10082.277778,10092.301370,0.9990068081,-10.023592,Low
TikTok|2025-Q1|beauty|200k-500k,TikTok,2025-Q1,beauty,200k-500k,71,91,0.1984240223,0.1987496304,0.9983617176,-0.0003256080,0.0296366867,0.0295009861,1.0045998657,0.0001357006,10104.943662,10098.032967,1.0006843605,6.910695,Low
TikTok|2025-Q1|beauty|500k+,TikTok,2025-Q1,beauty,500k+,111,131,0.1996311438,0.1989530854,1.0034081324,0.0006780585,0.0297782800,0.0293577314,1.0143249686,0.0004205486,10096.279279,10097.595420,0.9998696580,-1.316141,Medium
TikTok|2025-Q1|lifestyle|200k-500k,TikTok,2025-Q1,lifestyle,200k-500k,61,89,0.1991721885,0.1990475949,1.0006259486,0.0001245936,0.0299238106,0.0294180280,1.0171929470,0.0005057826,10087.131148,10098.157303,0.9989081022,-11.026156,Low
TikTok|2025-Q1|lifestyle|500k+,TikTok,2025-Q1,lifestyle,500k+,94,146,0.1993226006,0.1986801303,1.0032336917,0.0006424703,0.0297286896,0.0295753625,1.0051842853,0.0001533271,10106.202128,10103.520548,1.0002654104,2.681580,Medium
TikTok|2025-Q1|lifestyle|50k-200k,TikTok,2025-Q1,lifestyle,50k-200k,37,36,0.1992592273,0.1993099855,0.9997453303,-0.0000507582,0.0303275959,0.0295522548,1.0262362739,0.0007753411,10122.972973,10106.777778,1.0016024093,16.195195,Low
TikTok|2025-Q1|tech|200k-500k,TikTok,2025-Q1,tech,200k-500k,37,37,0.2003447707,0.2002479554,1.0004834772,0.0000968153,0.0300684145,0.0295672494,1.0169500091,0.0005011651,10103.162162,10097.297297,1.0005808351,5.864865,Low
TikTok|2025-Q1|tech|500k+,TikTok,2025-Q1,tech,500k+,50,69,0.1978808968,0.1995936438,0.9914188296,-0.0017127471,0.0294998295,0.0296452862,0.9950934296,-0.0001454567,10113.460000,10106.985507,1.0006405958,6.474493,Low
TikTok|2025-Q2|beauty|200k-500k,TikTok,2025-Q2,beauty,200k-500k,49,66,0.1989175947,0.1985174553,1.0020156386,0.0004001394,0.0294021693,0.0296107022,0.9929575135,-0.0002085330,10111.244898,10102.621212,1.0008536087,8.623686,Low
TikTok|2025-Q2|beauty|500k+,TikTok,2025-Q2,beauty,500k+,81,84,0.1989423936,0.1993579739,0.9979154065,-0.0004155803,0.0297379398,0.0298200130,0.9972477146,-0.0000820732,10108.765432,10112.797619,0.9996012788,-4.032187,Medium
TikTok|2025-Q2|lifestyle|200k-500k,TikTok,2025-Q2,lifestyle,200k-500k,51,52,0.1987796458,0.1983063938,1.0023864685,0.0004732520,0.0292886939,0.0295159277,0.9923013163,-0.0002272338,10079.215686,10092.134615,0.9987199012,-12.918929,Low
TikTok|2025-Q2|lifestyle|500k+,TikTok,2025-Q2,lifestyle,500k+,79,87,0.1980380351,0.1989112127,0.9956102142,-0.0008731776,0.0294095014,0.0296983222,0.9902748428,-0.0002888209,10109.189873,10102.551724,1.0006570765,6.638149,Low
TikTok|2025-Q2|tech|500k+,TikTok,2025-Q2,tech,500k+,41,54,0.1991622492,0.1990434565,1.0005968178,0.0001187927,0.0299647722,0.0301904285,0.9925255677,-0.0002256563,10083.560976,10105.629630,0.9978162020,-22.068654,Low
YouTube|2023-Q2|beauty|500k+,YouTube,2023-Q2,beauty,500k+,39,57,0.1985618536,0.1984571846,1.0005274134,0.0001046690,0.0296171299,0.0292075363,1.0140235572,0.0004095936,10100.461538,10092.473684,1.0007914664,7.987854,Low
YouTube|2023-Q2|lifestyle|500k+,YouTube,2023-Q2,lifestyle,500k+,52,65,0.1990009301,0.1995820548,0.9970882922,-0.0005811246,0.0298595025,0.0298851373,0.9991422224,-0.0000256348,10091.461538,10102.476923,0.9989096353,-11.015385,Low
YouTube|2023-Q3|beauty|200k-500k,YouTube,2023-Q3,beauty,200k-500k,81,80,0.1994143140,0.2001661409,0.9962439856,-0.0007518269,0.0300489862,0.0299154289,1.0044644974,0.0001335574,10093.111111,10098.325000,0.9994836878,-5.213889,Medium
YouTube|2023-Q3|beauty|500k+,YouTube,2023-Q3,beauty,500k+,96,138,0.1988108572,0.1991400096,0.9983471306,-0.0003291524,0.0294836848,0.0298104087,0.9890399378,-0.0003267239,10095.177083,10099.326087,0.9995891802,-4.149004,Low
YouTube|2023-Q3|lifestyle|200k-500k,YouTube,2023-Q3,lifestyle,200k-500k,69,97,0.1981870598,0.1993988231,0.9939229169,-0.0012117632,0.0294733603,0.0299413954,0.9843682939,-0.0004680351,10091.608696,10086.371134,1.0005192712,5.237562,Low
YouTube|2023-Q3|lifestyle|500k+,YouTube,2023-Q3,lifestyle,500k+,93,148,0.1986660532,0.1994938561,0.9958504840,-0.0008278030,0.0295040458,0.0296035468,0.9966388831,-0.0000995010,10105.419355,10096.885135,1.0008452329,8.534220,Medium
YouTube|2023-Q3|lifestyle|50k-200k,YouTube,2023-Q3,lifestyle,50k-200k,31,35,0.2004845109,0.1991380173,1.0067616103,0.0013464937,0.0299237490,0.0299652457,0.9986151750,-0.0000414966,10095.645161,10085.057143,1.0010498719,10.588018,Low
YouTube|2023-Q3|tech|200k-500k,YouTube,2023-Q3,tech,200k-500k,38,40,0.1990807569,0.1985050685,1.0029001197,0.0005756885,0.0296336232,0.0289441665,1.0238202302,0.0006894567,10063.000000,10103.250000,0.9960161334,-40.250000,Low
YouTube|2023-Q3|tech|500k+,YouTube,2023-Q3,tech,500k+,58,76,0.1985368652,0.1981000365,1.0022050912,0.0004368286,0.0297269970,0.0295116490,1.0072970507,0.0002153480,10101.758621,10085.960526,1.0015663451,15.798094,Low
YouTube|2023-Q4|beauty|200k-500k,YouTube,2023-Q4,beauty,200k-500k,57,94,0.1984276861,0.1988212642,0.9980204423,-0.0003935782,0.0294324967,0.0292828346,1.0051109185,0.0001496622,10079.368421,10091.670213,0.9987809955,-12.301792,Low
YouTube|2023-Q4|beauty|500k+,YouTube,2023-Q4,beauty,500k+,107,156,0.1989298408,0.1996700608,0.9962927846,-0.0007402199,0.0297250227,0.0298987986,0.9941878642,-0.0001737759,10101.056075,10104.608974,0.9996483882,-3.552900,Medium
YouTube|2023-Q4|beauty|50k-200k,YouTube,2023-Q4,beauty,50k-200k,38,42,0.1985068914,0.1994133479,0.9954543841,-0.0009064565,0.0298414309,0.0297679083,1.0024698615,0.0000735226,10099.815789,10073.000000,1.0026621453,26.815789,Low
YouTube|2023-Q4|lifestyle|200k-500k,YouTube,2023-Q4,lifestyle,200k-500k,64,94,0.1997337537,0.1992385275,1.0024855946,0.0004952262,0.0299698762,0.0297598812,1.0070563128,0.0002099950,10121.265625,10096.521277,1.0024507796,24.744348,Low
YouTube|2023-Q4|lifestyle|500k+,YouTube,2023-Q4,lifestyle,500k+,114,163,0.1986272637,0.1984622101,1.0008316626,0.0001650536,0.0298475014,0.0295798738,1.0090476248,0.0002676276,10096.271930,10092.975460,1.0003266103,3.296470,Low
YouTube|2023-Q4|lifestyle|50k-200k,YouTube,2023-Q4,lifestyle,50k-200k,39,40,0.1994680254,0.1969117089,1.0129820438,0.0025563164,0.0300737892,0.0292493040,1.0281882005,0.0008244852,10084.128205,10102.600000,0.9981715801,-18.471795,Low
YouTube|2023-Q4|tech|200k-500k,YouTube,2023-Q4,tech,200k-500k,35,42,0.1991631816,0.1978325599,1.0067259995,0.0013306217,0.0296782275,0.0295655408,1.0038114203,0.0001126867,10087.800000,10120.857143,0.9967337606,-33.057143,Low
YouTube|2023-Q4|tech|500k+,YouTube,2023-Q4,tech,500k+,54,69,0.1999031054,0.1994336253,1.0023540672,0.0004694801,0.0298346602,0.0298755560,0.9986311293,-0.0000408958,10069.092593,10118.217391,0.9951449157,-49.124799,Low
YouTube|2024-Q1|beauty|200k-500k,YouTube,2024-Q1,beauty,200k-500k,64,103,0.1995232180,0.1990207607,1.0025246478,0.0005024573,0.0297360752,0.0296605768,1.0025454150,0.0000754985,10110.421875,10099.339806,1.0010973063,11.082069,Low
YouTube|2024-Q1|beauty|500k+,YouTube,2024-Q1,beauty,500k+,134,164,0.2000628352,0.1988455160,1.0061219342,0.0012173192,0.0296591160,0.0297892166,0.9956326296,-0.0001301005,10086.522388,10098.542683,0.9988097000,-12.020295,Medium
YouTube|2024-Q1|lifestyle|200k-500k,YouTube,2024-Q1,lifestyle,200k-500k,71,83,0.1985101612,0.1988367615,0.9983574453,-0.0003266003,0.0296159326,0.0297246691,0.9963418770,-0.0001087365,10110.718310,10104.927711,1.0005730471,5.790599,Low
YouTube|2024-Q1|lifestyle|500k+,YouTube,2024-Q1,lifestyle,500k+,92,161,0.1988929797,0.1986178168,1.0013853890,0.0002751629,0.0295152889,0.0297599652,0.9917783415,-0.0002446763,10108.978261,10113.981366,0.9995053278,-5.003106,Low
YouTube|2024-Q1|lifestyle|50k-200k,YouTube,2024-Q1,lifestyle,50k-200k,42,44,0.1983211087,0.1985088721,0.9990541311,-0.0001877634,0.0295258562,0.0296483555,0.9958682592,-0.0001224993,10105.619048,10125.113636,0.9980746301,-19.494589,Low
YouTube|2024-Q1|tech|500k+,YouTube,2024-Q1,tech,500k+,38,76,0.2005488918,0.1983550472,1.0110601905,0.0021938446,0.0300409672,0.0294446476,1.0202522239,0.0005963196,10079.947368,10120.552632,0.9959878413,-40.605263,Low
YouTube|2024-Q2|beauty|200k-500k,YouTube,2024-Q2,beauty,200k-500k,78,79,0.1996931839,0.1993476498,1.0017333241,0.0003455341,0.0299182022,0.0299882582,0.9976638854,-0.0000700560,10102.038462,10102.177215,0.9999862650,-0.138754,Low
YouTube|2024-Q2|beauty|500k+,YouTube,2024-Q2,beauty,500k+,103,154,0.1984684142,0.1987805115,0.9984299403,-0.0003120973,0.0297380519,0.0297944748,0.9981062608,-0.0000564230,10116.699029,10086.467532,1.0029972333,30.231497,Low
YouTube|2024-Q2|beauty|50k-200k,YouTube,2024-Q2,beauty,50k-200k,33,46,0.2001311639,0.1997260141,1.0020285275,0.0004051497,0.0301379122,0.0297516442,1.0129830781,0.0003862679,10094.242424,10074.195652,1.0019899129,20.046772,Low
YouTube|2024-Q2|lifestyle|200k-500k,YouTube,2024-Q2,lifestyle,200k-500k,64,103,0.1985661601,0.1989884312,0.9978779115,-0.0004222711,0.0297372306,0.0296381510,1.0033429740,0.0000990796,10097.875000,10109.252427,0.9988745531,-11.377427,Low
YouTube|2024-Q2|lifestyle|500k+,YouTube,2024-Q2,lifestyle,500k+,125,140,0.1992707474,0.1990036042,1.0013424038,0.0002671432,0.0294251701,0.0296628213,0.9919882446,-0.0002376513,10092.048000,10103.521429,0.9988644129,-11.473429,Low
YouTube|2024-Q2|tech|200k-500k,YouTube,2024-Q2,tech,200k-500k,42,51,0.1981179514,0.1987296559,0.9969219262,-0.0006117045,0.0293796961,0.0296544224,0.9907357398,-0.0002747263,10107.571429,10097.196078,1.0010275477,10.375350,Low
YouTube|2024-Q2|tech|500k+,YouTube,2024-Q2,tech,500k+,50,61,0.1981786143,0.1992292448,0.9947265247,-0.0010506305,0.0295021165,0.0296178246,0.9960932934,-0.0001157082,10124.380000,10116.278689,1.0008008193,8.101311,Low
YouTube|2024-Q3|beauty|200k-500k,YouTube,2024-Q3,beauty,200k-500k,69,91,0.1982512388,0.2001934563,0.9902982964,-0.0019422176,0.0295621788,0.0299340803,0.9875759809,-0.0003719016,10112.521739,10084.901099,1.0027388112,27.620640,Low
YouTube|2024-Q3|beauty|500k+,YouTube,2024-Q3,beauty,500k+,126,168,0.1992287204,0.1980683736,1.0058583141,0.0011603467,0.0299408046,0.0295515574,1.0131717981,0.0003892471,10094.952381,10124.309524,0.9971003314,-29.357143,High
YouTube|2024-Q3|beauty|50k-200k,YouTube,2024-Q3,beauty,50k-200k,40,43,0.1973534606,0.1979566570,0.9969528861,-0.0006031965,0.0290075715,0.0295891016,0.9803464745,-0.0005815302,10101.200000,10122.627907,0.9978831676,-21.427907,Low
YouTube|2024-Q3|lifestyle|200k-500k,YouTube,2024-Q3,lifestyle,200k-500k,71,85,0.1990765483,0.1990675997,1.0000449525,0.0000089486,0.0297698634,0.0297555964,1.0004794736,0.0000142670,10090.126761,10104.152941,0.9986118400,-14.026181,Low
YouTube|2024-Q3|lifestyle|500k+,YouTube,2024-Q3,lifestyle,500k+,136,127,0.1988983666,0.2000039572,0.9944721564,-0.0011055906,0.0297137062,0.0300046015,0.9903049776,-0.0002908953,10108.772059,10096.330709,1.0012322645,12.441350,High
YouTube|2024-Q3|lifestyle|50k-200k,YouTube,2024-Q3,lifestyle,50k-200k,31,39,0.1980715590,0.1999294006,0.9907075119,-0.0018578416,0.0292644098,0.0300501843,0.9738512592,-0.0007857745,10090.806452,10102.743590,0.9988184261,-11.937138,Low
YouTube|2024-Q3|tech|500k+,YouTube,2024-Q3,tech,500k+,59,71,0.1978048854,0.1997139822,0.9904408456,-0.0019090968,0.0294996389,0.0299722404,0.9842320259,-0.0004726015,10111.559322,10094.633803,1.0016766848,16.925519,Low
YouTube|2024-Q4|beauty|200k-500k,YouTube,2024-Q4,beauty,200k-500k,59,107,0.1982263458,0.1987936105,0.9971464645,-0.0005672646,0.0298025573,0.0299090853,0.9964382710,-0.0001065281,10122.220339,10106.785047,1.0015272208,15.435292,Low
YouTube|2024-Q4|beauty|500k+,YouTube,2024-Q4,beauty,500k+,118,144,0.1988962222,0.1993270925,0.9978383760,-0.0004308702,0.0297473338,0.0297248010,1.0007580462,0.0000225328,10098.271186,10111.520833,0.9986896485,-13.249647,Medium
YouTube|2024-Q4|beauty|50k-200k,YouTube,2024-Q4,beauty,50k-200k,39,48,0.1998691803,0.2002842697,0.9979274986,-0.0004150894,0.0295059192,0.0299094783,0.9865073194,-0.0004035590,10083.000000,10091.958333,0.9991123295,-8.958333,Low
YouTube|2024-Q4|lifestyle|200k-500k,YouTube,2024-Q4,lifestyle,200k-500k,66,100,0.1995749099,0.1997540125,0.9991033839,-0.0001791027,0.0298456817,0.0296008736,1.0082702994,0.0002448081,10123.439394,10079.590000,1.0043503152,43.849394,Low
YouTube|2024-Q4|lifestyle|500k+,YouTube,2024-Q4,lifestyle,500k+,94,182,0.1984099853,0.1992256353,0.9959058985,-0.0008156500,0.0294826577,0.0298704670,0.9870169658,-0.0003878093,10108.627660,10101.681319,1.0006876421,6.946341,Medium
YouTube|2024-Q4|tech|200k-500k,YouTube,2024-Q4,tech,200k-500k,37,47,0.1984465215,0.1998137560,0.9931574560,-0.0013672344,0.0295214192,0.0299962270,0.9841710842,-0.0004748078,10105.513514,10086.000000,1.0019347128,19.513514,Low
YouTube|2024-Q4|tech|500k+,YouTube,2024-Q4,tech,500k+,54,74,0.1988943115,0.1987956929,1.0004960802,0.0000986186,0.0299529210,0.0299020572,1.0017010130,0.0000508638,10115.703704,10111.972973,1.0003689419,3.730731,Low
YouTube|2025-Q1|beauty|200k-500k,YouTube,2025-Q1,beauty,200k-500k,69,91,0.1993290549,0.1986367771,1.0034851444,0.0006922778,0.0295296662,0.0296644398,0.9954567280,-0.0001347736,10094.333333,10108.604396,0.9985882263,-14.271062,Low
YouTube|2025-Q1|beauty|500k+,YouTube,2025-Q1,beauty,500k+,108,134,0.1995197054,0.1986908285,1.0041716920,0.0008288769,0.0297629745,0.0296027673,1.0054118987,0.0001602072,10095.629630,10098.044776,0.9997608303,-2.415146,Medium
YouTube|2025-Q1|beauty|50k-200k,YouTube,2025-Q1,beauty,50k-200k,33,32,0.1991317292,0.2018004283,0.9867755528,-0.0026686991,0.0303942972,0.0301141270,1.0093036153,0.0002801703,10104.575758,10063.656250,1.0040660677,40.919508,Low
YouTube|2025-Q1|lifestyle|200k-500k,YouTube,2025-Q1,lifestyle,200k-500k,75,78,0.1998531146,0.1986780921,1.0059142028,0.0011750225,0.0299507628,0.0301977278,0.9918217384,-0.0002469649,10086.333333,10106.153846,0.9980387680,-19.820513,Low
YouTube|2025-Q1|lifestyle|500k+,YouTube,2025-Q1,lifestyle,500k+,107,156,0.1990638794,0.1991337022,0.9996493672,-0.0000698228,0.0297125089,0.0296112542,1.0034194668,0.0001012547,10093.962617,10104.096154,0.9989970862,-10.133537,Low
YouTube|2025-Q1|lifestyle|50k-200k,YouTube,2025-Q1,lifestyle,50k-200k,33,42,0.1989700309,0.1983774825,1.0029869744,0.0005925485,0.0297860853,0.0295210991,1.0089761629,0.0002649862,10102.636364,10101.761905,1.0000865650,0.874459,Low
YouTube|2025-Q1|tech|200k-500k,YouTube,2025-Q1,tech,200k-500k,31,56,0.1973822239,0.1986463499,0.9936362991,-0.0012641260,0.0299981787,0.0296256035,1.0125761218,0.0003725752,10125.032258,10071.607143,1.0053045273,53.425115,Low
YouTube|2025-Q1|tech|500k+,YouTube,2025-Q1,tech,500k+,54,61,0.1981688028,0.1985700458,0.9979793373,-0.0004012431,0.0298764519,0.0296806724,1.0065961950,0.0001957795,10112.518519,10110.868852,1.0001631577,1.649666,Low
YouTube|2025-Q2|beauty|200k-500k,YouTube,2025-Q2,beauty,200k-500k,48,64,0.1980318338,0.1992954064,0.9936598008,-0.0012635726,0.0298018164,0.0298553936,0.9982054452,-0.0000535771,10114.104167,10080.718750,1.0033118092,33.385417,Low
YouTube|2025-Q2|beauty|500k+,YouTube,2025-Q2,beauty,500k+,70,96,0.1995468008,0.1989828505,1.0028341657,0.0005639504,0.0296941631,0.0295851218,1.0036856790,0.0001090413,10100.242857,10095.479167,1.0004718637,4.763690,Low
YouTube|2025-Q2|lifestyle|200k-500k,YouTube,2025-Q2,lifestyle,200k-500k,45,53,0.2005263236,0.1986216623,1.0095893936,0.0019046613,0.0302112770,0.0299074402,1.0101592386,0.0003038368,10089.266667,10130.716981,0.9959084520,-41.450314,Low
YouTube|2025-Q2|lifestyle|500k+,YouTube,2025-Q2,lifestyle,500k+,81,94,0.1995122861,0.1985270317,1.0049628220,0.0009852543,0.0297908786,0.0297498449,1.0013792922,0.0000410337,10085.172840,10101.404255,0.9983931525,-16.231416,Medium
YouTube|2025-Q2|tech|500k+,YouTube,2025-Q2,tech,500k+,34,51,0.1993370188,0.2000281244,0.9965449579,-0.0006911056,0.0295007372,0.0300591452,0.9814230236,-0.0005584080,10070.000000,10101.294118,0.9969019695,-31.294118,Low
