account_id,account_name,industry,country,signup_date,referral_source,plan_tier,seats,is_trial,churn_flag,mrr_amount,arr_amount,billing_frequency,auto_renew_flag,usage_events,errors,usage_days,tickets,avg_resolution_h,avg_satisfaction,escalations
A-2e4581,Company_0,EdTech,US,2024-10-16,partner,Basic,9,False,False,836,10032,monthly,True,535,38,55,2.0,23.0,3.0,0.0
A-43a9e3,Company_1,FinTech,IN,2023-08-17,other,Basic,18,False,True,882,10584,monthly,True,355,14,35,3.0,38.0,4.0,0.0
A-0a282f,Company_2,DevTools,US,2024-08-27,organic,Basic,1,False,False,98,1176,annual,True,821,48,80,3.0,43.666666666666664,4.666666666666667,0.0
A-1f0ac7,Company_3,HealthTech,UK,2023-08-27,other,Basic,24,True,False,1176,14112,monthly,True,382,21,40,2.0,29.0,,0.0
A-ce550d,Company_4,HealthTech,US,2024-10-27,event,Enterprise,35,False,True,21691,260292,monthly,True,579,31,56,7.0,42.285714285714285,3.8,1.0
A-1b9609,Company_5,EdTech,IN,2023-10-12,ads,Enterprise,4,False,False,0,0,annual,True,457,21,44,4.0,43.0,3.0,0.0
A-a0ca4e,Company_6,Cybersecurity,US,2024-03-08,ads,Pro,11,False,False,5174,62088,monthly,True,373,14,39,6.0,39.166666666666664,3.8,3.0
A-e5d6ab,Company_7,EdTech,US,2023-04-15,partner,Pro,3,False,False,1568,18816,annual,True,382,23,39,3.0,42.666666666666664,,0.0
A-7dacce,Company_8,Cybersecurity,CA,2024-09-10,event,Enterprise,12,False,True,0,0,annual,True,472,29,48,4.0,32.5,3.6666666666666665,0.0
A-10b8da,Company_9,DevTools,US,2023-05-08,partner,Enterprise,14,False,True,1666,19992,monthly,True,257,14,26,3.0,31.333333333333332,3.5,0.0
A-592832,Company_10,Cybersecurity,US,2024-09-25,organic,Basic,18,False,True,882,10584,annual,False,1053,55,92,3.0,32.666666666666664,5.0,0.0
A-d40bf7,Company_11,FinTech,IN,2024-11-08,organic,Basic,59,False,False,1121,13452,monthly,True,562,22,54,2.0,20.5,5.0,0.0
A-6c093d,Company_12,DevTools,US,2023-04-14,partner,Basic,7,True,False,0,0,annual,True,670,30,63,3.0,40.333333333333336,5.0,1.0
A-462d45,Company_13,Cybersecurity,US,2024-01-15,partner,Enterprise,11,True,False,1470,17640,annual,True,642,26,64,4.0,26.75,4.0,0.0
A-956988,Company_14,EdTech,UK,2024-11-30,ads,Enterprise,1,False,False,6368,76416,annual,True,658,49,67,2.0,50.5,3.0,0.0
A-ac14bb,Company_15,FinTech,US,2023-09-08,partner,Enterprise,21,False,False,532,6384,annual,True,531,42,54,2.0,24.5,4.0,0.0
A-463db0,Company_16,HealthTech,US,2024-12-05,partner,Basic,15,False,False,735,8820,annual,True,367,13,36,6.0,50.166666666666664,4.25,1.0
A-ce66f8,Company_17,EdTech,CA,2023-08-23,event,Pro,29,False,False,1421,17052,annual,True,494,19,45,6.0,41.666666666666664,3.5,0.0
A-c4ea60,Company_18,FinTech,DE,2023-03-09,other,Enterprise,18,False,True,3582,42984,monthly,True,427,18,41,5.0,36.0,3.6,0.0
A-832ec2,Company_19,FinTech,UK,2023-11-19,event,Enterprise,4,True,False,4378,52536,annual,False,511,25,46,3.0,26.0,4.0,1.0
A-684255,Company_20,FinTech,US,2024-04-14,ads,Enterprise,9,False,False,0,0,annual,True,653,44,65,4.0,14.25,4.666666666666667,1.0
A-c42f1f,Company_21,HealthTech,US,2024-07-28,other,Pro,8,False,False,152,1824,monthly,True,337,20,33,9.0,31.333333333333332,4.0,1.0
A-4e44e8,Company_22,DevTools,US,2024-08-20,ads,Enterprise,3,False,True,3383,40596,annual,True,687,37,68,3.0,31.333333333333332,3.3333333333333335,0.0
A-30b4ca,Company_23,EdTech,IN,2024-05-20,organic,Basic,86,False,True,1634,19608,annual,True,402,22,41,3.0,57.666666666666664,4.0,0.0
A-9f2731,Company_24,FinTech,IN,2024-10-04,event,Enterprise,1,False,False,0,0,annual,True,324,20,30,,,,
A-32fb14,Company_25,DevTools,US,2023-03-07,event,Enterprise,26,False,True,5174,62088,annual,True,488,19,44,5.0,34.0,4.5,0.0
A-00cac8,Company_26,HealthTech,AU,2023-09-15,organic,Enterprise,8,True,False,931,11172,annual,True,602,31,57,2.0,33.0,,0.0
A-35083d,Company_27,HealthTech,IN,2023-04-28,partner,Basic,19,False,True,9751,117012,monthly,True,791,37,70,4.0,49.75,5.0,0.0
A-eb7fac,Company_28,DevTools,US,2023-10-28,organic,Enterprise,7,False,False,494,5928,monthly,True,538,44,51,4.0,34.0,4.0,0.0
A-b20d99,Company_29,HealthTech,IN,2023-09-27,other,Basic,20,False,False,3980,47760,monthly,True,329,12,32,2.0,61.5,3.5,0.0
A-396e5f,Company_30,Cybersecurity,CA,2024-10-02,other,Enterprise,2,False,False,1666,19992,monthly,False,540,23,54,5.0,24.8,4.0,1.0
A-45ce7a,Company_31,FinTech,US,2023-07-23,ads,Enterprise,16,False,False,3184,38208,monthly,True,424,30,39,5.0,45.4,3.6666666666666665,0.0
A-08e34e,Company_32,EdTech,US,2024-06-27,event,Basic,14,False,True,2786,33432,monthly,True,651,32,61,3.0,43.0,3.0,0.0
A-8145a0,Company_33,Cybersecurity,AU,2023-04-25,partner,Basic,2,True,False,285,3420,monthly,True,693,27,60,6.0,23.666666666666668,4.0,0.0
A-bad8c1,Company_34,FinTech,AU,2023-03-01,organic,Basic,7,False,False,1813,21756,monthly,True,385,11,37,1.0,27.0,4.0,0.0
A-44dc83,Company_35,EdTech,FR,2024-05-12,other,Basic,5,False,False,0,0,annual,True,248,13,24,7.0,40.857142857142854,4.6,0.0
A-f446b6,Company_36,DevTools,DE,2023-05-12,ads,Pro,5,True,False,95,1140,annual,True,376,31,39,8.0,30.75,4.25,1.0
A-a45270,Company_37,HealthTech,US,2024-06-24,ads,Enterprise,3,False,False,0,0,annual,True,733,53,68,4.0,64.0,4.0,0.0
A-854864,Company_38,FinTech,IN,2024-12-07,event,Enterprise,20,False,False,980,11760,annual,True,248,10,24,5.0,44.2,4.8,0.0
A-1b7577,Company_39,Cybersecurity,US,2024-10-27,other,Pro,4,False,False,2009,24108,monthly,True,647,33,58,5.0,27.2,4.0,0.0
A-05f0e5,Company_40,FinTech,US,2023-05-04,partner,Basic,32,False,False,2842,34104,annual,True,706,46,62,4.0,20.0,4.0,0.0
A-9077b0,Company_41,HealthTech,US,2024-08-25,ads,Basic,2,False,False,0,0,monthly,True,493,31,45,3.0,40.333333333333336,4.333333333333333,0.0
A-7f8241,Company_42,EdTech,US,2023-03-14,organic,Pro,34,False,True,6766,81192,monthly,False,734,38,74,1.0,36.0,3.0,0.0
A-2bc93d,Company_43,HealthTech,US,2023-03-14,event,Basic,14,False,False,1715,20580,monthly,True,666,31,62,2.0,12.0,4.5,0.0
A-f3ff05,Company_44,FinTech,IN,2024-07-06,other,Enterprise,2,False,False,570,6840,monthly,True,672,36,64,3.0,42.666666666666664,3.5,0.0
A-2d4502,Company_45,FinTech,IN,2024-04-29,event,Basic,7,False,False,6766,81192,annual,True,465,19,46,3.0,26.333333333333332,5.0,0.0
A-6a4e2d,Company_46,EdTech,UK,2023-04-07,partner,Pro,9,False,False,686,8232,annual,True,597,31,59,2.0,18.5,4.5,1.0
A-eb7c38,Company_47,DevTools,AU,2024-02-25,organic,Enterprise,5,False,False,627,7524,annual,True,693,27,66,5.0,22.4,4.333333333333333,0.0
A-c37601,Company_48,EdTech,US,2024-10-31,partner,Basic,6,True,False,10746,128952,monthly,False,489,21,47,4.0,42.25,3.6666666666666665,0.0
A-3b5cd1,Company_49,FinTech,US,2023-09-12,event,Basic,13,True,False,6368,76416,annual,True,523,24,48,5.0,27.4,4.0,0.0
A-b2225d,Company_50,FinTech,US,2024-03-08,ads,Basic,47,False,True,893,10716,annual,True,696,60,72,2.0,42.0,3.0,0.0
A-94f8c9,Company_51,HealthTech,US,2024-03-29,other,Basic,13,False,False,2587,31044,monthly,True,746,63,73,3.0,47.333333333333336,5.0,0.0
A-02fac6,Company_52,FinTech,US,2023-04-06,event,Pro,22,False,False,1078,12936,monthly,True,514,34,51,6.0,23.333333333333332,4.0,0.0
A-c1dfe1,Company_53,DevTools,DE,2023-08-07,ads,Pro,26,False,False,494,5928,monthly,False,375,30,39,3.0,50.333333333333336,4.0,0.0
A-32728c,Company_54,DevTools,US,2023-01-03,event,Pro,20,False,True,798,9576,annual,True,418,22,38,2.0,34.5,3.5,0.0
A-4c38bc,Company_55,HealthTech,UK,2024-03-09,event,Basic,36,False,True,1764,21168,annual,True,818,27,76,3.0,48.333333333333336,3.5,0.0
A-1b707d,Company_56,Cybersecurity,US,2023-07-14,organic,Enterprise,1,False,False,0,0,annual,False,399,12,35,3.0,42.666666666666664,,0.0
A-6f8ad2,Company_57,EdTech,IN,2024-07-09,organic,Basic,1,False,False,779,9348,annual,False,924,59,87,4.0,35.25,4.333333333333333,0.0
A-4d1e75,Company_58,DevTools,US,2024-08-21,other,Basic,20,False,False,0,0,monthly,False,477,25,48,2.0,15.0,4.0,0.0
A-9ee962,Company_59,HealthTech,US,2023-02-28,ads,Basic,9,False,True,171,2052,annual,True,439,17,38,3.0,37.0,4.0,0.0
A-378b99,Company_60,EdTech,UK,2024-09-01,ads,Pro,8,True,False,784,9408,annual,True,565,38,55,6.0,28.5,4.5,0.0
A-94d3da,Company_61,HealthTech,US,2023-05-03,other,Basic,41,False,False,779,9348,monthly,True,464,25,46,6.0,26.833333333333332,3.5,0.0
A-e351e1,Company_62,EdTech,US,2024-09-26,other,Enterprise,33,False,False,627,7524,annual,True,295,22,27,4.0,17.0,3.75,0.0
A-9badbd,Company_63,Cybersecurity,DE,2024-06-19,ads,Enterprise,5,True,False,11741,140892,monthly,True,729,45,69,5.0,30.2,5.0,0.0
A-7e0a10,Company_64,FinTech,US,2023-11-18,ads,Enterprise,46,False,False,13930,167160,annual,True,511,35,49,5.0,39.4,4.0,0.0
A-118d55,Company_65,Cybersecurity,US,2024-10-22,organic,Basic,8,False,False,5771,69252,monthly,True,599,33,55,5.0,24.2,4.333333333333333,0.0
A-526d93,Company_66,HealthTech,FR,2024-04-14,organic,Basic,43,False,False,8557,102684,annual,False,565,45,55,5.0,51.4,3.5,1.0
A-f92792,Company_67,FinTech,US,2024-07-04,ads,Pro,1,False,False,361,4332,annual,False,528,31,50,2.0,45.0,4.0,0.0
A-84ebe4,Company_68,FinTech,US,2023-03-12,ads,Pro,18,True,True,7164,85968,monthly,True,396,26,40,4.0,29.5,4.0,0.0
A-5b4ebb,Company_69,Cybersecurity,UK,2024-07-10,other,Basic,21,True,True,1470,17640,annual,True,692,25,67,5.0,35.4,4.75,0.0
A-2922b6,Company_70,HealthTech,US,2024-11-14,organic,Basic,15,False,False,980,11760,annual,False,393,13,36,2.0,15.5,4.0,0.0
A-9b9fe9,Company_71,EdTech,AU,2023-09-28,other,Basic,5,False,False,9950,119400,monthly,True,597,22,56,4.0,33.5,4.0,0.0
A-a8b49c,Company_72,Cybersecurity,UK,2023-10-06,partner,Basic,7,False,False,343,4116,annual,True,545,43,54,1.0,72.0,4.0,0.0
A-9174e0,Company_73,Cybersecurity,US,2024-12-04,partner,Basic,37,False,False,7363,88356,annual,True,689,61,66,2.0,39.0,5.0,0.0
A-a1bbb6,Company_74,DevTools,CA,2023-04-05,organic,Basic,1,False,False,0,0,annual,True,366,20,36,3.0,17.666666666666668,4.0,0.0
A-c45b23,Company_75,FinTech,UK,2023-12-08,partner,Basic,5,False,False,5174,62088,annual,True,581,30,57,3.0,36.666666666666664,3.0,0.0
A-02cd81,Company_76,HealthTech,IN,2024-03-28,other,Basic,44,False,False,2156,25872,annual,True,684,28,68,3.0,17.333333333333332,4.5,1.0
A-ee42db,Company_77,EdTech,DE,2023-04-25,ads,Enterprise,13,False,False,570,6840,monthly,True,511,33,50,4.0,33.75,3.0,0.0
A-432483,Company_78,Cybersecurity,US,2023-02-06,ads,Pro,4,False,False,1519,18228,annual,True,451,28,43,1.0,51.0,,0.0
A-9208f0,Company_79,EdTech,US,2023-05-11,organic,Pro,1,False,True,0,0,annual,True,538,31,50,8.0,41.25,3.3333333333333335,1.0
A-98a59a,Company_80,FinTech,UK,2023-08-04,partner,Enterprise,56,False,False,2744,32928,annual,True,455,21,43,3.0,37.333333333333336,4.5,0.0
A-fe79a5,Company_81,HealthTech,IN,2024-02-21,ads,Basic,9,True,False,1791,21492,annual,True,335,17,33,4.0,28.5,5.0,0.0
A-726cfa,Company_82,DevTools,US,2023-07-01,partner,Pro,11,False,False,7562,90744,monthly,False,993,45,88,3.0,35.666666666666664,4.0,0.0
A-c43359,Company_83,FinTech,US,2024-11-16,organic,Pro,38,False,False,722,8664,monthly,True,461,32,47,3.0,26.666666666666668,4.0,0.0
A-271f46,Company_84,DevTools,US,2023-02-09,event,Pro,38,False,True,9154,109848,monthly,True,373,16,37,1.0,36.0,,0.0
A-157070,Company_85,FinTech,US,2023-11-09,ads,Pro,16,False,False,722,8664,annual,True,696,26,70,3.0,42.333333333333336,3.0,1.0
A-40a557,Company_86,Cybersecurity,AU,2023-12-03,partner,Pro,16,True,False,3184,38208,monthly,True,402,17,39,7.0,30.571428571428573,3.6666666666666665,0.0
A-66224b,Company_87,HealthTech,US,2024-10-18,other,Pro,92,True,False,0,0,annual,True,626,29,59,6.0,39.833333333333336,3.5,0.0
A-91e948,Company_88,EdTech,AU,2023-01-29,partner,Basic,41,False,False,8159,97908,monthly,True,404,16,40,,,,
A-104f1a,Company_89,Cybersecurity,US,2024-08-17,other,Pro,24,False,False,646,7752,monthly,True,438,22,43,5.0,33.2,3.75,1.0
A-7988d1,Company_90,Cybersecurity,US,2023-12-20,other,Basic,33,False,False,0,0,monthly,True,449,28,45,3.0,35.333333333333336,4.333333333333333,0.0
A-faa28c,Company_91,HealthTech,US,2024-01-30,organic,Enterprise,48,False,False,2352,28224,monthly,True,585,24,57,4.0,52.25,4.666666666666667,1.0
A-f25509,Company_92,EdTech,US,2024-03-22,other,Enterprise,32,False,False,1083,12996,annual,True,229,15,21,6.0,42.666666666666664,4.666666666666667,0.0
A-3a7284,Company_93,FinTech,US,2024-11-17,organic,Enterprise,31,False,False,1519,18228,annual,True,609,30,59,3.0,56.333333333333336,3.5,0.0
A-3a5ad8,Company_94,HealthTech,US,2023-12-05,organic,Enterprise,9,True,False,0,0,annual,True,506,23,51,4.0,44.75,4.5,0.0
A-65a46c,Company_95,HealthTech,US,2023-11-04,event,Pro,1,False,False,1715,20580,annual,True,370,21,36,8.0,45.125,4.0,0.0
A-8b25f2,Company_96,Cybersecurity,US,2024-02-17,ads,Pro,6,False,True,2587,31044,monthly,True,565,20,52,2.0,35.5,4.0,0.0
A-fabe19,Company_97,DevTools,UK,2024-11-11,ads,Enterprise,1,False,False,0,0,monthly,False,337,16,32,3.0,40.666666666666664,4.0,0.0
A-adc1f3,Company_98,Cybersecurity,US,2024-08-05,organic,Pro,2,False,False,995,11940,monthly,True,334,26,36,3.0,47.333333333333336,3.5,0.0
A-503d5a,Company_99,FinTech,US,2023-10-21,other,Enterprise,4,False,True,11144,133728,annual,False,605,32,57,9.0,36.55555555555556,4.0,0.0
A-fd7ad3,Company_100,Cybersecurity,US,2024-11-01,event,Enterprise,1,False,False,551,6612,monthly,True,567,42,52,8.0,48.75,4.166666666666667,1.0
A-186a44,Company_101,HealthTech,US,2023-08-07,ads,Enterprise,20,False,False,380,4560,monthly,False,614,25,57,7.0,38.285714285714285,3.5,0.0
A-e888d1,Company_102,Cybersecurity,US,2023-03-28,other,Pro,14,False,False,833,9996,monthly,True,552,36,52,5.0,43.0,4.0,1.0
A-69fad4,Company_103,FinTech,UK,2023-04-06,ads,Basic,6,False,True,0,0,monthly,True,412,24,37,4.0,43.0,3.6666666666666665,0.0
A-9289f6,Company_104,EdTech,US,2023-05-31,event,Enterprise,1,False,False,1225,14700,annual,False,642,38,63,6.0,37.5,4.333333333333333,0.0
A-f19409,Company_105,DevTools,US,2023-03-16,other,Basic,23,False,True,665,7980,annual,False,659,31,59,3.0,6.333333333333333,4.0,0.0
A-22f2df,Company_106,DevTools,US,2024-12-14,ads,Basic,3,False,False,209,2508,annual,True,429,17,40,5.0,44.8,5.0,0.0
A-039727,Company_107,EdTech,AU,2024-11-02,organic,Pro,25,False,False,4975,59700,annual,True,768,32,69,,,,
A-2e3bad,Company_108,FinTech,CA,2023-08-13,other,Pro,61,False,False,1159,13908,monthly,True,435,26,43,5.0,31.4,3.5,0.0
A-484819,Company_109,HealthTech,US,2023-02-21,organic,Pro,18,False,False,3582,42984,monthly,True,336,20,33,5.0,33.2,4.5,0.0
A-425e76,Company_110,DevTools,UK,2023-05-17,other,Enterprise,8,False,True,1791,21492,annual,True,438,24,47,5.0,48.2,3.3333333333333335,1.0
A-e83938,Company_111,DevTools,UK,2023-11-21,other,Pro,2,True,True,1026,12312,annual,False,266,18,31,4.0,31.0,3.0,0.0
A-ad296b,Company_112,DevTools,AU,2024-07-15,event,Pro,38,False,False,1862,22344,annual,True,294,12,30,3.0,28.333333333333332,3.6666666666666665,1.0
A-e51ec7,Company_113,FinTech,CA,2023-09-23,partner,Enterprise,2,False,False,1990,23880,monthly,True,417,18,39,3.0,37.0,5.0,0.0
A-0aaf6e,Company_114,FinTech,US,2024-05-11,organic,Enterprise,3,False,False,3582,42984,monthly,True,599,39,55,5.0,45.0,4.0,0.0
A-e61e98,Company_115,FinTech,US,2023-10-20,partner,Enterprise,19,False,True,6766,81192,annual,True,527,25,53,6.0,30.333333333333332,4.6,1.0
A-92a333,Company_116,FinTech,US,2023-03-24,event,Enterprise,9,False,False,171,2052,monthly,True,364,30,36,4.0,23.25,,1.0
A-95b24a,Company_117,FinTech,US,2023-06-06,event,Pro,38,False,True,0,0,annual,True,611,34,59,5.0,21.2,4.25,0.0
A-42e5e1,Company_118,DevTools,US,2024-07-09,ads,Pro,1,False,True,490,5880,annual,False,411,41,39,3.0,29.0,4.0,0.0
A-7d514c,Company_119,HealthTech,DE,2024-02-03,organic,Enterprise,17,False,False,3383,40596,monthly,True,502,30,47,3.0,33.333333333333336,5.0,0.0
A-65aeb5,Company_120,DevTools,US,2024-01-25,partner,Pro,9,False,False,171,2052,annual,True,533,40,53,2.0,42.5,5.0,0.0
A-e2cd1b,Company_121,DevTools,US,2024-02-04,other,Enterprise,15,False,False,3184,38208,annual,True,465,18,48,5.0,37.8,4.0,0.0
A-180abf,Company_122,DevTools,US,2023-08-14,event,Pro,64,False,True,3136,37632,monthly,True,499,28,47,3.0,36.333333333333336,3.0,0.0
A-f17767,Company_123,DevTools,US,2023-01-30,event,Enterprise,1,True,True,735,8820,annual,True,713,38,67,3.0,36.333333333333336,4.0,1.0
A-5a184f,Company_124,DevTools,DE,2023-06-19,other,Enterprise,1,False,True,684,8208,annual,True,587,29,55,3.0,15.333333333333334,4.333333333333333,0.0
A-7df7a7,Company_125,DevTools,US,2023-01-28,organic,Basic,7,False,True,5970,71640,annual,True,922,47,86,3.0,28.0,4.0,1.0
A-1ac5e0,Company_126,DevTools,US,2024-10-20,event,Basic,33,False,True,0,0,monthly,False,558,31,52,7.0,40.42857142857143,3.8,0.0
A-52dd88,Company_127,Cybersecurity,US,2023-02-21,ads,Pro,23,False,False,1470,17640,annual,True,516,33,49,1.0,72.0,,0.0
A-bece89,Company_128,Cybersecurity,IN,2023-12-01,event,Pro,26,False,False,1862,22344,annual,True,176,13,18,4.0,32.5,4.0,1.0
A-029f69,Company_129,Cybersecurity,CA,2024-03-07,event,Basic,3,False,False,646,7752,annual,True,789,42,80,2.0,42.0,3.0,0.0
A-5c046d,Company_130,EdTech,FR,2024-07-06,partner,Basic,93,False,False,18507,222084,annual,True,475,23,44,1.0,13.0,3.0,0.0
A-fb186e,Company_131,EdTech,IN,2024-10-27,organic,Basic,29,False,False,0,0,annual,True,207,7,19,6.0,26.166666666666668,3.6666666666666665,0.0
A-ae052e,Company_132,FinTech,CA,2023-09-11,other,Basic,39,False,False,0,0,annual,True,300,12,28,4.0,31.25,4.0,0.0
A-9f9299,Company_133,FinTech,US,2023-09-02,organic,Enterprise,28,True,False,1372,16464,annual,True,830,54,81,5.0,36.2,5.0,0.0
A-96e141,Company_134,DevTools,UK,2023-08-12,partner,Basic,14,False,False,4975,59700,monthly,True,346,19,36,5.0,32.8,4.333333333333333,0.0
A-117171,Company_135,HealthTech,FR,2024-09-12,organic,Basic,45,False,True,2205,26460,annual,True,208,11,21,6.0,32.5,3.6666666666666665,1.0
A-313be3,Company_136,EdTech,US,2023-11-15,partner,Enterprise,47,True,False,2303,27636,monthly,True,560,40,56,4.0,22.5,5.0,1.0
A-671f31,Company_137,DevTools,US,2024-11-24,ads,Basic,59,False,False,0,0,annual,True,167,16,17,7.0,33.0,4.2,0.0
A-bbc346,Company_138,FinTech,US,2024-08-29,partner,Enterprise,19,False,False,0,0,annual,True,650,37,60,3.0,45.333333333333336,4.5,0.0
A-c16101,Company_139,EdTech,IN,2024-09-06,other,Basic,7,False,False,343,4116,monthly,True,561,29,53,4.0,28.0,5.0,1.0
A-50f3f7,Company_140,HealthTech,US,2023-12-22,partner,Basic,31,False,True,6169,74028,annual,True,685,45,69,6.0,37.833333333333336,5.0,1.0
A-7da956,Company_141,Cybersecurity,US,2024-06-02,event,Pro,13,True,False,2985,35820,monthly,True,543,35,51,3.0,32.666666666666664,5.0,0.0
A-019782,Company_142,DevTools,FR,2023-04-19,event,Enterprise,11,False,False,0,0,annual,False,562,30,55,2.0,10.0,3.0,0.0
A-df10db,Company_143,DevTools,US,2023-06-06,other,Enterprise,2,True,False,2388,28656,monthly,True,697,40,62,2.0,68.5,3.0,1.0
A-3932db,Company_144,HealthTech,CA,2023-10-04,other,Pro,19,True,True,0,0,monthly,True,434,28,45,6.0,41.0,4.333333333333333,0.0
A-4f18f0,Company_145,DevTools,CA,2024-04-21,other,Pro,24,True,False,456,5472,monthly,True,544,25,57,5.0,39.2,4.0,0.0
A-4c6f11,Company_146,FinTech,CA,2023-11-27,organic,Pro,24,True,True,456,5472,monthly,True,268,4,24,3.0,44.666666666666664,4.333333333333333,0.0
A-8ae05d,Company_147,FinTech,IN,2024-04-06,other,Enterprise,86,False,False,0,0,monthly,True,203,10,20,1.0,47.0,4.0,0.0
A-b78bf8,Company_148,DevTools,US,2024-11-15,event,Pro,33,False,False,1617,19404,monthly,True,421,11,38,5.0,24.2,4.2,0.0
A-eafc6e,Company_149,DevTools,US,2023-07-06,partner,Pro,27,False,True,0,0,monthly,True,300,15,31,1.0,64.0,,0.0
A-37f969,Company_150,HealthTech,IN,2023-10-14,partner,Enterprise,30,False,False,5970,71640,annual,True,312,14,31,5.0,22.2,3.6666666666666665,1.0
A-10b8f2,Company_151,HealthTech,DE,2023-01-11,organic,Basic,47,True,False,2352,28224,annual,True,560,23,54,3.0,46.333333333333336,4.333333333333333,0.0
A-439b2f,Company_152,DevTools,US,2024-02-21,ads,Enterprise,1,False,True,1274,15288,monthly,True,171,5,19,3.0,18.333333333333332,,0.0
A-544d0a,Company_153,DevTools,US,2024-05-02,organic,Basic,2,True,False,398,4776,annual,False,510,22,45,2.0,38.5,4.0,1.0
A-ba6516,Company_154,FinTech,US,2023-10-29,ads,Pro,27,False,False,5373,64476,annual,True,642,32,56,6.0,31.5,4.0,0.0
A-712426,Company_155,HealthTech,US,2024-11-10,other,Enterprise,9,False,False,0,0,annual,True,696,31,68,6.0,37.333333333333336,4.4,0.0
A-038089,Company_156,DevTools,FR,2023-12-19,other,Pro,5,False,True,95,1140,annual,True,210,15,19,6.0,30.166666666666668,3.6666666666666665,0.0
A-afa505,Company_157,DevTools,US,2023-12-27,partner,Basic,70,True,False,13930,167160,monthly,False,507,28,48,4.0,37.25,3.0,1.0
A-d5a319,Company_158,FinTech,US,2023-05-04,other,Enterprise,15,False,True,2985,35820,annual,True,604,43,57,1.0,17.0,4.0,1.0
A-f97b9a,Company_159,FinTech,US,2023-07-09,event,Pro,16,False,False,784,9408,annual,True,561,33,52,7.0,31.714285714285715,3.6666666666666665,0.0
A-2f6a32,Company_160,HealthTech,US,2024-08-26,organic,Basic,19,False,False,361,4332,annual,True,654,46,61,2.0,41.0,3.5,0.0
A-856b1e,Company_161,FinTech,US,2023-10-31,partner,Basic,19,False,False,0,0,monthly,True,230,24,23,5.0,36.0,,1.0
A-17939a,Company_162,HealthTech,US,2024-12-26,organic,Basic,1,False,False,266,3192,annual,True,440,43,46,7.0,38.0,4.5,0.0
A-d27f50,Company_163,Cybersecurity,UK,2024-07-20,ads,Enterprise,44,False,False,836,10032,annual,False,481,31,48,4.0,37.5,3.75,0.0
A-e36807,Company_164,EdTech,AU,2024-05-17,other,Pro,6,False,False,1791,21492,monthly,True,446,27,48,2.0,41.0,4.5,0.0
A-ff79f2,Company_165,DevTools,US,2024-04-25,ads,Basic,8,False,True,3781,45372,annual,True,393,12,41,2.0,50.0,,0.0
A-5b1bcd,Company_166,DevTools,US,2023-09-16,organic,Pro,73,False,False,3577,42924,annual,False,869,54,79,4.0,43.25,4.5,0.0
A-71615e,Company_167,EdTech,US,2024-05-18,organic,Basic,15,False,False,735,8820,annual,True,620,41,59,1.0,49.0,,0.0
A-794a0b,Company_168,HealthTech,DE,2023-06-02,organic,Basic,23,False,False,6169,74028,monthly,True,347,31,36,,,,
A-86902e,Company_169,HealthTech,IN,2023-05-02,other,Enterprise,34,False,False,6766,81192,annual,True,628,36,59,9.0,40.888888888888886,3.5,0.0
A-0532a9,Company_170,FinTech,IN,2024-09-25,event,Pro,19,False,False,931,11172,annual,False,519,30,53,8.0,30.75,3.0,0.0
A-9779ad,Company_171,Cybersecurity,AU,2024-03-29,event,Pro,40,True,True,7960,95520,monthly,False,413,25,43,3.0,20.666666666666668,5.0,0.0
A-f45426,Company_172,HealthTech,US,2024-08-05,organic,Basic,9,False,False,441,5292,monthly,False,624,49,58,3.0,17.0,4.0,0.0
A-c1e51e,Company_173,FinTech,US,2024-10-02,organic,Basic,3,False,False,779,9348,annual,True,518,36,49,5.0,40.0,3.2,0.0
A-fa3095,Company_174,FinTech,US,2023-09-03,ads,Basic,70,False,False,1330,15960,annual,True,600,42,55,5.0,49.2,5.0,0.0
A-ad64c6,Company_175,DevTools,UK,2024-02-23,event,Pro,12,False,False,5572,66864,annual,True,215,18,19,4.0,34.0,5.0,0.0
A-39b19f,Company_176,FinTech,US,2023-02-03,partner,Enterprise,1,False,False,247,2964,monthly,True,530,37,52,6.0,47.833333333333336,4.25,1.0
A-56962b,Company_177,EdTech,UK,2024-04-09,partner,Enterprise,163,False,False,32437,389244,monthly,True,271,25,28,4.0,37.5,3.0,0.0
A-e60f9d,Company_178,FinTech,US,2024-08-26,other,Basic,29,False,False,722,8664,annual,True,629,24,62,2.0,70.5,,0.0
A-88c6ca,Company_179,FinTech,DE,2024-10-25,ads,Basic,5,False,True,1127,13524,annual,True,446,19,41,1.0,56.0,,0.0
A-158f4e,Company_180,FinTech,IN,2023-03-03,other,Enterprise,61,False,False,12139,145668,monthly,True,453,29,48,5.0,27.6,4.333333333333333,0.0
A-5b051a,Company_181,Cybersecurity,US,2024-08-05,event,Enterprise,22,False,False,1078,12936,monthly,True,171,17,16,1.0,2.0,3.0,0.0
A-296d7c,Company_182,DevTools,DE,2023-11-08,other,Enterprise,2,False,False,294,3528,annual,True,357,18,31,5.0,50.4,3.75,0.0
A-1619f8,Company_183,DevTools,US,2024-05-20,organic,Pro,29,False,False,551,6612,monthly,True,432,26,41,3.0,42.0,5.0,0.0
A-a1b80b,Company_184,HealthTech,US,2023-11-27,organic,Basic,16,False,False,0,0,annual,True,749,48,71,4.0,41.0,4.0,0.0
A-139c3b,Company_185,HealthTech,US,2024-11-21,organic,Enterprise,10,True,True,0,0,annual,True,478,16,44,9.0,28.444444444444443,4.5,0.0
A-702032,Company_186,HealthTech,US,2023-10-03,ads,Pro,28,False,False,1372,16464,annual,True,285,15,25,4.0,26.0,3.0,0.0
A-7a0d69,Company_187,DevTools,DE,2024-06-15,ads,Enterprise,4,True,True,3184,38208,monthly,True,606,31,60,2.0,29.0,5.0,0.0
A-22d9d2,Company_188,DevTools,FR,2024-03-22,event,Pro,8,False,False,1568,18816,monthly,True,782,43,74,6.0,16.0,4.0,1.0
A-b9eed8,Company_189,Cybersecurity,US,2024-02-23,organic,Basic,11,False,False,342,4104,monthly,True,623,55,58,5.0,29.2,3.75,1.0
A-dfbd31,Company_190,DevTools,UK,2023-12-04,partner,Enterprise,14,False,False,266,3192,monthly,True,599,19,50,6.0,29.666666666666668,4.25,0.0
A-8e47ca,Company_191,HealthTech,US,2024-02-15,organic,Pro,19,False,False,4975,59700,monthly,True,441,35,44,5.0,33.4,4.0,1.0
A-4437e4,Company_192,Cybersecurity,US,2023-09-16,event,Enterprise,3,False,False,171,2052,annual,True,806,43,81,6.0,34.666666666666664,3.0,2.0
A-779e4e,Company_193,HealthTech,US,2023-01-02,organic,Basic,5,False,False,1862,22344,annual,True,393,20,41,5.0,26.6,4.0,0.0
A-53f4e3,Company_194,Cybersecurity,UK,2024-06-14,event,Enterprise,13,False,False,1421,17052,monthly,True,410,45,42,5.0,28.6,4.0,0.0
A-692f18,Company_195,EdTech,US,2024-03-28,other,Basic,5,True,True,5572,66864,annual,True,871,55,83,2.0,37.5,5.0,0.0
A-13466a,Company_196,DevTools,AU,2023-10-22,event,Basic,2,False,True,171,2052,annual,True,205,14,22,3.0,32.333333333333336,4.333333333333333,1.0
A-1986ca,Company_197,HealthTech,IN,2023-01-30,ads,Pro,20,False,False,3980,47760,monthly,False,362,23,35,7.0,36.57142857142857,3.4,0.0
A-0cc442,Company_198,EdTech,US,2024-07-18,organic,Basic,45,False,False,8955,107460,annual,True,765,41,73,3.0,37.0,3.0,0.0
A-c608c8,Company_199,DevTools,DE,2023-04-27,ads,Pro,3,False,True,1029,12348,annual,True,445,27,40,2.0,59.0,3.0,0.0
A-3be56b,Company_200,HealthTech,IN,2023-10-26,event,Pro,3,False,True,380,4560,annual,False,528,33,54,4.0,40.25,3.5,0.0
A-354f12,Company_201,FinTech,US,2024-04-28,ads,Pro,1,True,False,133,1596,monthly,True,158,3,15,2.0,56.5,,0.0
A-68f37c,Company_202,HealthTech,US,2023-07-15,ads,Basic,4,False,False,796,9552,monthly,True,624,40,64,5.0,20.2,4.0,0.0
A-aa9511,Company_203,DevTools,US,2023-10-10,other,Pro,23,True,False,5970,71640,monthly,False,625,35,63,2.0,56.5,4.0,0.0
A-af0cd2,Company_204,Cybersecurity,IN,2023-01-03,other,Enterprise,19,True,False,1083,12996,annual,True,687,33,67,3.0,54.333333333333336,,0.0
A-bd4513,Company_205,DevTools,AU,2024-11-06,event,Enterprise,50,True,False,950,11400,annual,True,507,34,46,3.0,42.0,4.666666666666667,0.0
A-c222ab,Company_206,Cybersecurity,US,2024-05-10,other,Pro,32,False,True,1568,18816,monthly,True,435,33,45,4.0,39.0,5.0,0.0
A-34d880,Company_207,Cybersecurity,AU,2024-04-11,ads,Enterprise,4,False,False,995,11940,monthly,True,474,40,47,5.0,52.2,3.0,0.0
A-508199,Company_208,FinTech,AU,2024-01-28,event,Basic,19,False,False,0,0,monthly,True,231,15,23,3.0,50.666666666666664,3.0,0.0
A-f03140,Company_209,DevTools,IN,2023-11-22,event,Pro,27,True,False,0,0,annual,True,595,22,56,7.0,36.0,3.6666666666666665,0.0
A-410e86,Company_210,FinTech,US,2024-11-10,organic,Basic,24,False,False,4776,57312,monthly,False,292,21,29,5.0,42.6,3.5,0.0
A-fa2041,Company_211,HealthTech,US,2024-05-29,organic,Pro,15,True,False,0,0,annual,True,552,34,58,1.0,16.0,3.0,0.0
A-de58ca,Company_212,HealthTech,DE,2023-04-13,organic,Enterprise,15,False,False,7164,85968,annual,True,505,33,47,5.0,30.6,3.3333333333333335,0.0
A-05d3b3,Company_213,DevTools,AU,2023-05-28,ads,Basic,9,True,False,3781,45372,annual,True,642,22,62,6.0,31.5,4.333333333333333,0.0
A-249769,Company_214,Cybersecurity,US,2024-04-25,event,Enterprise,4,False,True,133,1596,annual,True,678,30,65,2.0,39.5,4.0,0.0
A-e43bf7,Company_215,Cybersecurity,AU,2023-03-24,other,Pro,44,False,False,8756,105072,annual,True,371,35,40,5.0,27.4,4.0,1.0
A-eb2fdc,Company_216,DevTools,AU,2023-11-21,organic,Enterprise,31,False,True,589,7068,annual,True,547,17,50,5.0,33.6,4.5,0.0
A-e1462e,Company_217,FinTech,UK,2023-03-12,partner,Basic,15,False,False,285,3420,annual,False,347,22,35,2.0,39.5,3.5,0.0
A-cab532,Company_218,DevTools,FR,2023-04-03,organic,Pro,11,True,False,1715,20580,annual,True,1005,47,96,1.0,32.0,4.0,0.0
A-9123ac,Company_219,Cybersecurity,DE,2023-06-20,organic,Pro,9,False,False,3582,42984,annual,True,386,24,37,6.0,38.833333333333336,4.2,0.0
A-6e08f3,Company_220,Cybersecurity,US,2023-02-27,event,Basic,8,False,False,247,2964,annual,True,492,21,46,2.0,36.5,3.5,0.0
A-d922bf,Company_221,HealthTech,US,2023-09-08,ads,Basic,5,True,True,1791,21492,annual,True,419,19,40,7.0,39.142857142857146,3.3333333333333335,1.0
A-8ed5dd,Company_222,EdTech,UK,2023-06-29,event,Enterprise,5,False,True,285,3420,monthly,True,545,45,52,6.0,29.0,3.75,0.0
A-7c6b6b,Company_223,FinTech,US,2024-11-30,other,Basic,6,False,False,1127,13524,monthly,True,311,24,32,5.0,52.2,4.333333333333333,0.0
A-3c1a3f,Company_224,DevTools,UK,2023-08-26,event,Pro,1,False,False,133,1596,annual,False,497,22,49,4.0,33.25,3.5,0.0
A-b48f73,Company_225,EdTech,AU,2024-11-13,event,Pro,80,True,False,3920,47040,annual,False,412,23,42,3.0,28.666666666666668,4.0,0.0
A-76fa4d,Company_226,HealthTech,US,2024-11-24,event,Pro,69,False,False,3381,40572,monthly,True,357,21,36,5.0,33.4,4.5,0.0
A-b2af2e,Company_227,Cybersecurity,UK,2024-08-24,event,Enterprise,5,False,False,1026,12312,annual,False,174,11,18,2.0,39.5,4.0,0.0
A-9bfc9f,Company_228,DevTools,CA,2023-09-14,ads,Pro,53,False,False,2940,35280,monthly,True,376,18,37,6.0,35.333333333333336,3.3333333333333335,1.0
A-4ae22a,Company_229,EdTech,US,2024-05-09,other,Pro,6,False,True,532,6384,annual,True,369,31,33,3.0,14.333333333333334,3.0,0.0
A-fda07f,Company_230,Cybersecurity,FR,2024-08-11,partner,Basic,7,False,False,266,3192,monthly,True,681,39,62,5.0,17.8,4.0,0.0
A-de24d5,Company_231,DevTools,US,2024-11-05,other,Enterprise,5,True,False,245,2940,monthly,False,537,28,52,7.0,43.142857142857146,3.0,0.0
A-977ca0,Company_232,HealthTech,IN,2023-02-20,partner,Basic,6,False,True,686,8232,annual,True,893,46,80,3.0,64.0,4.0,0.0
A-ab438f,Company_233,Cybersecurity,US,2024-09-13,ads,Enterprise,13,False,True,0,0,monthly,True,369,12,36,2.0,33.5,3.5,0.0
A-e89151,Company_234,FinTech,UK,2023-09-14,organic,Pro,8,True,True,8756,105072,annual,True,601,29,54,2.0,41.5,5.0,0.0
A-40906c,Company_235,EdTech,US,2024-03-27,ads,Basic,92,False,False,4508,54096,annual,True,685,32,59,5.0,29.2,3.75,0.0
A-81edc3,Company_236,Cybersecurity,IN,2023-10-30,ads,Basic,5,False,False,995,11940,annual,True,765,41,72,3.0,52.666666666666664,4.0,0.0
A-328bd0,Company_237,HealthTech,AU,2023-05-16,partner,Enterprise,18,False,False,882,10584,annual,True,568,49,59,5.0,46.0,3.6666666666666665,0.0
A-b3fe05,Company_238,Cybersecurity,CA,2024-05-28,partner,Pro,8,False,False,0,0,annual,False,438,18,43,4.0,48.25,3.0,0.0
A-09540c,Company_239,Cybersecurity,CA,2023-10-30,event,Basic,67,True,False,3283,39396,monthly,True,297,16,28,2.0,28.0,4.5,0.0
A-e693b6,Company_240,FinTech,AU,2023-05-25,event,Enterprise,55,False,True,10945,131340,annual,True,681,25,58,1.0,1.0,3.0,0.0
A-2446e3,Company_241,EdTech,IN,2024-01-10,organic,Pro,27,False,False,5373,64476,monthly,True,496,32,44,3.0,28.666666666666668,4.0,0.0
A-241e75,Company_242,EdTech,US,2024-07-03,partner,Enterprise,3,False,False,95,1140,monthly,True,266,20,27,4.0,31.5,4.5,0.0
A-922109,Company_243,Cybersecurity,US,2024-01-26,ads,Pro,3,False,False,0,0,monthly,True,819,34,75,3.0,25.333333333333332,3.0,0.0
A-ff3c73,Company_244,HealthTech,AU,2023-01-26,other,Pro,21,False,False,399,4788,annual,True,408,23,38,2.0,35.5,3.5,0.0
A-8b0451,Company_245,FinTech,UK,2024-09-16,event,Enterprise,41,False,False,8159,97908,annual,True,606,45,55,7.0,26.571428571428573,3.5,0.0
A-331424,Company_246,DevTools,US,2023-11-06,organic,Basic,11,False,False,0,0,monthly,False,214,9,20,2.0,24.5,,0.0
A-51ec1b,Company_247,DevTools,US,2023-11-08,ads,Enterprise,7,False,False,3383,40596,annual,True,283,12,27,3.0,52.333333333333336,5.0,1.0
A-bcf664,Company_248,DevTools,US,2023-05-19,other,Pro,5,False,False,2303,27636,annual,True,575,28,54,5.0,36.0,4.0,1.0
A-90a8c8,Company_249,FinTech,AU,2024-08-24,organic,Pro,15,False,False,2985,35820,monthly,False,404,20,39,4.0,45.0,3.25,0.0
A-86cdb4,Company_250,DevTools,DE,2024-09-22,partner,Basic,2,False,False,323,3876,monthly,True,492,24,48,5.0,26.4,4.333333333333333,0.0
A-4bfa33,Company_251,Cybersecurity,US,2024-12-07,event,Basic,8,True,False,0,0,annual,True,329,17,34,4.0,16.5,3.6666666666666665,0.0
A-dbc825,Company_252,EdTech,FR,2024-01-07,partner,Enterprise,19,False,False,361,4332,annual,True,730,58,68,6.0,49.5,4.0,1.0
A-c70870,Company_253,Cybersecurity,US,2024-10-22,partner,Basic,31,False,False,4606,55272,annual,True,334,18,34,5.0,35.6,4.0,0.0
A-7c4956,Company_254,DevTools,US,2023-05-06,ads,Enterprise,5,False,True,513,6156,annual,True,475,40,44,3.0,13.666666666666666,4.0,0.0
A-0651a4,Company_255,HealthTech,FR,2024-10-16,organic,Pro,16,False,False,12935,155220,annual,True,705,37,67,4.0,29.25,4.0,0.0
A-3ce5b8,Company_256,FinTech,IN,2023-09-07,ads,Basic,8,False,True,0,0,annual,True,509,29,50,10.0,42.5,3.7142857142857144,0.0
A-bd4708,Company_257,FinTech,US,2024-07-21,ads,Pro,37,True,False,7363,88356,monthly,True,653,30,63,4.0,24.0,3.5,0.0
A-993085,Company_258,HealthTech,US,2023-06-01,ads,Basic,31,True,False,8358,100296,monthly,False,665,50,64,4.0,46.5,3.5,0.0
A-92a3af,Company_259,Cybersecurity,IN,2024-07-07,organic,Enterprise,25,False,False,1225,14700,monthly,True,714,55,65,4.0,57.5,4.0,1.0
A-151c9a,Company_260,FinTech,US,2023-01-27,ads,Enterprise,23,False,False,2548,30576,monthly,False,366,14,34,2.0,31.0,3.5,0.0
A-474ad4,Company_261,EdTech,US,2023-11-28,organic,Basic,8,False,False,4776,57312,annual,False,605,45,57,3.0,33.0,5.0,1.0
A-4ef964,Company_262,HealthTech,US,2024-03-07,organic,Pro,17,False,False,1372,16464,monthly,True,487,33,49,3.0,42.666666666666664,4.0,0.0
A-fd9422,Company_263,Cybersecurity,US,2024-04-04,organic,Pro,58,False,False,2842,34104,annual,True,456,21,43,6.0,44.333333333333336,3.5,1.0
A-0baac2,Company_264,FinTech,DE,2024-05-30,organic,Enterprise,14,False,True,2786,33432,monthly,True,202,9,21,6.0,43.5,4.333333333333333,0.0
A-bb1486,Company_265,HealthTech,US,2024-11-05,organic,Basic,41,False,False,3283,39396,annual,True,405,36,41,3.0,11.0,3.0,0.0
A-560d27,Company_266,DevTools,US,2024-05-05,organic,Pro,23,False,False,0,0,annual,True,587,38,57,4.0,30.75,3.6666666666666665,0.0
A-0b0d6d,Company_267,DevTools,US,2024-12-30,organic,Pro,3,False,False,1029,12348,annual,True,582,48,61,5.0,31.4,4.0,1.0
A-2789e3,Company_268,FinTech,US,2024-09-14,partner,Enterprise,11,False,False,0,0,monthly,True,680,45,62,4.0,47.25,4.0,0.0
A-b07346,Company_269,HealthTech,US,2024-10-10,partner,Pro,51,False,True,0,0,annual,True,326,22,33,3.0,42.333333333333336,3.5,0.0
A-902ef7,Company_270,HealthTech,US,2024-09-03,other,Enterprise,83,False,True,1577,18924,annual,True,414,24,39,2.0,48.5,4.0,0.0
A-20736a,Company_271,EdTech,IN,2024-03-16,organic,Enterprise,50,False,False,9950,119400,annual,True,430,22,40,4.0,42.25,3.75,0.0
A-e4bf56,Company_272,HealthTech,IN,2024-10-28,ads,Pro,17,False,True,4378,52536,monthly,True,339,10,33,8.0,29.125,3.6666666666666665,0.0
A-cea1f0,Company_273,FinTech,US,2024-04-07,event,Pro,8,False,True,1592,19104,annual,False,586,28,54,5.0,42.2,4.333333333333333,0.0
A-ef84cf,Company_274,EdTech,US,2024-03-01,partner,Enterprise,8,False,False,152,1824,monthly,True,309,11,28,5.0,34.8,4.333333333333333,1.0
A-d49cc5,Company_275,Cybersecurity,FR,2023-09-19,event,Basic,50,False,False,950,11400,monthly,True,436,34,39,4.0,32.0,4.5,0.0
A-67be94,Company_276,EdTech,US,2023-04-04,organic,Enterprise,26,False,False,1274,15288,monthly,True,416,17,41,5.0,38.6,4.0,0.0
A-4e960a,Company_277,FinTech,US,2024-01-17,other,Enterprise,12,True,True,228,2736,monthly,True,512,21,47,6.0,29.166666666666668,4.0,0.0
A-c37cab,Company_278,Cybersecurity,UK,2024-07-29,event,Pro,13,False,False,437,5244,annual,True,708,40,68,4.0,33.0,3.75,1.0
A-533452,Company_279,DevTools,AU,2024-11-12,organic,Pro,9,False,False,988,11856,annual,False,595,44,62,4.0,32.75,4.0,0.0
A-443b7c,Company_280,Cybersecurity,US,2024-09-06,other,Enterprise,1,False,True,152,1824,annual,True,618,29,59,8.0,29.25,4.4,0.0
A-1f7acb,Company_281,FinTech,UK,2023-08-06,ads,Basic,64,True,False,12736,152832,annual,True,510,47,53,7.0,41.714285714285715,4.4,0.0
A-f51f16,Company_282,HealthTech,US,2023-12-25,partner,Enterprise,1,False,False,38,456,annual,True,384,28,37,4.0,29.25,3.0,0.0
A-5a3eb9,Company_283,DevTools,CA,2023-08-20,other,Enterprise,18,True,False,882,10584,annual,True,722,34,64,3.0,24.0,,0.0
A-5f2961,Company_284,HealthTech,US,2024-11-22,partner,Basic,4,False,False,304,3648,annual,True,348,19,36,1.0,53.0,,0.0
A-417d2f,Company_285,Cybersecurity,IN,2023-07-04,partner,Pro,4,True,False,1617,19404,monthly,True,722,31,71,6.0,43.5,4.333333333333333,0.0
A-e98302,Company_286,EdTech,US,2023-12-26,ads,Enterprise,16,True,False,2842,34104,annual,True,273,18,27,9.0,44.44444444444444,4.142857142857143,0.0
A-8bde0c,Company_287,DevTools,US,2024-11-04,organic,Basic,12,False,False,2388,28656,monthly,True,773,43,78,3.0,25.666666666666668,4.0,0.0
A-bcf87c,Company_288,FinTech,US,2024-06-27,event,Pro,10,False,True,3383,40596,monthly,True,503,19,53,2.0,63.0,4.0,0.0
A-54ecc2,Company_289,Cybersecurity,US,2023-06-11,partner,Enterprise,4,False,False,5572,66864,monthly,True,607,39,54,5.0,37.4,5.0,0.0
A-625d0b,Company_290,EdTech,AU,2024-09-02,ads,Basic,9,False,False,1791,21492,annual,True,529,38,54,5.0,48.4,3.0,0.0
A-fce879,Company_291,EdTech,UK,2024-09-24,partner,Pro,10,True,True,399,4788,annual,True,299,14,27,2.0,28.0,4.0,0.0
A-b07b56,Company_292,DevTools,US,2024-11-08,event,Pro,25,False,True,0,0,annual,True,633,39,60,4.0,31.25,3.0,0.0
A-6da850,Company_293,FinTech,IN,2023-10-07,organic,Pro,5,False,False,114,1368,annual,True,714,54,67,5.0,49.0,4.0,0.0
A-342303,Company_294,EdTech,US,2024-03-16,other,Pro,1,True,False,0,0,annual,True,141,5,15,3.0,29.333333333333332,4.5,0.0
A-e7a1e2,Company_295,Cybersecurity,US,2024-06-23,event,Enterprise,3,False,False,8756,105072,annual,True,703,36,67,1.0,45.0,4.0,0.0
A-f1f639,Company_296,EdTech,US,2023-02-26,ads,Basic,2,False,False,1791,21492,monthly,True,139,10,13,7.0,20.0,4.8,0.0
A-a865bd,Company_297,Cybersecurity,US,2023-09-19,organic,Pro,38,False,False,2744,32928,monthly,False,230,13,23,2.0,31.5,3.0,0.0
A-4e631b,Company_298,FinTech,US,2024-03-16,other,Enterprise,22,False,False,418,5016,annual,True,502,29,46,2.0,24.5,4.0,0.0
A-7f6b86,Company_299,HealthTech,US,2023-08-24,partner,Basic,45,True,True,855,10260,annual,True,420,14,41,7.0,40.42857142857143,3.6666666666666665,0.0
A-8adedc,Company_300,EdTech,US,2024-02-11,event,Basic,4,True,True,3332,39984,annual,True,583,33,60,4.0,49.25,4.0,0.0
A-2edab2,Company_301,HealthTech,US,2023-11-17,event,Enterprise,17,False,False,833,9996,monthly,True,487,26,44,4.0,30.0,3.0,0.0
A-149a69,Company_302,DevTools,US,2024-10-17,event,Basic,34,False,False,646,7752,monthly,True,208,9,18,8.0,33.875,4.2,0.0
A-a6d261,Company_303,FinTech,CA,2023-11-29,other,Pro,9,False,False,247,2964,annual,True,627,29,61,4.0,40.0,4.666666666666667,1.0
A-443f6f,Company_304,Cybersecurity,US,2024-12-07,organic,Basic,19,False,False,931,11172,monthly,True,527,28,56,4.0,28.0,4.666666666666667,0.0
A-202b67,Company_305,HealthTech,US,2024-03-22,organic,Pro,11,False,False,5771,69252,monthly,True,447,40,45,4.0,36.75,4.666666666666667,0.0
A-00bed1,Company_306,Cybersecurity,US,2023-11-14,ads,Basic,28,True,False,5572,66864,annual,False,514,27,49,4.0,31.75,4.0,0.0
A-ffc04f,Company_307,EdTech,US,2024-06-06,ads,Pro,13,False,False,247,2964,monthly,True,857,64,83,7.0,17.714285714285715,4.5,1.0
A-65c341,Company_308,FinTech,US,2023-12-26,ads,Pro,11,True,False,1911,22932,monthly,True,410,18,35,5.0,41.4,4.0,0.0
A-dcc2f0,Company_309,FinTech,UK,2023-07-22,organic,Basic,15,False,False,608,7296,annual,False,833,26,72,2.0,27.0,,0.0
A-ced9aa,Company_310,DevTools,US,2024-10-05,other,Enterprise,3,False,False,147,1764,annual,True,531,39,52,7.0,28.857142857142858,3.0,0.0
A-3d957b,Company_311,HealthTech,UK,2024-04-04,other,Pro,14,False,False,2786,33432,annual,False,143,13,15,3.0,41.333333333333336,3.0,0.0
A-89ee83,Company_312,Cybersecurity,US,2024-10-04,organic,Pro,1,False,True,3582,42984,monthly,True,565,26,55,5.0,21.8,4.0,1.0
A-883b7d,Company_313,Cybersecurity,IN,2024-03-28,other,Basic,17,False,False,9950,119400,annual,True,644,40,62,7.0,25.571428571428573,3.6,1.0
A-dcc3f1,Company_314,HealthTech,US,2023-12-27,event,Pro,21,False,False,399,4788,annual,False,500,32,47,9.0,35.666666666666664,3.8,0.0
A-c62e55,Company_315,EdTech,US,2023-02-08,partner,Basic,1,True,False,686,8232,annual,True,337,13,32,4.0,27.5,4.0,0.0
A-e4144b,Company_316,EdTech,UK,2024-10-22,other,Pro,41,False,False,8159,97908,annual,True,439,21,43,3.0,57.0,4.0,0.0
A-e40f45,Company_317,HealthTech,US,2024-04-18,organic,Pro,21,False,False,399,4788,monthly,False,401,26,45,7.0,26.714285714285715,4.333333333333333,0.0
A-96215d,Company_318,FinTech,US,2024-08-08,event,Enterprise,10,False,False,490,5880,annual,False,347,21,29,1.0,25.0,3.0,0.0
A-2b9d3e,Company_319,EdTech,US,2023-06-04,partner,Enterprise,1,False,False,398,4776,monthly,True,444,19,43,3.0,34.666666666666664,5.0,0.0
A-b7724f,Company_320,HealthTech,UK,2023-03-28,organic,Basic,1,False,False,551,6612,monthly,True,380,16,37,3.0,28.666666666666668,3.0,0.0
A-310452,Company_321,DevTools,FR,2024-12-25,other,Enterprise,9,False,False,441,5292,annual,True,268,16,23,5.0,34.2,3.6,0.0
A-eb1312,Company_322,FinTech,US,2024-09-16,partner,Pro,25,False,False,475,5700,annual,True,663,38,60,1.0,68.0,5.0,0.0
A-df1e44,Company_323,Cybersecurity,UK,2024-02-23,organic,Enterprise,12,False,False,588,7056,monthly,True,420,14,42,2.0,53.0,5.0,0.0
A-6a7c9d,Company_324,Cybersecurity,US,2024-10-24,organic,Enterprise,26,False,True,1274,15288,annual,True,189,6,19,3.0,34.333333333333336,4.0,0.0
A-cbd1a3,Company_325,DevTools,US,2024-11-25,other,Basic,6,False,True,380,4560,annual,True,465,32,44,4.0,34.5,4.0,0.0
A-a8d89d,Company_326,EdTech,US,2023-12-08,ads,Pro,13,False,False,323,3876,annual,True,551,26,54,2.0,44.5,5.0,0.0
A-600734,Company_327,DevTools,US,2023-11-14,organic,Pro,29,True,True,1764,21168,monthly,True,660,30,67,7.0,52.57142857142857,3.6666666666666665,1.0
A-86fc1d,Company_328,DevTools,UK,2024-07-26,partner,Basic,26,False,False,0,0,monthly,True,363,26,37,5.0,27.0,4.0,0.0
A-78f02b,Company_329,HealthTech,US,2024-11-17,event,Enterprise,11,False,False,539,6468,annual,True,211,16,20,4.0,45.75,4.0,0.0
A-acb7f7,Company_330,EdTech,US,2024-01-06,ads,Basic,32,False,False,608,7296,annual,True,612,36,59,3.0,41.0,3.5,0.0
A-712f1c,Company_331,DevTools,US,2023-12-16,ads,Basic,17,False,True,833,9996,annual,True,631,34,67,6.0,41.666666666666664,4.0,0.0
A-3793ee,Company_332,Cybersecurity,CA,2023-03-21,organic,Enterprise,49,True,False,9751,117012,monthly,False,352,11,37,4.0,43.75,4.0,0.0
A-9a532a,Company_333,HealthTech,US,2024-07-06,partner,Enterprise,11,False,False,2189,26268,monthly,True,185,15,18,2.0,57.5,,0.0
A-2ebb4b,Company_334,HealthTech,US,2023-05-15,ads,Basic,41,False,False,2009,24108,monthly,True,488,33,49,2.0,43.5,3.0,0.0
A-6843f2,Company_335,HealthTech,CA,2024-12-10,ads,Enterprise,21,False,False,1127,13524,annual,True,481,17,44,2.0,36.5,3.0,0.0
A-c9bb3e,Company_336,EdTech,US,2024-03-24,ads,Pro,5,False,False,190,2280,monthly,True,474,20,43,7.0,27.714285714285715,4.2,1.0
A-4814a3,Company_337,Cybersecurity,IN,2024-09-17,event,Basic,87,False,True,4263,51156,monthly,True,587,45,58,4.0,18.75,4.0,1.0
A-b7b7b7,Company_338,FinTech,US,2024-06-30,event,Basic,24,False,True,1176,14112,annual,True,571,26,54,3.0,17.0,5.0,0.0
A-ccc747,Company_339,HealthTech,FR,2024-01-12,event,Pro,16,False,True,304,3648,annual,True,284,13,30,4.0,32.25,5.0,1.0
A-bb3bd4,Company_340,HealthTech,US,2024-01-27,ads,Basic,23,False,False,437,5244,annual,True,315,11,29,11.0,32.72727272727273,4.142857142857143,0.0
A-09316c,Company_341,FinTech,AU,2024-09-11,organic,Enterprise,70,False,False,13930,167160,annual,True,566,31,54,4.0,54.75,3.75,1.0
A-96bbc6,Company_342,Cybersecurity,US,2024-05-07,organic,Enterprise,39,False,False,741,8892,monthly,True,482,25,47,3.0,51.333333333333336,3.3333333333333335,0.0
A-bc4d48,Company_343,EdTech,US,2024-06-12,ads,Pro,35,True,False,665,7980,annual,True,321,9,30,6.0,41.166666666666664,4.2,1.0
A-b30291,Company_344,HealthTech,US,2024-04-05,event,Basic,5,True,True,245,2940,annual,True,519,31,47,1.0,16.0,,0.0
A-cdf020,Company_345,DevTools,AU,2023-08-16,organic,Pro,23,False,False,2156,25872,monthly,True,379,18,39,4.0,29.5,4.0,0.0
A-e6afc1,Company_346,DevTools,US,2023-02-24,ads,Pro,1,False,False,0,0,monthly,False,679,30,67,,,,
A-e3bd71,Company_347,Cybersecurity,US,2023-03-25,partner,Basic,31,False,False,1519,18228,annual,False,638,27,60,4.0,30.25,4.0,0.0
A-b179bf,Company_348,Cybersecurity,IN,2024-10-27,ads,Basic,43,False,False,0,0,annual,True,398,18,37,6.0,24.666666666666668,4.0,0.0
A-098560,Company_349,DevTools,UK,2023-10-21,ads,Enterprise,1,False,True,796,9552,monthly,True,567,32,54,2.0,28.0,3.0,1.0
A-82861f,Company_350,DevTools,UK,2024-04-25,organic,Basic,41,False,False,8159,97908,annual,False,462,43,48,5.0,24.4,3.2,0.0
A-94c3cd,Company_351,FinTech,CA,2023-09-20,other,Enterprise,32,False,False,6368,76416,monthly,True,306,18,30,4.0,44.75,3.5,1.0
A-a33200,Company_352,HealthTech,US,2024-09-15,partner,Basic,29,False,False,551,6612,monthly,True,517,26,53,3.0,36.333333333333336,4.5,0.0
A-034368,Company_353,EdTech,US,2023-11-05,event,Enterprise,19,False,False,4577,54924,monthly,True,265,25,27,5.0,41.2,4.0,0.0
A-b54c01,Company_354,DevTools,US,2024-09-29,event,Enterprise,29,False,False,551,6612,annual,False,226,17,21,5.0,42.6,3.0,0.0
A-d82ef9,Company_355,EdTech,UK,2024-07-02,other,Basic,26,False,True,494,5928,monthly,True,679,46,64,5.0,39.8,4.25,1.0
A-bb2f49,Company_356,Cybersecurity,US,2023-05-28,other,Pro,8,False,False,1372,16464,monthly,False,618,42,60,3.0,22.333333333333332,4.0,0.0
A-1f559b,Company_357,HealthTech,US,2023-09-04,organic,Enterprise,5,True,True,190,2280,annual,False,400,27,37,5.0,50.4,4.2,0.0
A-5a215a,Company_358,EdTech,FR,2024-01-05,other,Enterprise,87,False,False,4263,51156,annual,True,807,71,73,4.0,29.5,4.0,0.0
A-3f9cc0,Company_359,HealthTech,US,2024-06-03,event,Basic,22,False,False,5970,71640,monthly,True,407,24,42,5.0,34.8,4.5,1.0
A-f9cc74,Company_360,DevTools,FR,2024-10-12,partner,Enterprise,30,True,False,0,0,monthly,True,484,22,49,6.0,49.833333333333336,4.0,0.0
A-ed510f,Company_361,Cybersecurity,IN,2023-01-17,partner,Basic,42,False,False,2058,24696,monthly,True,493,28,48,9.0,44.55555555555556,4.0,0.0
A-5c9849,Company_362,EdTech,IN,2024-11-03,partner,Basic,19,False,False,931,11172,monthly,False,473,23,44,4.0,59.5,,1.0
A-a7bd4b,Company_363,Cybersecurity,US,2023-02-15,ads,Enterprise,5,False,False,342,4104,monthly,True,576,37,53,6.0,36.833333333333336,3.25,0.0
A-d4ac0e,Company_364,DevTools,UK,2024-04-20,ads,Basic,18,False,False,882,10584,monthly,True,793,53,76,4.0,21.0,3.5,0.0
A-ffdfd5,Company_365,EdTech,US,2024-04-13,organic,Basic,3,False,True,147,1764,monthly,True,529,28,51,,,,
A-0dbdc6,Company_366,Cybersecurity,DE,2023-02-12,other,Pro,30,False,True,2303,27636,annual,True,512,31,51,4.0,47.0,5.0,0.0
A-7cfe77,Company_367,DevTools,US,2024-07-10,ads,Pro,69,False,False,1311,15732,annual,True,205,11,19,7.0,30.714285714285715,3.5,0.0
A-1f0636,Company_368,EdTech,AU,2024-01-01,partner,Pro,105,False,False,20895,250740,annual,False,685,30,67,2.0,38.5,3.5,0.0
A-40de06,Company_369,Cybersecurity,US,2023-05-08,event,Enterprise,28,False,True,532,6384,annual,True,902,43,84,3.0,40.333333333333336,4.0,0.0
A-cb5333,Company_370,DevTools,US,2024-03-26,ads,Pro,33,False,False,1617,19404,monthly,True,796,34,77,4.0,30.75,3.0,0.0
A-309e54,Company_371,DevTools,US,2024-12-09,other,Pro,15,False,False,285,3420,annual,True,509,24,50,5.0,23.8,3.0,0.0
A-6e7827,Company_372,DevTools,US,2023-03-26,other,Basic,1,False,False,833,9996,annual,True,419,31,40,2.0,51.0,3.5,0.0
A-50bb9f,Company_373,Cybersecurity,US,2024-07-12,organic,Pro,2,False,False,2646,31752,annual,True,276,15,24,7.0,33.285714285714285,4.0,0.0
A-5fe118,Company_374,Cybersecurity,US,2024-11-07,other,Enterprise,39,False,False,0,0,monthly,True,233,12,21,1.0,19.0,4.0,0.0
A-5247b3,Company_375,FinTech,UK,2024-03-12,partner,Pro,16,True,False,1406,16872,annual,True,610,29,57,5.0,45.8,4.0,0.0
A-f44180,Company_376,Cybersecurity,UK,2023-02-13,event,Pro,9,False,False,0,0,annual,False,520,22,51,2.0,46.5,5.0,0.0
A-c16cf7,Company_377,EdTech,US,2024-10-16,event,Pro,13,True,False,665,7980,annual,True,577,26,56,3.0,48.333333333333336,3.5,0.0
A-d42431,Company_378,FinTech,FR,2024-06-09,ads,Enterprise,22,True,False,4378,52536,annual,True,457,34,47,4.0,24.25,4.0,0.0
A-6965e1,Company_379,DevTools,US,2024-11-25,organic,Basic,13,False,False,247,2964,monthly,True,627,29,56,3.0,39.0,3.0,0.0
A-0354fe,Company_380,Cybersecurity,US,2024-10-22,other,Basic,34,False,False,0,0,annual,True,463,30,44,4.0,20.0,4.0,0.0
A-0a62f5,Company_381,FinTech,UK,2024-09-11,partner,Pro,16,False,False,475,5700,monthly,True,244,7,25,2.0,33.5,,0.0
A-f5641b,Company_382,EdTech,US,2024-03-30,other,Pro,31,False,False,8955,107460,monthly,True,438,18,39,4.0,47.5,3.0,1.0
A-b44e3e,Company_383,Cybersecurity,UK,2024-02-12,ads,Basic,40,False,False,7960,95520,annual,True,387,13,37,3.0,40.0,4.333333333333333,0.0
A-3b37d9,Company_384,FinTech,US,2023-01-27,event,Enterprise,23,False,False,4577,54924,annual,True,451,21,43,5.0,36.0,4.5,0.0
A-54d94a,Company_385,Cybersecurity,IN,2023-05-01,event,Basic,27,False,False,513,6156,annual,True,582,28,57,4.0,53.75,3.5,0.0
A-7f29a7,Company_386,Cybersecurity,UK,2024-09-18,event,Basic,41,True,False,779,9348,monthly,True,619,38,58,1.0,24.0,4.0,0.0
A-089363,Company_387,FinTech,AU,2023-05-06,event,Basic,2,False,False,0,0,annual,True,628,33,60,3.0,35.0,3.6666666666666665,0.0
A-524364,Company_388,DevTools,FR,2024-12-31,partner,Enterprise,3,False,False,0,0,annual,True,237,24,26,3.0,47.666666666666664,4.333333333333333,0.0
A-855a48,Company_389,EdTech,US,2023-12-22,partner,Pro,14,True,False,11940,143280,annual,True,448,16,43,5.0,39.6,3.6666666666666665,0.0
A-756192,Company_390,FinTech,IN,2023-06-11,other,Basic,19,False,False,1862,22344,annual,True,617,43,61,3.0,37.333333333333336,4.0,0.0
A-49b828,Company_391,FinTech,IN,2023-05-05,ads,Pro,6,False,False,3980,47760,annual,True,687,45,62,3.0,13.666666666666666,3.5,1.0
A-c7ffc2,Company_392,Cybersecurity,US,2023-01-27,partner,Pro,30,True,False,931,11172,monthly,False,640,28,60,2.0,64.0,3.0,0.0
A-751c58,Company_393,FinTech,UK,2024-07-18,organic,Basic,15,False,False,1349,16188,annual,True,574,12,51,5.0,39.6,4.333333333333333,0.0
A-72799b,Company_394,DevTools,FR,2023-11-13,event,Enterprise,20,False,True,2989,35868,annual,True,550,34,55,2.0,33.5,4.5,1.0
A-812c5b,Company_395,DevTools,CA,2024-02-25,organic,Basic,55,False,True,2695,32340,monthly,True,866,46,84,4.0,27.0,4.0,0.0
A-69b156,Company_396,EdTech,US,2023-11-21,other,Pro,7,False,True,152,1824,monthly,False,360,20,36,7.0,32.0,4.0,0.0
A-075038,Company_397,HealthTech,UK,2023-05-12,ads,Basic,17,False,False,798,9576,monthly,True,743,31,69,2.0,43.5,3.0,0.0
A-940b8b,Company_398,HealthTech,DE,2024-03-19,organic,Basic,1,False,False,0,0,annual,True,362,32,34,3.0,41.333333333333336,4.0,0.0
A-2d1036,Company_399,FinTech,US,2024-06-14,ads,Pro,69,False,True,3381,40572,monthly,False,692,40,66,5.0,37.8,4.6,1.0
A-0f6450,Company_400,FinTech,US,2024-12-27,other,Pro,28,True,True,5572,66864,monthly,False,539,39,52,8.0,29.75,3.8333333333333335,1.0
A-9affe6,Company_401,Cybersecurity,US,2023-03-22,other,Pro,7,False,False,1127,13524,monthly,True,473,16,46,3.0,58.0,3.0,0.0
A-80eeb6,Company_402,Cybersecurity,UK,2023-05-09,organic,Enterprise,22,False,False,4378,52536,annual,True,725,43,71,4.0,40.25,3.6666666666666665,1.0
A-d4e0d4,Company_403,FinTech,US,2024-10-18,other,Basic,117,False,False,23283,279396,annual,True,488,33,47,4.0,39.25,4.0,0.0
A-c7e58b,Company_404,HealthTech,IN,2023-06-25,other,Pro,3,False,False,0,0,monthly,True,343,18,33,5.0,30.6,3.5,0.0
A-016043,Company_405,EdTech,CA,2024-07-31,organic,Basic,4,True,False,494,5928,monthly,False,490,21,46,3.0,30.333333333333332,4.0,0.0
A-bbe56f,Company_406,HealthTech,US,2023-02-16,ads,Enterprise,21,False,False,418,5016,annual,True,232,8,22,4.0,26.25,4.0,0.0
A-7c5768,Company_407,HealthTech,UK,2024-03-02,event,Enterprise,3,False,False,0,0,monthly,True,461,31,45,5.0,28.8,4.0,0.0
A-751bd4,Company_408,Cybersecurity,UK,2024-07-12,partner,Pro,10,False,False,0,0,annual,True,92,0,10,6.0,23.166666666666668,4.25,1.0
A-4e0e85,Company_409,DevTools,US,2023-09-08,organic,Enterprise,6,False,False,0,0,annual,True,288,9,31,2.0,53.0,5.0,0.0
A-ad3abd,Company_410,FinTech,US,2023-03-03,event,Pro,44,False,False,2156,25872,monthly,True,296,11,27,3.0,13.0,3.0,0.0
A-e19ff6,Company_411,Cybersecurity,UK,2023-07-28,partner,Enterprise,1,False,False,1274,15288,monthly,False,456,24,45,3.0,30.666666666666668,4.666666666666667,0.0
A-7920cc,Company_412,Cybersecurity,FR,2023-11-23,ads,Pro,39,False,False,13731,164772,annual,True,601,28,59,7.0,32.857142857142854,4.333333333333333,0.0
A-5a92e7,Company_413,HealthTech,US,2024-06-11,ads,Pro,4,False,False,0,0,monthly,True,885,76,83,7.0,45.0,4.4,0.0
A-fdfc91,Company_414,Cybersecurity,US,2023-05-06,ads,Basic,29,False,False,2109,25308,monthly,True,564,29,56,5.0,28.8,3.6666666666666665,0.0
A-1e50e0,Company_415,Cybersecurity,DE,2023-02-21,other,Pro,19,True,True,3781,45372,annual,True,194,15,19,2.0,20.5,5.0,1.0
A-1e1b80,Company_416,FinTech,CA,2023-09-12,other,Enterprise,50,False,False,950,11400,annual,True,682,47,67,6.0,43.0,3.2,0.0
A-659280,Company_417,FinTech,IN,2023-11-17,event,Enterprise,13,True,True,0,0,annual,False,613,34,55,4.0,8.0,4.333333333333333,0.0
A-f6b2fb,Company_418,DevTools,AU,2024-04-23,event,Basic,23,False,False,437,5244,monthly,False,524,37,53,5.0,55.0,4.0,1.0
A-cb6cc6,Company_419,DevTools,US,2023-04-03,ads,Basic,13,True,False,1225,14700,monthly,True,314,26,34,3.0,16.333333333333332,3.5,0.0
A-d62e02,Company_420,Cybersecurity,US,2024-08-20,partner,Pro,6,False,False,1194,14328,monthly,False,344,23,33,1.0,36.0,4.0,0.0
A-d535f6,Company_421,DevTools,US,2024-09-03,organic,Basic,12,True,True,0,0,monthly,True,477,29,45,,,,
A-39868b,Company_422,FinTech,AU,2024-03-17,partner,Pro,9,False,False,0,0,annual,False,305,21,28,6.0,39.0,4.25,0.0
A-3cc791,Company_423,EdTech,US,2024-01-10,other,Enterprise,6,False,False,1764,21168,monthly,True,447,30,44,6.0,48.333333333333336,4.25,1.0
A-337bc1,Company_424,Cybersecurity,US,2023-07-19,organic,Pro,30,True,False,0,0,annual,True,425,34,41,4.0,32.5,4.0,1.0
A-58b9ff,Company_425,DevTools,IN,2024-05-31,partner,Enterprise,2,False,False,1617,19404,monthly,True,667,32,65,2.0,66.0,4.0,1.0
A-bf7919,Company_426,HealthTech,US,2024-11-27,organic,Pro,3,False,False,0,0,annual,False,262,14,26,2.0,14.5,5.0,0.0
A-1d5444,Company_427,Cybersecurity,US,2024-01-18,partner,Basic,24,False,True,0,0,annual,False,592,35,57,2.0,30.0,4.0,0.0
A-0f3e88,Company_428,HealthTech,US,2023-07-23,other,Basic,7,False,True,343,4116,monthly,False,598,28,58,3.0,48.0,4.5,0.0
A-7641d3,Company_429,EdTech,US,2023-02-16,partner,Pro,8,True,True,190,2280,annual,True,519,26,48,5.0,45.2,4.333333333333333,2.0
A-cd458b,Company_430,DevTools,US,2024-06-15,other,Basic,10,True,False,1990,23880,monthly,True,864,45,81,5.0,38.4,4.6,0.0
A-c16b88,Company_431,HealthTech,US,2023-12-02,event,Enterprise,23,False,False,4577,54924,annual,False,457,24,48,3.0,48.333333333333336,3.0,0.0
A-59f724,Company_432,HealthTech,US,2023-11-03,other,Enterprise,3,True,False,342,4104,monthly,True,696,47,62,4.0,19.25,4.25,0.0
A-87aa7b,Company_433,HealthTech,US,2024-05-16,organic,Pro,24,True,False,2499,29988,monthly,True,742,35,68,3.0,27.333333333333332,,1.0
A-1e6fc3,Company_434,EdTech,FR,2023-12-06,other,Pro,1,False,False,199,2388,annual,True,244,19,26,5.0,23.8,3.6666666666666665,0.0
A-39ddf4,Company_435,EdTech,US,2024-12-05,partner,Enterprise,40,False,False,7960,95520,monthly,True,455,36,46,5.0,23.0,4.25,0.0
A-34ea2f,Company_436,HealthTech,US,2024-08-15,organic,Enterprise,8,False,True,3184,38208,annual,False,550,30,56,8.0,35.25,3.8,0.0
A-716841,Company_437,FinTech,US,2024-05-06,other,Pro,45,False,False,8955,107460,monthly,True,344,13,32,5.0,29.8,4.0,0.0
A-558c72,Company_438,FinTech,US,2023-06-01,organic,Basic,12,False,False,735,8820,annual,True,296,16,29,4.0,64.25,4.5,1.0
A-b11cd0,Company_439,DevTools,US,2023-01-20,ads,Pro,26,True,True,1274,15288,annual,True,278,16,28,4.0,38.5,4.0,0.0
A-cc1d8d,Company_440,FinTech,US,2024-12-08,other,Pro,5,False,False,1194,14328,annual,True,618,48,58,5.0,30.2,4.5,0.0
A-7f4db3,Company_441,FinTech,US,2023-03-05,other,Pro,4,False,False,4776,57312,annual,True,844,46,88,5.0,16.6,3.25,1.0
A-db5e9e,Company_442,DevTools,US,2024-11-09,partner,Basic,4,False,False,588,7056,annual,True,586,27,54,2.0,66.0,5.0,0.0
A-cc102e,Company_443,HealthTech,US,2024-04-15,partner,Enterprise,13,False,False,247,2964,annual,True,394,39,43,4.0,33.25,4.333333333333333,0.0
A-82d8a6,Company_444,Cybersecurity,UK,2024-11-28,ads,Basic,5,False,False,245,2940,annual,True,661,38,69,5.0,42.2,3.5,0.0
A-dec005,Company_445,HealthTech,US,2023-10-13,partner,Pro,21,False,False,10746,128952,annual,False,475,44,50,2.0,59.0,3.0,0.0
A-5790f4,Company_446,FinTech,UK,2024-12-22,event,Pro,1,True,False,627,7524,monthly,False,321,26,35,4.0,44.0,4.0,1.0
A-7c83a1,Company_447,Cybersecurity,US,2024-05-06,partner,Pro,12,False,False,1176,14112,monthly,True,632,23,61,4.0,42.0,4.0,0.0
A-297a2d,Company_448,HealthTech,UK,2023-05-05,event,Pro,27,False,False,5373,64476,annual,True,244,22,24,2.0,32.5,3.0,0.0
A-4c56c9,Company_449,FinTech,US,2023-12-20,partner,Enterprise,9,False,True,342,4104,annual,True,623,38,61,5.0,38.6,3.75,0.0
A-cbbe12,Company_450,Cybersecurity,DE,2023-03-22,partner,Enterprise,40,False,False,7960,95520,monthly,True,178,10,21,6.0,38.0,4.25,0.0
A-4a267b,Company_451,FinTech,US,2024-05-05,other,Pro,25,False,False,0,0,annual,True,498,22,49,4.0,16.25,4.333333333333333,0.0
A-bcbe98,Company_452,Cybersecurity,US,2024-07-29,other,Enterprise,46,False,False,874,10488,monthly,True,635,43,59,7.0,38.285714285714285,4.0,1.0
A-427b69,Company_453,FinTech,US,2024-08-23,other,Basic,17,False,False,323,3876,monthly,False,698,36,67,2.0,31.5,3.0,0.0
A-0be015,Company_454,FinTech,US,2024-10-15,event,Pro,19,False,False,0,0,monthly,False,297,13,28,7.0,40.285714285714285,4.2,1.0
A-054577,Company_455,EdTech,UK,2024-04-28,ads,Basic,2,False,False,392,4704,monthly,True,833,52,83,1.0,46.0,4.0,0.0
A-bc87bc,Company_456,FinTech,US,2024-07-17,event,Pro,3,False,False,152,1824,monthly,True,394,14,36,7.0,40.57142857142857,3.75,0.0
A-0f7d77,Company_457,FinTech,IN,2024-10-28,partner,Pro,3,False,False,133,1596,annual,True,298,19,30,5.0,27.2,5.0,0.0
A-e7beab,Company_458,EdTech,DE,2023-10-20,organic,Enterprise,5,False,False,245,2940,monthly,True,373,17,35,6.0,36.666666666666664,4.0,0.0
A-a09355,Company_459,FinTech,US,2024-08-10,organic,Basic,14,False,False,686,8232,monthly,True,788,47,70,5.0,32.6,4.0,0.0
A-31ab9a,Company_460,FinTech,DE,2024-03-03,organic,Pro,3,False,False,2786,33432,monthly,True,340,23,34,7.0,43.142857142857146,3.5,0.0
A-0158bb,Company_461,FinTech,DE,2024-05-22,partner,Basic,5,False,False,2205,26460,annual,True,364,22,35,1.0,32.0,3.0,0.0
A-f19b24,Company_462,Cybersecurity,US,2023-01-10,organic,Pro,29,True,False,551,6612,monthly,True,119,10,12,2.0,35.5,4.0,1.0
A-798a3f,Company_463,DevTools,FR,2023-10-19,other,Enterprise,12,False,True,2587,31044,monthly,False,352,19,34,5.0,33.0,4.0,0.0
A-42b791,Company_464,FinTech,AU,2024-05-20,event,Pro,3,False,False,380,4560,monthly,False,312,6,32,3.0,33.666666666666664,4.0,0.0
A-068fc6,Company_465,EdTech,US,2023-07-17,event,Enterprise,35,False,False,6965,83580,monthly,True,598,29,57,5.0,38.8,4.333333333333333,0.0
A-6f50ae,Company_466,FinTech,US,2023-09-21,partner,Pro,19,False,True,3781,45372,monthly,True,811,48,76,5.0,31.0,4.5,0.0
A-a2485e,Company_467,FinTech,US,2024-08-04,event,Pro,3,True,False,3383,40596,annual,True,317,13,28,,,,
A-bb1eaa,Company_468,Cybersecurity,US,2024-06-11,organic,Basic,21,False,False,1225,14700,annual,True,164,7,17,6.0,23.5,4.5,0.0
A-cc98bc,Company_469,DevTools,US,2023-05-24,ads,Basic,32,False,False,0,0,monthly,True,551,24,48,3.0,4.666666666666667,4.0,0.0
A-d77f4c,Company_470,DevTools,US,2023-09-25,partner,Pro,4,True,False,196,2352,annual,True,617,32,62,2.0,31.0,4.0,0.0
A-ccabf0,Company_471,HealthTech,IN,2023-11-06,organic,Pro,1,False,False,0,0,annual,True,506,29,50,4.0,46.25,3.6666666666666665,0.0
A-700ade,Company_472,Cybersecurity,UK,2024-10-31,organic,Enterprise,1,True,False,950,11400,monthly,False,284,18,29,4.0,30.25,4.666666666666667,0.0
A-4a4c2d,Company_473,DevTools,US,2023-05-02,event,Enterprise,54,False,False,2646,31752,monthly,True,587,37,58,5.0,42.0,4.25,0.0
A-b7ef83,Company_474,Cybersecurity,UK,2024-05-29,partner,Pro,1,True,False,588,7056,monthly,False,738,39,67,2.0,47.5,4.0,0.0
A-e08cd3,Company_475,FinTech,US,2024-09-21,ads,Pro,67,True,False,1273,15276,annual,True,432,21,43,8.0,30.375,4.0,0.0
A-19b2c8,Company_476,DevTools,IN,2023-06-06,other,Pro,20,False,False,3980,47760,monthly,True,601,34,62,3.0,29.333333333333332,4.666666666666667,0.0
A-970c97,Company_477,HealthTech,DE,2024-03-01,other,Enterprise,14,False,False,931,11172,annual,True,444,24,43,1.0,61.0,5.0,0.0
A-6dee43,Company_478,FinTech,UK,2023-08-12,other,Basic,3,True,False,0,0,annual,True,461,11,48,5.0,44.2,4.333333333333333,0.0
A-5ed98d,Company_479,DevTools,US,2024-06-22,partner,Basic,24,False,False,0,0,annual,True,312,18,31,5.0,35.8,5.0,0.0
A-c58f49,Company_480,EdTech,US,2024-07-31,other,Enterprise,70,True,False,13930,167160,annual,True,363,22,36,3.0,36.333333333333336,5.0,1.0
A-9c18c4,Company_481,HealthTech,US,2023-07-27,ads,Pro,11,False,True,2189,26268,monthly,True,556,37,53,4.0,42.25,4.0,0.0
A-cc8c8f,Company_482,DevTools,US,2024-06-16,ads,Enterprise,23,False,False,0,0,annual,True,268,18,28,2.0,14.5,3.5,0.0
A-5f7781,Company_483,DevTools,US,2024-08-20,other,Pro,22,False,False,1078,12936,annual,True,183,10,18,2.0,28.5,4.0,0.0
A-e1b9cd,Company_484,DevTools,US,2023-02-26,event,Pro,40,False,True,1960,23520,monthly,True,840,47,80,1.0,35.0,3.0,0.0
A-ac85cd,Company_485,EdTech,US,2024-07-31,partner,Enterprise,53,False,False,4165,49980,annual,True,634,29,59,3.0,33.666666666666664,3.5,0.0
A-d792a6,Company_486,DevTools,US,2023-01-23,organic,Enterprise,4,False,False,12935,155220,annual,True,690,40,64,5.0,40.6,4.0,0.0
A-ac9111,Company_487,HealthTech,US,2023-08-12,event,Pro,21,True,False,4179,50148,monthly,True,808,46,77,3.0,24.666666666666668,5.0,0.0
A-18793f,Company_488,EdTech,US,2024-12-18,organic,Basic,148,True,False,0,0,monthly,True,486,20,46,5.0,45.2,3.8,0.0
A-9f0b68,Company_489,EdTech,US,2024-04-28,ads,Basic,10,False,False,0,0,annual,True,709,33,67,3.0,30.333333333333332,3.0,0.0
A-d3c88e,Company_490,DevTools,US,2024-10-18,event,Pro,16,False,False,3184,38208,monthly,True,644,48,63,3.0,58.0,4.0,0.0
A-ccb686,Company_491,DevTools,US,2024-01-22,other,Basic,10,False,False,209,2508,annual,True,721,46,66,1.0,67.0,4.0,0.0
A-118f1c,Company_492,Cybersecurity,US,2024-10-31,other,Pro,32,False,False,6368,76416,annual,False,369,14,36,1.0,64.0,3.0,0.0
A-0e966d,Company_493,FinTech,IN,2024-06-25,ads,Basic,11,False,True,209,2508,annual,True,636,34,62,3.0,31.666666666666668,4.5,1.0
A-b9f5b1,Company_494,Cybersecurity,US,2023-01-24,other,Pro,15,True,False,2985,35820,annual,True,307,12,30,6.0,31.833333333333332,3.3333333333333335,1.0
A-8ae3fc,Company_495,DevTools,CA,2024-06-28,ads,Pro,9,False,False,380,4560,monthly,True,402,30,39,4.0,39.5,3.5,0.0
A-55f257,Company_496,FinTech,US,2023-12-21,organic,Basic,9,False,False,4179,50148,monthly,False,476,25,50,6.0,43.166666666666664,5.0,0.0
A-d26ab4,Company_497,DevTools,UK,2024-11-07,organic,Basic,9,False,True,6567,78804,monthly,True,458,24,43,2.0,49.5,4.0,0.0
A-712533,Company_498,EdTech,US,2023-07-31,organic,Pro,18,False,False,882,10584,monthly,False,571,35,55,5.0,37.4,3.75,0.0
A-781cc0,Company_499,EdTech,US,2024-09-04,organic,Pro,12,False,False,228,2736,annual,True,864,42,81,4.0,57.5,3.6666666666666665,0.0
