account_id,cutoff,horizon_days,tenure_days,n_events_pre,n_react_pre,last_event_days,recent_ended_mrr_90d,winner_mrr_at,lifecycle_proxy_pre,outcome
A-43a9e3,2024-03-31,90,227,0,0,-1,0,5572,28696,0
A-1f0ac7,2024-03-31,90,217,0,0,-1,0,4776,11904,0
A-1b9609,2024-03-31,90,171,2,0,58,0,995,3573,0
A-a0ca4e,2024-03-31,90,23,0,0,-1,0,2388,2388,0
A-e5d6ab,2024-03-31,90,351,1,0,342,0,4179,25549,1
A-10b8da,2024-03-31,90,328,0,0,-1,3383,266,27862,0
A-6c093d,2024-03-31,90,352,0,0,-1,0,1393,6992,0
A-462d45,2024-03-31,90,76,0,0,-1,0,10348,22387,1
A-ac14bb,2024-03-31,90,205,0,0,-1,0,14129,55953,0
A-ce66f8,2024-03-31,90,221,0,0,-1,0,551,4408,0
A-c4ea60,2024-03-31,90,388,0,0,-1,0,912,10944,0
A-832ec2,2024-03-31,90,133,1,0,103,0,3781,7562,0
A-32fb14,2024-03-31,90,390,1,0,225,0,893,3857,1
A-00cac8,2024-03-31,90,198,0,0,-1,0,392,2744,0
A-35083d,2024-03-31,90,338,0,0,-1,0,3781,30248,0
A-eb7fac,2024-03-31,90,155,0,0,-1,0,27064,55304,0
A-b20d99,2024-03-31,90,186,1,0,27,0,3980,11940,0
A-45ce7a,2024-03-31,90,252,0,0,-1,0,3184,8672,0
A-8145a0,2024-03-31,90,341,1,0,263,0,4975,34626,0
A-bad8c1,2024-03-31,90,396,1,1,179,0,2646,26460,0
A-f446b6,2024-03-31,90,324,0,0,-1,0,3582,15306,0
A-05f0e5,2024-03-31,90,332,1,0,77,0,6368,63680,0
A-7f8241,2024-03-31,90,383,0,0,-1,0,6766,69598,0
A-2bc93d,2024-03-31,90,383,1,0,234,0,7960,66466,0
A-6a4e2d,2024-03-31,90,359,0,0,-1,0,4378,36815,0
A-eb7c38,2024-03-31,90,35,1,0,9,0,0,0,0
A-3b5cd1,2024-03-31,90,201,1,0,70,0,3582,15376,0
A-b2225d,2024-03-31,90,23,1,0,0,0,0,0,1
A-94f8c9,2024-03-31,90,2,0,0,-1,0,0,0,1
A-02fac6,2024-03-31,90,360,0,0,-1,0,4378,22968,0
A-c1dfe1,2024-03-31,90,237,1,0,192,494,5174,8043,1
A-32728c,2024-03-31,90,453,1,0,431,0,980,11760,1
A-4c38bc,2024-03-31,90,22,0,0,-1,0,684,684,0
A-1b707d,2024-03-31,90,261,1,1,254,0,3184,15920,0
A-9ee962,2024-03-31,90,397,0,0,-1,0,1470,13426,0
A-94d3da,2024-03-31,90,333,0,0,-1,0,8159,81590,1
A-7e0a10,2024-03-31,90,134,0,0,-1,0,9154,23690,0
A-84ebe4,2024-03-31,90,385,2,0,71,0,4179,40938,0
A-9b9fe9,2024-03-31,90,185,1,0,95,245,1176,5518,0
A-a8b49c,2024-03-31,90,177,0,0,-1,0,1393,3829,1
A-a1bbb6,2024-03-31,90,361,0,0,-1,0,5572,62321,0
A-c45b23,2024-03-31,90,114,1,1,7,0,343,990,0
A-02cd81,2024-03-31,90,3,0,0,-1,0,836,836,1
A-ee42db,2024-03-31,90,341,3,0,24,0,637,7007,0
A-432483,2024-03-31,90,419,0,0,-1,0,11940,53730,0
A-9208f0,2024-03-31,90,325,1,0,134,0,2786,30646,1
A-98a59a,2024-03-31,90,240,0,0,-1,0,2744,19208,0
A-fe79a5,2024-03-31,90,39,0,0,-1,0,0,0,0
A-726cfa,2024-03-31,90,274,0,0,-1,0,5970,48740,0
A-271f46,2024-03-31,90,416,1,0,393,0,722,9386,0
A-157070,2024-03-31,90,143,1,0,85,0,6965,13656,0
A-40a557,2024-03-31,90,119,1,0,114,3184,10945,14129,0
A-91e948,2024-03-31,90,427,0,0,-1,0,2009,12382,0
A-7988d1,2024-03-31,90,102,1,0,85,0,0,0,1
A-faa28c,2024-03-31,90,61,0,0,-1,0,9552,19104,1
A-f25509,2024-03-31,90,9,0,0,-1,0,0,0,1
A-3a5ad8,2024-03-31,90,117,0,0,-1,0,6169,14527,0
A-65a46c,2024-03-31,90,148,0,0,-1,0,15522,15522,0
A-8b25f2,2024-03-31,90,43,0,0,-1,0,294,294,0
A-503d5a,2024-03-31,90,162,0,0,-1,0,2388,12871,0
A-186a44,2024-03-31,90,237,0,0,-1,0,980,6040,0
A-e888d1,2024-03-31,90,369,2,0,189,0,3184,28550,0
A-69fad4,2024-03-31,90,360,0,0,-1,665,4378,16888,1
A-9289f6,2024-03-31,90,305,1,0,220,0,3969,7313,0
A-f19409,2024-03-31,90,381,2,0,311,0,4577,45240,0
A-2e3bad,2024-03-31,90,231,1,0,1,2989,12139,97112,0
A-484819,2024-03-31,90,404,2,0,93,0,3582,50148,0
A-425e76,2024-03-31,90,319,3,1,97,0,3479,39683,0
A-e83938,2024-03-31,90,131,1,0,41,0,3184,6368,0
A-e51ec7,2024-03-31,90,190,2,0,62,0,4975,24875,1
A-e61e98,2024-03-31,90,163,0,0,-1,0,1960,9653,0
A-92a333,2024-03-31,90,373,0,0,-1,0,6567,52536,0
A-95b24a,2024-03-31,90,299,0,0,-1,0,8557,55266,0
A-7d514c,2024-03-31,90,57,0,0,-1,0,323,323,0
A-65aeb5,2024-03-31,90,66,1,0,33,0,12537,12708,0
A-e2cd1b,2024-03-31,90,56,0,0,-1,0,836,1672,0
A-180abf,2024-03-31,90,230,2,0,22,0,3136,31744,1
A-f17767,2024-03-31,90,426,1,0,333,539,7761,42716,0
A-5a184f,2024-03-31,90,286,2,0,12,0,9154,36661,0
A-7df7a7,2024-03-31,90,428,0,0,-1,2587,8955,90922,0
A-52dd88,2024-03-31,90,404,0,0,-1,0,1274,16562,0
A-bece89,2024-03-31,90,121,1,0,106,0,5174,15522,0
A-029f69,2024-03-31,90,24,0,0,-1,0,0,0,1
A-ae052e,2024-03-31,90,202,1,0,176,0,1911,1911,0
A-9f9299,2024-03-31,90,211,1,0,7,0,5572,27860,0
A-96e141,2024-03-31,90,232,0,0,-1,0,1568,6272,0
A-313be3,2024-03-31,90,137,2,0,8,0,9353,30362,0
A-50f3f7,2024-03-31,90,100,0,0,-1,0,8955,26865,0
A-019782,2024-03-31,90,347,0,0,-1,0,2587,24153,0
A-df10db,2024-03-31,90,299,0,0,-1,0,398,3052,1
A-3932db,2024-03-31,90,179,0,0,-1,0,779,2090,0
A-4c6f11,2024-03-31,90,125,0,0,-1,0,4776,4776,1
A-eafc6e,2024-03-31,90,269,1,0,244,0,6766,37799,0
A-37f969,2024-03-31,90,169,1,0,48,0,5970,22320,1
A-10b8f2,2024-03-31,90,445,0,0,-1,0,9353,61780,1
A-439b2f,2024-03-31,90,39,0,0,-1,0,133,133,0
A-ba6516,2024-03-31,90,154,1,0,14,0,5373,16119,0
A-038089,2024-03-31,90,103,0,0,-1,0,0,0,0
A-afa505,2024-03-31,90,95,1,0,29,0,3430,10290,0
A-d5a319,2024-03-31,90,332,0,0,-1,0,13930,44730,0
A-f97b9a,2024-03-31,90,266,0,0,-1,0,3781,15124,0
A-856b1e,2024-03-31,90,152,0,0,-1,0,1764,7399,0
A-5b1bcd,2024-03-31,90,197,0,0,-1,0,14527,88549,0
A-794a0b,2024-03-31,90,303,0,0,-1,0,1715,4304,0
A-86902e,2024-03-31,90,334,0,0,-1,0,12139,49202,0
A-9779ad,2024-03-31,90,2,0,0,-1,0,0,0,1
A-fa3095,2024-03-31,90,210,1,0,99,0,13930,55720,0
A-ad64c6,2024-03-31,90,37,0,0,-1,0,2388,2388,0
A-39b19f,2024-03-31,90,422,1,0,386,0,8159,35207,0
A-158f4e,2024-03-31,90,394,1,0,392,0,12139,33550,0
A-296d7c,2024-03-31,90,144,0,0,-1,0,114,342,0
A-a1b80b,2024-03-31,90,125,0,0,-1,0,10348,10348,0
A-702032,2024-03-31,90,180,0,0,-1,0,0,0,1
A-22d9d2,2024-03-31,90,9,0,0,-1,0,152,152,0
A-b9eed8,2024-03-31,90,37,0,0,-1,0,2985,2985,1
A-dfbd31,2024-03-31,90,118,1,0,90,0,2786,5572,0
A-8e47ca,2024-03-31,90,45,0,0,-1,0,3781,4712,1
A-4437e4,2024-03-31,90,197,0,0,-1,0,2401,5771,1
A-779e4e,2024-03-31,90,454,0,0,-1,0,11542,125370,0
A-692f18,2024-03-31,90,3,0,0,-1,0,5771,5771,0
A-13466a,2024-03-31,90,161,1,0,134,0,7960,16034,1
A-1986ca,2024-03-31,90,426,0,0,-1,0,3980,35820,0
A-c608c8,2024-03-31,90,339,0,0,-1,0,2842,11200,1
A-3be56b,2024-03-31,90,157,1,0,81,1715,3038,12152,1
A-68f37c,2024-03-31,90,260,1,0,52,0,24079,216711,1
A-aa9511,2024-03-31,90,173,1,0,166,0,19303,59434,0
A-af0cd2,2024-03-31,90,453,1,0,157,0,931,13965,0
A-508199,2024-03-31,90,63,0,0,-1,0,3781,11343,0
A-f03140,2024-03-31,90,130,0,0,-1,0,5373,7722,0
A-de58ca,2024-03-31,90,353,0,0,-1,735,12338,78438,0
A-05d3b3,2024-03-31,90,308,1,0,19,0,3184,25643,0
A-e43bf7,2024-03-31,90,373,1,0,281,0,13930,142882,0
A-eb2fdc,2024-03-31,90,131,0,0,-1,0,1519,3038,1
A-e1462e,2024-03-31,90,385,1,1,178,0,5771,46964,0
A-cab532,2024-03-31,90,363,0,0,-1,0,4975,56914,0
A-9123ac,2024-03-31,90,285,0,0,-1,0,8358,33774,1
A-6e08f3,2024-03-31,90,398,1,1,50,0,4776,9552,0
A-d922bf,2024-03-31,90,205,0,0,-1,0,6368,37810,0
A-8ed5dd,2024-03-31,90,276,0,0,-1,0,5970,17428,0
A-3c1a3f,2024-03-31,90,218,0,0,-1,0,5771,23084,0
A-9bfc9f,2024-03-31,90,199,0,0,-1,2597,2597,14999,0
A-977ca0,2024-03-31,90,405,0,0,-1,0,18109,165292,0
A-e89151,2024-03-31,90,199,0,0,-1,0,4577,10945,0
A-40906c,2024-03-31,90,4,0,0,-1,0,0,0,0
A-81edc3,2024-03-31,90,153,1,0,28,0,995,4975,0
A-328bd0,2024-03-31,90,320,0,0,-1,2253,3582,28656,0
A-09540c,2024-03-31,90,153,1,0,26,0,0,0,0
A-e693b6,2024-03-31,90,311,0,0,-1,0,10945,28160,0
A-2446e3,2024-03-31,90,81,0,0,-1,0,1323,3969,0
A-922109,2024-03-31,90,65,0,0,-1,0,1862,1862,0
A-ff3c73,2024-03-31,90,430,1,0,113,0,1254,15048,1
A-331424,2024-03-31,90,146,1,0,39,0,2189,6567,0
A-51ec1b,2024-03-31,90,144,1,1,113,0,209,418,0
A-bcf664,2024-03-31,90,317,0,0,-1,0,1568,15606,0
A-dbc825,2024-03-31,90,84,2,0,57,0,3781,11343,0
A-7c4956,2024-03-31,90,330,0,0,-1,0,995,6626,0
A-3ce5b8,2024-03-31,90,206,0,0,-1,0,9261,37044,0
A-993085,2024-03-31,90,304,2,0,70,0,9751,67985,0
A-151c9a,2024-03-31,90,429,1,0,148,0,4577,21355,0
A-474ad4,2024-03-31,90,124,0,0,-1,0,2597,3802,0
A-4ef964,2024-03-31,90,24,0,0,-1,0,0,0,1
A-20736a,2024-03-31,90,15,1,0,12,0,0,0,0
A-ef84cf,2024-03-31,90,30,0,0,-1,0,0,0,0
A-d49cc5,2024-03-31,90,194,0,0,-1,0,2450,3400,1
A-67be94,2024-03-31,90,362,0,0,-1,7363,1178,39665,1
A-4e960a,2024-03-31,90,74,0,0,-1,0,228,228,0
A-1f7acb,2024-03-31,90,238,0,0,-1,0,12736,89152,0
A-f51f16,2024-03-31,90,97,0,0,-1,0,2940,3396,0
A-5a3eb9,2024-03-31,90,224,0,0,-1,0,3185,22295,1
A-417d2f,2024-03-31,90,271,0,0,-1,0,10149,91341,0
A-e98302,2024-03-31,90,96,0,0,-1,0,6766,14414,0
A-54ecc2,2024-03-31,90,294,0,0,-1,0,2189,15519,0
A-6da850,2024-03-31,90,176,1,0,76,0,1666,9996,0
A-342303,2024-03-31,90,15,1,0,11,0,0,0,0
A-f1f639,2024-03-31,90,399,1,1,165,0,995,8055,1
A-a865bd,2024-03-31,90,194,2,0,13,0,1862,5586,0
A-4e631b,2024-03-31,90,15,0,0,-1,0,7960,7960,0
A-7f6b86,2024-03-31,90,220,0,0,-1,2205,2891,17346,0
A-8adedc,2024-03-31,90,49,0,0,-1,11343,2786,14129,0
A-2edab2,2024-03-31,90,135,1,0,101,0,833,4165,1
A-a6d261,2024-03-31,90,123,1,0,21,0,2985,9126,0
A-202b67,2024-03-31,90,9,1,0,1,0,539,539,0
A-00bed1,2024-03-31,90,138,1,0,88,0,1159,5795,0
A-65c341,2024-03-31,90,96,1,0,24,0,16716,22885,0
A-dcc2f0,2024-03-31,90,253,0,0,-1,0,3184,15807,1
A-883b7d,2024-03-31,90,3,0,0,-1,0,0,0,0
A-dcc3f1,2024-03-31,90,95,0,0,-1,0,2499,7896,0
A-c62e55,2024-03-31,90,417,0,0,-1,0,2744,10486,0
A-2b9d3e,2024-03-31,90,301,0,0,-1,0,995,5393,0
A-b7724f,2024-03-31,90,369,2,0,90,0,627,6270,0
A-df1e44,2024-03-31,90,37,0,0,-1,0,0,0,0
A-a8d89d,2024-03-31,90,114,1,0,73,0,15522,62088,0
A-600734,2024-03-31,90,138,0,0,-1,0,5771,8613,0
A-acb7f7,2024-03-31,90,85,1,0,10,0,6368,19104,0
A-712f1c,2024-03-31,90,106,0,0,-1,0,14925,27064,0
A-3793ee,2024-03-31,90,376,1,0,289,0,2401,12005,0
A-2ebb4b,2024-03-31,90,321,2,0,225,0,12935,80726,0
A-c9bb3e,2024-03-31,90,7,0,0,-1,0,0,0,0
A-ccc747,2024-03-31,90,79,0,0,-1,0,0,0,1
A-bb3bd4,2024-03-31,90,64,0,0,-1,0,0,0,1
A-cdf020,2024-03-31,90,228,1,0,114,0,2205,8134,0
A-e6afc1,2024-03-31,90,401,0,0,-1,0,10149,111639,0
A-e3bd71,2024-03-31,90,372,1,0,92,0,6169,74028,0
A-098560,2024-03-31,90,162,0,0,-1,0,1715,6860,1
A-94c3cd,2024-03-31,90,193,0,0,-1,0,0,0,0
A-034368,2024-03-31,90,147,0,0,-1,0,0,0,0
A-bb2f49,2024-03-31,90,308,0,0,-1,0,9751,91091,0
A-1f559b,2024-03-31,90,209,0,0,-1,0,5174,10956,0
A-5a215a,2024-03-31,90,86,0,0,-1,0,17313,23229,0
A-ed510f,2024-03-31,90,439,1,0,331,0,8358,51954,0
A-a7bd4b,2024-03-31,90,410,0,0,-1,0,912,6734,0
A-0dbdc6,2024-03-31,90,413,1,0,126,0,570,2850,1
A-1f0636,2024-03-31,90,90,0,0,-1,0,0,0,0
A-40de06,2024-03-31,90,328,0,0,-1,0,5572,55720,0
A-cb5333,2024-03-31,90,5,0,0,-1,0,0,0,0
A-6e7827,2024-03-31,90,371,1,0,194,0,398,3484,1
A-5247b3,2024-03-31,90,19,0,0,-1,0,3184,3184,0
A-f44180,2024-03-31,90,412,1,0,337,0,2786,139698,0
A-f5641b,2024-03-31,90,1,0,0,-1,0,0,0,1
A-b44e3e,2024-03-31,90,48,0,0,-1,0,15721,31442,1
A-3b37d9,2024-03-31,90,429,1,0,96,0,4577,54924,0
A-54d94a,2024-03-31,90,335,0,0,-1,0,2548,8967,0
A-089363,2024-03-31,90,330,1,0,125,0,2985,10965,0
A-855a48,2024-03-31,90,100,0,0,-1,0,7960,23880,0
A-756192,2024-03-31,90,294,0,0,-1,0,931,5586,0
A-49b828,2024-03-31,90,331,0,0,-1,0,9751,69338,0
A-c7ffc2,2024-03-31,90,429,2,0,141,0,6468,71148,0
A-72799b,2024-03-31,90,139,0,0,-1,0,3980,19900,1
A-812c5b,2024-03-31,90,35,0,0,-1,0,0,0,1
A-69b156,2024-03-31,90,131,0,0,-1,0,5572,18109,0
A-075038,2024-03-31,90,324,0,0,-1,0,5047,45423,0
A-940b8b,2024-03-31,90,12,0,0,-1,0,0,0,0
A-9affe6,2024-03-31,90,375,1,0,79,0,1421,16772,0
A-80eeb6,2024-03-31,90,327,2,0,51,0,13532,108902,0
A-c7e58b,2024-03-31,90,280,0,0,-1,0,1393,5800,0
A-bbe56f,2024-03-31,90,409,0,0,-1,0,4179,33432,0
A-7c5768,2024-03-31,90,29,0,0,-1,0,995,995,0
A-4e0e85,2024-03-31,90,205,2,0,17,0,1194,2388,0
A-ad3abd,2024-03-31,90,394,1,0,263,0,8756,113828,0
A-e19ff6,2024-03-31,90,247,1,0,83,0,722,4636,1
A-7920cc,2024-03-31,90,129,0,0,-1,0,10746,20730,0
A-fdfc91,2024-03-31,90,330,0,0,-1,0,1421,5829,0
A-1e50e0,2024-03-31,90,404,1,0,151,0,4802,50174,1
A-1e1b80,2024-03-31,90,201,1,0,179,0,9950,50700,0
A-659280,2024-03-31,90,135,0,0,-1,0,6169,27263,0
A-cb6cc6,2024-03-31,90,363,0,0,-1,0,637,2499,0
A-39868b,2024-03-31,90,14,0,0,-1,0,0,0,1
A-3cc791,2024-03-31,90,81,0,0,-1,0,1194,1194,0
A-337bc1,2024-03-31,90,256,2,0,106,0,6766,38240,0
A-1d5444,2024-03-31,90,73,0,0,-1,0,456,456,1
A-0f3e88,2024-03-31,90,252,0,0,-1,0,2189,7413,0
A-7641d3,2024-03-31,90,409,1,0,142,0,1592,19104,1
A-c16b88,2024-03-31,90,120,0,0,-1,0,0,0,1
A-59f724,2024-03-31,90,149,0,0,-1,0,4378,13134,0
A-1e6fc3,2024-03-31,90,116,1,0,11,0,0,0,0
A-558c72,2024-03-31,90,304,0,0,-1,2388,2985,11645,0
A-b11cd0,2024-03-31,90,436,0,0,-1,0,1764,11016,0
A-7f4db3,2024-03-31,90,392,1,0,376,0,1592,20696,0
A-dec005,2024-03-31,90,170,0,0,-1,0,6169,24676,0
A-297a2d,2024-03-31,90,331,0,0,-1,0,7164,57312,0
A-4c56c9,2024-03-31,90,102,0,0,-1,0,0,0,1
A-cbbe12,2024-03-31,90,375,0,0,-1,0,1960,15680,0
A-e7beab,2024-03-31,90,163,0,0,-1,0,4179,25074,1
A-31ab9a,2024-03-31,90,28,0,0,-1,0,285,285,0
A-f19b24,2024-03-31,90,446,0,0,-1,0,1421,1421,0
A-798a3f,2024-03-31,90,164,0,0,-1,0,2388,9552,0
A-068fc6,2024-03-31,90,258,0,0,-1,0,1715,10290,0
A-6f50ae,2024-03-31,90,192,2,1,34,0,3781,12065,0
A-cc98bc,2024-03-31,90,312,0,0,-1,0,6368,70048,0
A-d77f4c,2024-03-31,90,188,0,0,-1,152,2189,4218,0
A-ccabf0,2024-03-31,90,146,0,0,-1,0,11741,58705,1
A-4a4c2d,2024-03-31,90,334,0,0,-1,1026,10746,77274,0
A-19b2c8,2024-03-31,90,299,0,0,-1,0,3980,27985,0
A-970c97,2024-03-31,90,30,0,0,-1,0,2786,2786,0
A-6dee43,2024-03-31,90,232,1,0,77,0,2388,14328,0
A-9c18c4,2024-03-31,90,248,0,0,-1,3781,3781,30248,0
A-e1b9cd,2024-03-31,90,399,0,0,-1,0,7960,73120,0
A-d792a6,2024-03-31,90,433,1,0,202,95,2388,32282,0
A-ac9111,2024-03-31,90,232,0,0,-1,0,2009,14063,1
A-ccb686,2024-03-31,90,69,0,0,-1,0,2548,5096,1
A-b9f5b1,2024-03-31,90,432,1,0,254,0,0,0,0
A-55f257,2024-03-31,90,101,0,0,-1,0,4577,13731,0
A-712533,2024-03-31,90,244,0,0,-1,0,3582,12114,0
A-43a9e3,2024-06-30,90,318,0,0,-1,0,5572,45412,0
A-1f0ac7,2024-06-30,90,308,0,0,-1,0,4776,26232,0
A-1b9609,2024-06-30,90,262,2,0,149,0,6965,12528,0
A-a0ca4e,2024-06-30,90,114,0,0,-1,0,2388,9552,0
A-e5d6ab,2024-06-30,90,442,2,0,50,665,4179,38086,0
A-10b8da,2024-06-30,90,419,0,0,-1,0,686,29500,0
A-6c093d,2024-06-30,90,443,0,0,-1,0,1393,11171,0
A-462d45,2024-06-30,90,167,1,0,44,1691,10348,53431,0
A-ac14bb,2024-06-30,90,296,0,0,-1,399,14129,98340,1
A-ce66f8,2024-06-30,90,312,0,0,-1,0,551,6061,0
A-c4ea60,2024-06-30,90,479,0,0,-1,0,912,13680,0
A-832ec2,2024-06-30,90,224,1,0,194,0,3781,18905,1
A-684255,2024-06-30,90,77,1,1,57,0,1127,2862,1
A-30b4ca,2024-06-30,90,41,0,0,-1,0,17114,34228,1
A-32fb14,2024-06-30,90,481,3,0,63,1387,551,5510,0
A-00cac8,2024-06-30,90,289,0,0,-1,0,392,3920,0
A-35083d,2024-06-30,90,429,0,0,-1,931,3781,41591,0
A-eb7fac,2024-06-30,90,246,0,0,-1,343,27064,136496,1
A-b20d99,2024-06-30,90,277,1,0,118,0,3980,23880,0
A-45ce7a,2024-06-30,90,343,0,0,-1,784,3184,18224,0
A-08e34e,2024-06-30,90,3,0,0,-1,0,0,0,1
A-8145a0,2024-06-30,90,432,1,0,354,4975,4776,49352,0
A-bad8c1,2024-06-30,90,487,1,1,270,0,2646,34398,0
A-44dc83,2024-06-30,90,49,0,0,-1,0,456,456,0
A-f446b6,2024-06-30,90,415,0,0,-1,0,3582,26052,0
A-a45270,2024-06-30,90,6,0,0,-1,0,0,0,0
A-05f0e5,2024-06-30,90,423,1,0,168,0,18308,94724,0
A-7f8241,2024-06-30,90,474,0,0,-1,0,7164,90294,0
A-2bc93d,2024-06-30,90,474,1,0,325,0,7960,90346,1
A-2d4502,2024-06-30,90,62,1,0,54,0,392,1176,0
A-6a4e2d,2024-06-30,90,450,0,0,-1,0,4378,49949,1
A-eb7c38,2024-06-30,90,126,1,0,100,0,17910,37758,0
A-3b5cd1,2024-06-30,90,292,1,0,161,0,3582,26122,1
A-b2225d,2024-06-30,90,114,3,1,3,0,9353,18706,0
A-94f8c9,2024-06-30,90,93,1,0,59,0,2587,7761,0
A-02fac6,2024-06-30,90,451,0,0,-1,0,4577,36500,1
A-c1dfe1,2024-06-30,90,328,2,0,24,0,5174,23565,0
A-32728c,2024-06-30,90,544,2,0,8,380,980,14700,1
A-4c38bc,2024-06-30,90,113,0,0,-1,0,7164,22176,0
A-1b707d,2024-06-30,90,352,1,1,345,0,3781,27263,0
A-9ee962,2024-06-30,90,488,0,0,-1,0,5771,22137,0
A-94d3da,2024-06-30,90,424,1,0,79,0,8159,106067,0
A-9badbd,2024-06-30,90,11,0,0,-1,0,532,532,0
A-7e0a10,2024-06-30,90,225,0,0,-1,0,9154,51152,1
A-526d93,2024-06-30,90,77,0,0,-1,0,9751,29253,1
A-84ebe4,2024-06-30,90,476,2,0,162,0,4179,53475,0
A-9b9fe9,2024-06-30,90,276,1,0,186,0,1176,9046,1
A-a8b49c,2024-06-30,90,268,1,0,13,0,1393,8008,0
A-a1bbb6,2024-06-30,90,452,0,0,-1,0,5572,79037,0
A-c45b23,2024-06-30,90,205,1,1,98,0,1791,4915,0
A-02cd81,2024-06-30,90,94,1,0,61,0,8756,19184,0
A-ee42db,2024-06-30,90,432,3,0,115,0,5635,13916,0
A-432483,2024-06-30,90,510,0,0,-1,0,11940,89550,0
A-9208f0,2024-06-30,90,416,2,0,37,98,2786,39004,1
A-98a59a,2024-06-30,90,331,0,0,-1,0,2744,27440,1
A-fe79a5,2024-06-30,90,130,0,0,-1,0,1791,3582,0
A-726cfa,2024-06-30,90,365,0,0,-1,0,5970,66650,1
A-271f46,2024-06-30,90,507,1,0,484,0,7562,25232,1
A-157070,2024-06-30,90,234,1,0,176,323,6965,34551,0
A-40a557,2024-06-30,90,210,1,0,205,0,10945,46964,0
A-91e948,2024-06-30,90,518,0,0,-1,0,2009,18409,0
A-7988d1,2024-06-30,90,193,2,0,11,0,627,1881,0
A-faa28c,2024-06-30,90,152,1,0,37,0,9552,47760,1
A-f25509,2024-06-30,90,100,2,1,15,0,6368,12736,0
A-3a5ad8,2024-06-30,90,208,0,0,-1,0,6169,33034,0
A-65a46c,2024-06-30,90,239,0,0,-1,0,15522,62088,0
A-8b25f2,2024-06-30,90,134,0,0,-1,0,1990,4568,0
A-503d5a,2024-06-30,90,253,0,0,-1,0,2388,20035,0
A-186a44,2024-06-30,90,328,0,0,-1,0,980,8980,0
A-e888d1,2024-06-30,90,460,2,0,280,3184,3184,38102,0
A-69fad4,2024-06-30,90,451,1,0,13,0,4378,30022,0
A-9289f6,2024-06-30,90,396,1,0,311,0,3969,19220,0
A-f19409,2024-06-30,90,472,2,0,402,0,7960,69120,0
A-2e3bad,2024-06-30,90,322,1,0,92,0,12139,133529,0
A-484819,2024-06-30,90,495,2,0,184,0,5174,64078,0
A-425e76,2024-06-30,90,410,3,1,188,0,3479,50120,0
A-e83938,2024-06-30,90,222,1,0,132,0,3184,15920,1
A-e51ec7,2024-06-30,90,281,3,0,84,0,4975,39800,0
A-0aaf6e,2024-06-30,90,50,0,0,-1,0,1813,1813,0
A-e61e98,2024-06-30,90,254,0,0,-1,0,1960,15533,0
A-92a333,2024-06-30,90,464,0,0,-1,0,6567,72237,0
A-95b24a,2024-06-30,90,390,0,0,-1,0,8557,80937,0
A-7d514c,2024-06-30,90,148,0,0,-1,0,6766,20621,0
A-65aeb5,2024-06-30,90,157,1,0,124,0,12537,50319,0
A-e2cd1b,2024-06-30,90,147,0,0,-1,0,2985,8478,0
A-180abf,2024-06-30,90,321,4,0,53,0,12736,69952,1
A-f17767,2024-06-30,90,517,1,0,424,0,7761,65999,0
A-5a184f,2024-06-30,90,377,2,0,103,0,9154,64123,1
A-7df7a7,2024-06-30,90,519,0,0,-1,0,8955,117787,1
A-52dd88,2024-06-30,90,495,0,0,-1,0,1274,20384,0
A-bece89,2024-06-30,90,212,1,0,197,0,5174,31044,1
A-029f69,2024-06-30,90,115,1,0,13,0,4776,9552,0
A-ae052e,2024-06-30,90,293,1,0,267,0,1911,7644,0
A-9f9299,2024-06-30,90,302,1,0,98,0,5572,44576,0
A-96e141,2024-06-30,90,323,0,0,-1,0,2786,13412,1
A-313be3,2024-06-30,90,228,2,0,99,0,9353,58421,0
A-50f3f7,2024-06-30,90,191,0,0,-1,0,8955,53730,0
A-7da956,2024-06-30,90,28,0,0,-1,0,0,0,0
A-019782,2024-06-30,90,438,0,0,-1,0,2587,31914,0
A-df10db,2024-06-30,90,390,1,0,42,0,6567,16584,1
A-3932db,2024-06-30,90,270,0,0,-1,0,779,4427,0
A-4f18f0,2024-06-30,90,70,1,0,34,0,4776,7128,0
A-4c6f11,2024-06-30,90,216,1,0,1,0,4776,19104,0
A-8ae05d,2024-06-30,90,85,0,0,-1,0,1634,1634,1
A-eafc6e,2024-06-30,90,360,1,0,335,0,6766,58097,0
A-37f969,2024-06-30,90,260,2,0,5,0,5970,40230,0
A-10b8f2,2024-06-30,90,536,1,0,26,0,9353,89839,0
A-439b2f,2024-06-30,90,130,0,0,-1,0,199,664,1
A-544d0a,2024-06-30,90,59,0,0,-1,0,2107,4214,0
A-ba6516,2024-06-30,90,245,1,0,105,0,7562,34427,0
A-038089,2024-06-30,90,194,0,0,-1,0,245,245,0
A-afa505,2024-06-30,90,186,1,0,120,0,13930,41580,0
A-d5a319,2024-06-30,90,423,0,0,-1,0,13930,86520,0
A-f97b9a,2024-06-30,90,357,0,0,-1,0,7164,34228,0
A-856b1e,2024-06-30,90,243,0,0,-1,0,1764,12691,0
A-e36807,2024-06-30,90,44,0,0,-1,0,1862,1862,0
A-ff79f2,2024-06-30,90,66,0,0,-1,0,228,456,0
A-5b1bcd,2024-06-30,90,288,0,0,-1,0,14527,132130,1
A-71615e,2024-06-30,90,43,0,0,-1,0,2985,2985,1
A-794a0b,2024-06-30,90,394,0,0,-1,0,1715,9449,1
A-86902e,2024-06-30,90,425,0,0,-1,0,12139,85619,0
A-9779ad,2024-06-30,90,93,1,0,74,0,7960,23880,1
A-fa3095,2024-06-30,90,301,1,0,190,0,13930,97510,0
A-ad64c6,2024-06-30,90,128,0,0,-1,0,5572,12736,1
A-39b19f,2024-06-30,90,513,1,0,477,8159,2786,48938,0
A-56962b,2024-06-30,90,82,0,0,-1,0,0,0,1
A-158f4e,2024-06-30,90,485,1,0,483,1159,12139,69967,0
A-296d7c,2024-06-30,90,235,0,0,-1,0,361,1425,0
A-1619f8,2024-06-30,90,41,1,0,27,0,10945,10945,1
A-a1b80b,2024-06-30,90,216,0,0,-1,0,10348,41392,1
A-702032,2024-06-30,90,271,2,0,16,0,5572,16716,0
A-7a0d69,2024-06-30,90,15,0,0,-1,0,0,0,1
A-22d9d2,2024-06-30,90,100,0,0,-1,0,2842,8678,0
A-b9eed8,2024-06-30,90,128,1,1,68,0,2985,11940,0
A-dfbd31,2024-06-30,90,209,1,0,181,0,2786,13930,0
A-8e47ca,2024-06-30,90,136,1,0,29,0,6169,23219,1
A-4437e4,2024-06-30,90,288,1,0,9,0,2401,12974,0
A-779e4e,2024-06-30,90,545,0,0,-1,0,11542,159996,0
A-53f4e3,2024-06-30,90,16,0,0,-1,0,931,931,0
A-692f18,2024-06-30,90,94,0,0,-1,0,5771,23084,0
A-13466a,2024-06-30,90,252,2,1,73,38,7960,39914,0
A-1986ca,2024-06-30,90,517,0,0,-1,0,6169,52138,0
A-c608c8,2024-06-30,90,430,1,0,26,2189,2842,19726,0
A-3be56b,2024-06-30,90,248,2,0,10,0,3582,22354,0
A-354f12,2024-06-30,90,63,0,0,-1,0,6766,13532,1
A-68f37c,2024-06-30,90,351,3,1,1,796,24079,288948,0
A-aa9511,2024-06-30,90,264,1,0,257,0,19303,117343,0
A-af0cd2,2024-06-30,90,544,1,0,248,0,931,16758,0
A-c222ab,2024-06-30,90,51,2,0,16,0,0,0,0
A-34d880,2024-06-30,90,80,0,0,-1,0,10547,31641,0
A-508199,2024-06-30,90,154,0,0,-1,0,3781,22686,0
A-f03140,2024-06-30,90,221,0,0,-1,0,5373,23841,0
A-fa2041,2024-06-30,90,32,0,0,-1,0,2548,2548,1
A-de58ca,2024-06-30,90,444,0,0,-1,0,12338,115452,0
A-05d3b3,2024-06-30,90,399,1,0,110,0,3184,35195,1
A-249769,2024-06-30,90,66,1,1,18,0,539,539,0
A-e43bf7,2024-06-30,90,464,1,0,372,0,13930,184672,0
A-eb2fdc,2024-06-30,90,222,1,0,35,0,9353,23263,0
A-e1462e,2024-06-30,90,476,1,1,269,0,5771,64277,0
A-cab532,2024-06-30,90,454,0,0,-1,0,4975,71839,1
A-9123ac,2024-06-30,90,376,1,1,86,0,8358,58848,0
A-6e08f3,2024-06-30,90,489,1,1,141,0,4776,23880,0
A-d922bf,2024-06-30,90,296,0,0,-1,0,6368,56914,0
A-8ed5dd,2024-06-30,90,367,0,0,-1,0,5970,35338,0
A-3c1a3f,2024-06-30,90,309,0,0,-1,2786,5771,40397,0
A-9bfc9f,2024-06-30,90,290,0,0,-1,0,2597,22790,0
A-4ae22a,2024-06-30,90,52,0,0,-1,0,5572,11144,1
A-977ca0,2024-06-30,90,496,0,0,-1,114,18109,219619,0
A-e89151,2024-06-30,90,290,0,0,-1,1592,4577,24676,0
A-40906c,2024-06-30,90,95,0,0,-1,0,18308,18308,0
A-81edc3,2024-06-30,90,244,1,0,119,0,2009,8974,1
A-328bd0,2024-06-30,90,411,0,0,-1,0,3582,39402,0
A-b3fe05,2024-06-30,90,33,0,0,-1,0,0,0,0
A-09540c,2024-06-30,90,244,1,0,117,0,13333,27939,0
A-e693b6,2024-06-30,90,402,0,0,-1,0,10945,60995,0
A-2446e3,2024-06-30,90,172,0,0,-1,0,5373,20088,1
A-922109,2024-06-30,90,156,0,0,-1,0,1862,7448,1
A-ff3c73,2024-06-30,90,521,2,0,52,0,1254,18810,0
A-331424,2024-06-30,90,237,1,0,130,0,2189,13134,0
A-51ec1b,2024-06-30,90,235,1,1,204,0,1393,4597,0
A-bcf664,2024-06-30,90,408,0,0,-1,0,2587,23367,1
A-dbc825,2024-06-30,90,175,2,0,148,0,3781,22686,0
A-7c4956,2024-06-30,90,421,0,0,-1,0,995,9611,0
A-3ce5b8,2024-06-30,90,297,0,0,-1,0,9261,64827,1
A-993085,2024-06-30,90,395,2,0,161,0,9751,97238,0
A-151c9a,2024-06-30,90,520,1,0,239,0,4577,35086,0
A-474ad4,2024-06-30,90,215,0,0,-1,0,2597,11593,0
A-4ef964,2024-06-30,90,115,1,0,11,0,3383,10149,0
A-fd9422,2024-06-30,90,87,0,0,-1,0,11542,23084,0
A-0baac2,2024-06-30,90,31,0,0,-1,0,5771,5771,1
A-560d27,2024-06-30,90,56,0,0,-1,0,14129,28258,0
A-20736a,2024-06-30,90,106,1,0,103,0,2450,4900,0
A-cea1f0,2024-06-30,90,84,0,0,-1,0,570,570,0
A-ef84cf,2024-06-30,90,121,0,0,-1,0,6766,13532,1
A-d49cc5,2024-06-30,90,285,1,0,79,0,2450,10750,0
A-67be94,2024-06-30,90,453,2,0,0,0,10348,52369,0
A-4e960a,2024-06-30,90,165,0,0,-1,0,14129,42615,0
A-1f7acb,2024-06-30,90,329,0,0,-1,0,12736,127360,0
A-f51f16,2024-06-30,90,188,0,0,-1,0,7761,21858,1
A-5a3eb9,2024-06-30,90,315,3,0,18,0,3582,32644,0
A-417d2f,2024-06-30,90,362,0,0,-1,5174,10149,121788,0
A-e98302,2024-06-30,90,187,0,0,-1,0,6766,34712,0
A-bcf87c,2024-06-30,90,3,0,0,-1,0,0,0,0
A-54ecc2,2024-06-30,90,385,0,0,-1,0,5970,33429,1
A-6da850,2024-06-30,90,267,1,0,167,0,7363,20691,1
A-342303,2024-06-30,90,106,1,0,102,0,323,646,0
A-e7a1e2,2024-06-30,90,7,0,0,-1,0,0,0,1
A-f1f639,2024-06-30,90,490,2,1,84,0,995,11040,0
A-a865bd,2024-06-30,90,285,2,0,104,0,7562,28272,0
A-4e631b,2024-06-30,90,106,0,0,-1,0,7960,31840,0
A-7f6b86,2024-06-30,90,311,0,0,-1,0,2891,26019,1
A-8adedc,2024-06-30,90,140,0,0,-1,0,3871,25742,0
A-2edab2,2024-06-30,90,226,2,0,7,0,3383,9214,0
A-a6d261,2024-06-30,90,214,1,0,112,0,20497,70617,0
A-202b67,2024-06-30,90,100,1,0,92,0,4975,9042,1
A-00bed1,2024-06-30,90,229,1,0,179,0,9751,26669,0
A-ffc04f,2024-06-30,90,24,0,0,-1,0,2587,2587,1
A-65c341,2024-06-30,90,187,1,0,115,0,16716,73033,0
A-dcc2f0,2024-06-30,90,344,1,0,81,0,3184,25359,0
A-3d957b,2024-06-30,90,87,1,0,56,0,0,0,0
A-883b7d,2024-06-30,90,94,0,0,-1,0,4975,11959,0
A-dcc3f1,2024-06-30,90,186,0,0,-1,0,2499,15393,1
A-c62e55,2024-06-30,90,508,0,0,-1,0,2985,19200,0
A-e40f45,2024-06-30,90,73,0,0,-1,0,4179,8358,0
A-2b9d3e,2024-06-30,90,392,0,0,-1,0,995,8378,0
A-b7724f,2024-06-30,90,460,2,0,181,0,627,8151,1
A-df1e44,2024-06-30,90,128,0,0,-1,0,3087,6762,0
A-a8d89d,2024-06-30,90,205,1,0,164,0,15522,108654,1
A-600734,2024-06-30,90,229,0,0,-1,1421,5771,25926,0
A-acb7f7,2024-06-30,90,176,1,0,101,0,6368,38208,0
A-712f1c,2024-06-30,90,197,0,0,-1,0,14925,71839,0
A-3793ee,2024-06-30,90,467,1,0,380,0,2401,19208,0
A-2ebb4b,2024-06-30,90,412,2,0,316,0,12935,119531,0
A-c9bb3e,2024-06-30,90,98,0,0,-1,1715,6027,18081,1
A-b7b7b7,2024-06-30,90,0,0,0,-1,0,0,0,0
A-ccc747,2024-06-30,90,170,1,0,76,0,1813,1813,1
A-bb3bd4,2024-06-30,90,155,2,0,0,0,4577,13731,0
A-96bbc6,2024-06-30,90,54,1,1,6,0,7761,9672,0
A-bc4d48,2024-06-30,90,18,0,0,-1,0,665,665,0
A-b30291,2024-06-30,90,86,0,0,-1,0,3184,3374,1
A-cdf020,2024-06-30,90,319,1,0,205,0,4577,21865,0
A-e6afc1,2024-06-30,90,492,0,0,-1,0,10149,142086,0
A-e3bd71,2024-06-30,90,463,1,0,183,6169,6169,92535,0
A-098560,2024-06-30,90,253,1,0,31,0,1715,12005,1
A-82861f,2024-06-30,90,66,1,0,44,0,8159,16318,0
A-94c3cd,2024-06-30,90,284,0,0,-1,0,0,0,0
A-034368,2024-06-30,90,238,0,0,-1,0,494,494,1
A-bb2f49,2024-06-30,90,399,0,0,-1,0,9751,120344,0
A-1f559b,2024-06-30,90,300,0,0,-1,304,5174,26478,1
A-5a215a,2024-06-30,90,177,0,0,-1,0,17313,75168,0
A-3f9cc0,2024-06-30,90,27,0,0,-1,0,4378,4378,1
A-ed510f,2024-06-30,90,530,1,0,422,0,8358,77028,0
A-a7bd4b,2024-06-30,90,501,0,0,-1,0,2499,12644,0
A-d4ac0e,2024-06-30,90,71,0,0,-1,0,1225,1567,0
A-ffdfd5,2024-06-30,90,78,0,0,-1,0,539,1617,1
A-0dbdc6,2024-06-30,90,504,2,0,77,0,9950,24220,0
A-1f0636,2024-06-30,90,181,0,0,-1,0,20895,62685,0
A-40de06,2024-06-30,90,419,0,0,-1,0,5572,72436,0
A-cb5333,2024-06-30,90,96,0,0,-1,1617,6567,19701,1
A-6e7827,2024-06-30,90,462,2,0,82,0,1715,8629,0
A-5247b3,2024-06-30,90,110,0,0,-1,0,3184,12736,0
A-f44180,2024-06-30,90,503,1,0,428,0,2786,148056,0
A-d42431,2024-06-30,90,21,1,0,4,0,418,418,0
A-f5641b,2024-06-30,90,92,2,0,13,0,6169,18507,0
A-b44e3e,2024-06-30,90,139,1,0,77,0,15721,78605,0
A-3b37d9,2024-06-30,90,520,1,0,187,0,4577,68655,0
A-54d94a,2024-06-30,90,426,0,0,-1,0,2548,16611,0
A-089363,2024-06-30,90,421,1,0,216,0,2985,19920,0
A-855a48,2024-06-30,90,191,0,0,-1,0,7960,47760,1
A-756192,2024-06-30,90,385,0,0,-1,0,7761,15209,0
A-49b828,2024-06-30,90,422,0,0,-1,0,9751,98591,0
A-c7ffc2,2024-06-30,90,520,2,0,232,0,6468,90552,0
A-72799b,2024-06-30,90,230,1,0,56,0,3980,31840,0
A-812c5b,2024-06-30,90,126,1,0,50,0,6370,12740,0
A-69b156,2024-06-30,90,222,0,0,-1,0,5572,34825,0
A-075038,2024-06-30,90,415,0,0,-1,0,5047,60564,1
A-940b8b,2024-06-30,90,103,0,0,-1,0,6368,19104,0
A-2d1036,2024-06-30,90,16,0,0,-1,0,0,0,0
A-9affe6,2024-06-30,90,466,1,0,170,0,1421,21035,0
A-80eeb6,2024-06-30,90,418,2,0,142,0,17711,157856,0
A-c7e58b,2024-06-30,90,371,0,0,-1,0,1990,11770,0
A-bbe56f,2024-06-30,90,500,0,0,-1,0,4179,45969,0
A-7c5768,2024-06-30,90,120,0,0,-1,0,995,3980,0
A-4e0e85,2024-06-30,90,296,2,0,108,0,1862,6638,0
A-ad3abd,2024-06-30,90,485,1,0,354,0,8756,140096,0
A-e19ff6,2024-06-30,90,338,3,0,3,0,722,6802,0
A-7920cc,2024-06-30,90,220,0,0,-1,0,10746,52968,0
A-5a92e7,2024-06-30,90,19,1,0,12,0,1421,1421,0
A-fdfc91,2024-06-30,90,421,0,0,-1,0,1421,10092,0
A-1e50e0,2024-06-30,90,495,2,0,65,0,4802,64580,0
A-1e1b80,2024-06-30,90,292,1,0,270,0,9950,80550,0
A-659280,2024-06-30,90,226,0,0,-1,0,6169,45770,1
A-f6b2fb,2024-06-30,90,68,0,0,-1,0,4577,5704,1
A-cb6cc6,2024-06-30,90,454,0,0,-1,0,637,4410,0
A-39868b,2024-06-30,90,105,2,1,37,0,1791,5373,0
A-3cc791,2024-06-30,90,172,0,0,-1,0,4378,7960,0
A-337bc1,2024-06-30,90,347,2,0,197,0,6766,58538,0
A-58b9ff,2024-06-30,90,30,0,0,-1,0,294,294,0
A-1d5444,2024-06-30,90,164,1,0,29,0,8159,21550,0
A-0f3e88,2024-06-30,90,343,0,0,-1,0,2189,13980,1
A-7641d3,2024-06-30,90,500,2,0,23,0,2786,26268,0
A-cd458b,2024-06-30,90,15,0,0,-1,0,0,0,0
A-c16b88,2024-06-30,90,211,1,0,29,0,8955,8955,0
A-59f724,2024-06-30,90,240,0,0,-1,0,4378,26268,0
A-87aa7b,2024-06-30,90,45,2,0,11,0,1323,2646,0
A-1e6fc3,2024-06-30,90,207,1,0,102,0,245,735,0
A-716841,2024-06-30,90,55,0,0,-1,0,3059,6118,0
A-558c72,2024-06-30,90,395,0,0,-1,0,2985,20600,0
A-b11cd0,2024-06-30,90,527,0,0,-1,494,1764,16308,0
A-7f4db3,2024-06-30,90,483,1,0,467,196,8955,32835,0
A-cc102e,2024-06-30,90,76,1,0,66,0,2058,4116,0
A-dec005,2024-06-30,90,261,0,0,-1,0,6169,43183,0
A-7c83a1,2024-06-30,90,55,1,0,42,0,5174,7562,0
A-297a2d,2024-06-30,90,422,0,0,-1,0,7164,78804,0
A-4c56c9,2024-06-30,90,193,1,0,86,0,2587,5174,0
A-cbbe12,2024-06-30,90,466,0,0,-1,0,2401,22001,0
A-4a267b,2024-06-30,90,56,1,0,13,0,5771,11542,0
A-054577,2024-06-30,90,63,0,0,-1,0,1715,3136,0
A-e7beab,2024-06-30,90,254,1,0,66,995,4179,37611,0
A-31ab9a,2024-06-30,90,119,0,0,-1,0,3577,11016,1
A-0158bb,2024-06-30,90,39,0,0,-1,0,665,665,0
A-f19b24,2024-06-30,90,537,0,0,-1,0,1421,5684,0
A-798a3f,2024-06-30,90,255,0,0,-1,589,2388,16716,1
A-42b791,2024-06-30,90,41,0,0,-1,0,1421,1421,0
A-068fc6,2024-06-30,90,349,0,0,-1,0,6965,31185,0
A-6f50ae,2024-06-30,90,283,2,1,125,0,9950,29577,0
A-bb1eaa,2024-06-30,90,19,0,0,-1,0,4179,4179,1
A-cc98bc,2024-06-30,90,403,0,0,-1,0,6368,89152,0
A-d77f4c,2024-06-30,90,279,0,0,-1,0,18706,60336,1
A-ccabf0,2024-06-30,90,237,1,0,56,0,11741,93928,0
A-4a4c2d,2024-06-30,90,425,0,0,-1,0,10746,109512,0
A-b7ef83,2024-06-30,90,32,1,1,29,0,2587,2587,1
A-19b2c8,2024-06-30,90,390,0,0,-1,0,3980,39925,1
A-970c97,2024-06-30,90,121,0,0,-1,0,2786,11144,0
A-6dee43,2024-06-30,90,323,1,0,168,0,15920,62088,0
A-5ed98d,2024-06-30,90,8,0,0,-1,0,4776,4776,1
A-9c18c4,2024-06-30,90,339,0,0,-1,0,3781,41591,0
A-cc8c8f,2024-06-30,90,14,0,0,-1,0,5572,5572,1
A-e1b9cd,2024-06-30,90,490,0,0,-1,7960,7960,97000,0
A-d792a6,2024-06-30,90,524,1,0,293,0,2388,39446,1
A-ac9111,2024-06-30,90,323,1,0,5,399,4179,22260,0
A-9f0b68,2024-06-30,90,63,0,0,-1,0,1990,2408,1
A-ccb686,2024-06-30,90,160,1,0,8,0,2548,12740,0
A-0e966d,2024-06-30,90,5,0,0,-1,0,4577,4577,0
A-b9f5b1,2024-06-30,90,523,1,0,345,0,285,285,0
A-8ae3fc,2024-06-30,90,2,0,0,-1,0,0,0,1
A-55f257,2024-06-30,90,192,0,0,-1,0,4577,27462,0
A-712533,2024-06-30,90,335,0,0,-1,0,3582,22860,1
A-43a9e3,2024-09-30,90,410,0,0,-1,0,5572,62128,0
A-0a282f,2024-09-30,90,34,0,0,-1,3781,1194,4975,1
A-1f0ac7,2024-09-30,90,400,0,0,-1,0,4776,40560,1
A-1b9609,2024-09-30,90,354,2,0,241,196,6965,33423,1
A-a0ca4e,2024-09-30,90,206,0,0,-1,0,5174,22288,0
A-e5d6ab,2024-09-30,90,534,2,0,142,0,4179,50623,0
A-7dacce,2024-09-30,90,20,1,0,12,0,2587,2587,1
A-10b8da,2024-09-30,90,511,0,0,-1,0,2786,37858,0
A-592832,2024-09-30,90,5,0,0,-1,0,8358,8358,1
A-6c093d,2024-09-30,90,535,0,0,-1,343,12139,47588,0
A-462d45,2024-09-30,90,259,1,0,136,0,10348,84475,0
A-ac14bb,2024-09-30,90,388,1,0,32,0,14129,140727,1
A-ce66f8,2024-09-30,90,404,0,0,-1,0,7363,28150,0
A-c4ea60,2024-09-30,90,571,0,0,-1,0,3582,24426,0
A-832ec2,2024-09-30,90,316,2,0,15,0,3781,30248,0
A-684255,2024-09-30,90,169,2,1,89,980,2786,9561,0
A-c42f1f,2024-09-30,90,64,0,0,-1,0,539,1617,0
A-4e44e8,2024-09-30,90,41,1,0,36,15522,722,1444,1
A-30b4ca,2024-09-30,90,133,1,0,29,0,17114,85570,0
A-32fb14,2024-09-30,90,573,3,0,155,0,1568,10214,0
A-00cac8,2024-09-30,90,381,0,0,-1,0,7761,19834,0
A-35083d,2024-09-30,90,521,0,0,-1,0,3781,52934,0
A-eb7fac,2024-09-30,90,338,1,0,70,0,27064,217688,0
A-b20d99,2024-09-30,90,369,1,0,210,0,3980,35820,0
A-45ce7a,2024-09-30,90,435,0,0,-1,0,3184,27776,0
A-08e34e,2024-09-30,90,95,2,0,29,0,5970,8119,0
A-8145a0,2024-09-30,90,524,1,0,446,0,4776,63680,0
A-bad8c1,2024-09-30,90,579,1,1,362,0,2646,42336,0
A-44dc83,2024-09-30,90,141,0,0,-1,0,456,1824,1
A-f446b6,2024-09-30,90,507,0,0,-1,0,3582,36798,0
A-a45270,2024-09-30,90,98,0,0,-1,0,4975,14925,1
A-05f0e5,2024-09-30,90,515,1,0,260,0,18308,149648,1
A-9077b0,2024-09-30,90,36,0,0,-1,0,38,76,0
A-7f8241,2024-09-30,90,566,0,0,-1,0,7164,111786,0
A-2bc93d,2024-09-30,90,566,2,1,46,266,7960,114226,0
A-f3ff05,2024-09-30,90,86,0,0,-1,38,5373,5905,1
A-2d4502,2024-09-30,90,154,1,0,146,0,8159,25653,0
A-6a4e2d,2024-09-30,90,542,1,0,73,0,4378,63083,0
A-eb7c38,2024-09-30,90,218,1,0,192,171,17910,91488,0
A-3b5cd1,2024-09-30,90,384,3,0,31,0,3582,36868,0
A-b2225d,2024-09-30,90,206,3,1,95,0,9353,46765,0
A-94f8c9,2024-09-30,90,185,1,0,151,0,2587,15522,0
A-02fac6,2024-09-30,90,543,1,0,40,0,4577,50231,0
A-c1dfe1,2024-09-30,90,420,2,0,116,0,8159,48042,0
A-32728c,2024-09-30,90,636,3,1,73,0,980,17640,0
A-4c38bc,2024-09-30,90,205,0,0,-1,0,7164,43668,0
A-1b707d,2024-09-30,90,444,1,1,437,152,3781,38606,0
A-6f8ad2,2024-09-30,90,83,0,0,-1,0,6965,13930,0
A-4d1e75,2024-09-30,90,40,1,0,25,0,12338,12338,0
A-9ee962,2024-09-30,90,580,0,0,-1,171,5771,39450,1
A-378b99,2024-09-30,90,29,0,0,-1,0,1292,1292,1
A-94d3da,2024-09-30,90,516,1,0,171,0,8159,130544,0
A-e351e1,2024-09-30,90,4,0,0,-1,0,627,627,1
A-9badbd,2024-09-30,90,103,0,0,-1,0,5970,18442,0
A-7e0a10,2024-09-30,90,317,1,0,4,0,9154,78614,0
A-526d93,2024-09-30,90,169,3,0,5,0,9751,58506,0
A-f92792,2024-09-30,90,88,0,0,-1,0,6965,15204,1
A-84ebe4,2024-09-30,90,568,2,0,254,0,8955,75564,0
A-5b4ebb,2024-09-30,90,82,0,0,-1,0,988,2527,0
A-9b9fe9,2024-09-30,90,368,2,0,26,0,1176,12574,0
A-a8b49c,2024-09-30,90,360,1,0,105,0,2388,13182,0
A-a1bbb6,2024-09-30,90,544,0,0,-1,0,5572,95753,0
A-c45b23,2024-09-30,90,297,1,1,190,0,1791,10288,0
A-02cd81,2024-09-30,90,186,1,0,153,2156,8756,45452,0
A-ee42db,2024-09-30,90,524,3,0,207,0,5635,30821,1
A-432483,2024-09-30,90,602,0,0,-1,637,11940,125370,0
A-9208f0,2024-09-30,90,508,3,1,15,0,2786,47362,1
A-98a59a,2024-09-30,90,423,1,0,19,0,11144,52472,0
A-fe79a5,2024-09-30,90,222,0,0,-1,0,4577,11741,0
A-726cfa,2024-09-30,90,457,1,0,53,0,5970,84560,0
A-271f46,2024-09-30,90,599,2,1,52,0,7562,47918,0
A-157070,2024-09-30,90,326,1,0,268,0,6965,55446,1
A-40a557,2024-09-30,90,302,1,0,297,0,10945,79799,0
A-91e948,2024-09-30,90,610,0,0,-1,0,8159,42886,0
A-104f1a,2024-09-30,90,44,2,0,21,0,6027,6027,1
A-7988d1,2024-09-30,90,285,2,0,103,0,6567,15642,1
A-faa28c,2024-09-30,90,244,2,0,41,0,9552,76416,0
A-f25509,2024-09-30,90,192,2,1,107,0,6368,31840,1
A-3a5ad8,2024-09-30,90,300,0,0,-1,0,6169,51541,0
A-65a46c,2024-09-30,90,331,0,0,-1,0,15522,108654,0
A-8b25f2,2024-09-30,90,226,0,0,-1,190,5572,14120,0
A-adc1f3,2024-09-30,90,56,0,0,-1,9950,1592,3184,0
A-503d5a,2024-09-30,90,345,0,0,-1,0,2388,27199,0
A-186a44,2024-09-30,90,420,0,0,-1,0,4776,19512,0
A-e888d1,2024-09-30,90,552,2,0,372,0,3184,47654,1
A-69fad4,2024-09-30,90,543,1,0,105,4378,1990,38380,0
A-9289f6,2024-09-30,90,488,1,0,403,0,3969,31127,0
A-f19409,2024-09-30,90,564,2,0,494,0,7960,93000,0
A-2e3bad,2024-09-30,90,414,1,0,184,0,12139,169946,0
A-484819,2024-09-30,90,587,2,0,276,5516,3582,76416,0
A-425e76,2024-09-30,90,502,3,1,280,0,3479,60557,1
A-e83938,2024-09-30,90,314,2,0,50,0,3184,25472,1
A-ad296b,2024-09-30,90,77,0,0,-1,0,7562,15846,0
A-e51ec7,2024-09-30,90,373,3,0,176,0,4975,54725,0
A-0aaf6e,2024-09-30,90,142,0,0,-1,0,1813,7252,0
A-e61e98,2024-09-30,90,346,0,0,-1,0,6766,26219,1
A-92a333,2024-09-30,90,556,0,0,-1,0,6567,91938,0
A-95b24a,2024-09-30,90,482,0,0,-1,0,8557,106608,0
A-42e5e1,2024-09-30,90,83,0,0,-1,3980,49,147,1
A-7d514c,2024-09-30,90,240,0,0,-1,0,8557,46292,0
A-65aeb5,2024-09-30,90,249,1,0,216,1791,12537,87930,1
A-e2cd1b,2024-09-30,90,239,0,0,-1,0,2985,17433,0
A-180abf,2024-09-30,90,413,5,0,18,0,12736,108160,0
A-f17767,2024-09-30,90,609,1,0,516,0,7761,89282,0
A-5a184f,2024-09-30,90,469,3,0,19,0,9154,91585,0
A-7df7a7,2024-09-30,90,611,1,0,82,0,8955,144652,0
A-52dd88,2024-09-30,90,587,0,0,-1,0,5174,32006,0
A-bece89,2024-09-30,90,304,2,0,65,0,5174,46566,0
A-029f69,2024-09-30,90,207,1,0,105,1314,4776,23880,1
A-5c046d,2024-09-30,90,86,0,0,-1,0,18507,27621,0
A-ae052e,2024-09-30,90,385,1,0,359,0,1911,13377,1
A-9f9299,2024-09-30,90,394,1,0,190,6944,5572,61292,1
A-96e141,2024-09-30,90,415,2,0,8,285,4975,26148,0
A-117171,2024-09-30,90,18,0,0,-1,0,0,0,1
A-313be3,2024-09-30,90,320,2,0,191,0,9353,86480,0
A-bbc346,2024-09-30,90,32,0,0,-1,0,3781,7562,1
A-c16101,2024-09-30,90,24,0,0,-1,0,2786,2786,1
A-50f3f7,2024-09-30,90,283,0,0,-1,0,8955,80595,0
A-7da956,2024-09-30,90,120,0,0,-1,0,2786,4060,0
A-019782,2024-09-30,90,530,0,0,-1,0,2587,39675,0
A-df10db,2024-09-30,90,482,2,0,80,0,6567,36285,0
A-3932db,2024-09-30,90,362,0,0,-1,0,3781,9766,0
A-4f18f0,2024-09-30,90,162,1,0,126,456,4776,21456,1
A-4c6f11,2024-09-30,90,308,1,0,93,0,4776,33432,1
A-8ae05d,2024-09-30,90,177,1,0,31,0,1634,6536,0
A-eafc6e,2024-09-30,90,452,1,0,427,0,6766,78395,1
A-37f969,2024-09-30,90,352,2,0,97,0,5970,58140,1
A-10b8f2,2024-09-30,90,628,1,0,118,0,9353,117898,0
A-439b2f,2024-09-30,90,222,1,1,59,0,199,1261,1
A-544d0a,2024-09-30,90,151,0,0,-1,0,12736,21164,0
A-ba6516,2024-09-30,90,337,1,0,197,0,7562,57113,0
A-038089,2024-09-30,90,286,0,0,-1,0,1764,5537,1
A-afa505,2024-09-30,90,278,1,0,212,0,13930,83370,0
A-d5a319,2024-09-30,90,515,0,0,-1,0,13930,128310,0
A-f97b9a,2024-09-30,90,449,0,0,-1,0,7164,55720,0
A-2f6a32,2024-09-30,90,35,0,0,-1,0,361,361,0
A-856b1e,2024-09-30,90,335,0,0,-1,0,1764,17983,0
A-d27f50,2024-09-30,90,72,0,0,-1,0,8756,26268,0
A-e36807,2024-09-30,90,136,0,0,-1,1862,2786,10220,0
A-ff79f2,2024-09-30,90,158,0,0,-1,0,4577,6013,0
A-5b1bcd,2024-09-30,90,380,1,0,54,0,14527,175711,0
A-71615e,2024-09-30,90,135,1,0,76,0,10945,27860,0
A-794a0b,2024-09-30,90,486,1,0,21,0,6169,27956,0
A-86902e,2024-09-30,90,517,0,0,-1,0,12139,122036,1
A-0532a9,2024-09-30,90,5,0,0,-1,0,361,361,1
A-9779ad,2024-09-30,90,185,3,0,50,0,7960,47760,0
A-f45426,2024-09-30,90,56,1,0,56,1791,3980,4360,1
A-fa3095,2024-09-30,90,393,1,0,282,0,13930,139300,0
A-ad64c6,2024-09-30,90,220,2,0,63,0,5572,29452,0
A-39b19f,2024-09-30,90,605,1,0,569,0,2786,57296,0
A-56962b,2024-09-30,90,174,2,0,35,0,7987,11084,0
A-e60f9d,2024-09-30,90,35,0,0,-1,0,1421,1421,0
A-158f4e,2024-09-30,90,577,1,0,575,0,12139,106384,1
A-5b051a,2024-09-30,90,56,0,0,-1,0,418,418,0
A-296d7c,2024-09-30,90,327,0,0,-1,0,784,3354,1
A-1619f8,2024-09-30,90,133,3,0,9,0,10945,43780,0
A-a1b80b,2024-09-30,90,308,1,1,81,0,10348,72436,0
A-702032,2024-09-30,90,363,2,0,108,0,5572,33432,0
A-7a0d69,2024-09-30,90,107,1,0,83,0,735,1470,1
A-22d9d2,2024-09-30,90,192,0,0,-1,2842,1592,15954,1
A-b9eed8,2024-09-30,90,220,1,1,160,0,2985,20895,0
A-dfbd31,2024-09-30,90,301,1,0,273,0,2786,22288,1
A-8e47ca,2024-09-30,90,228,2,0,12,0,6169,41726,0
A-4437e4,2024-09-30,90,380,1,0,101,0,3184,22526,0
A-779e4e,2024-09-30,90,637,0,0,-1,0,11542,194622,0
A-53f4e3,2024-09-30,90,108,0,0,-1,0,3980,6773,1
A-692f18,2024-09-30,90,186,0,0,-1,0,7363,45173,1
A-13466a,2024-09-30,90,344,2,1,165,4378,7960,63794,0
A-1986ca,2024-09-30,90,609,0,0,-1,0,6169,70645,0
A-0cc442,2024-09-30,90,74,2,1,4,0,10547,19502,1
A-c608c8,2024-09-30,90,522,1,0,118,0,2842,28252,0
A-3be56b,2024-09-30,90,340,2,0,102,0,5970,37876,0
A-354f12,2024-09-30,90,155,1,0,11,0,6766,33830,0
A-68f37c,2024-09-30,90,443,3,1,93,0,24079,361185,1
A-aa9511,2024-09-30,90,356,1,0,349,4975,19303,175252,0
A-af0cd2,2024-09-30,90,636,1,0,340,0,931,19551,0
A-c222ab,2024-09-30,90,143,2,0,108,0,6368,7936,1
A-34d880,2024-09-30,90,172,0,0,-1,779,10547,63282,1
A-508199,2024-09-30,90,246,0,0,-1,0,3781,34029,0
A-f03140,2024-09-30,90,313,0,0,-1,0,5373,39960,1
A-fa2041,2024-09-30,90,124,1,0,79,0,3184,12100,0
A-de58ca,2024-09-30,90,536,0,0,-1,0,12338,152466,0
A-05d3b3,2024-09-30,90,491,2,0,21,456,3184,44747,0
A-249769,2024-09-30,90,158,1,1,110,0,11144,23366,1
A-e43bf7,2024-09-30,90,556,1,0,464,0,13930,226462,0
A-eb2fdc,2024-09-30,90,314,1,0,127,1617,9353,51322,0
A-e1462e,2024-09-30,90,568,1,1,361,0,5771,81590,1
A-cab532,2024-09-30,90,546,1,0,82,0,4975,86764,0
A-9123ac,2024-09-30,90,468,1,1,178,0,8358,83922,1
A-6e08f3,2024-09-30,90,581,1,1,233,0,4776,38208,0
A-d922bf,2024-09-30,90,388,0,0,-1,0,6368,76018,1
A-8ed5dd,2024-09-30,90,459,0,0,-1,0,5970,53248,1
A-3c1a3f,2024-09-30,90,401,0,0,-1,0,5771,57710,0
A-b2af2e,2024-09-30,90,37,0,0,-1,0,882,1764,1
A-9bfc9f,2024-09-30,90,382,0,0,-1,0,2940,31610,0
A-4ae22a,2024-09-30,90,144,1,0,72,0,5572,27860,0
A-fda07f,2024-09-30,90,50,1,0,17,0,3184,5970,0
A-977ca0,2024-09-30,90,588,0,0,-1,0,18109,273946,0
A-ab438f,2024-09-30,90,17,0,0,-1,0,0,0,1
A-e89151,2024-09-30,90,382,0,0,-1,0,4577,38407,0
A-40906c,2024-09-30,90,187,0,0,-1,0,18308,73232,0
A-81edc3,2024-09-30,90,336,2,0,9,0,8756,21748,1
A-328bd0,2024-09-30,90,503,0,0,-1,0,3582,50148,0
A-b3fe05,2024-09-30,90,125,0,0,-1,0,9950,19900,0
A-09540c,2024-09-30,90,336,1,0,209,0,13333,67938,0
A-e693b6,2024-09-30,90,494,0,0,-1,1045,10945,93830,1
A-2446e3,2024-09-30,90,264,2,1,63,0,5373,36207,0
A-241e75,2024-09-30,90,89,0,0,-1,0,2254,6762,1
A-922109,2024-09-30,90,248,1,0,58,0,8159,31925,1
A-ff3c73,2024-09-30,90,613,2,0,144,0,1254,22572,0
A-8b0451,2024-09-30,90,14,0,0,-1,0,779,779,1
A-331424,2024-09-30,90,329,1,0,222,209,2189,19701,0
A-51ec1b,2024-09-30,90,327,1,1,296,0,3582,13154,0
A-bcf664,2024-09-30,90,500,2,1,44,0,2587,31128,1
A-90a8c8,2024-09-30,90,37,1,0,32,0,14527,16095,0
A-86cdb4,2024-09-30,90,8,0,0,-1,0,0,0,0
A-dbc825,2024-09-30,90,267,2,0,240,4142,8955,49551,0
A-7c4956,2024-09-30,90,513,0,0,-1,0,1194,12994,0
A-3ce5b8,2024-09-30,90,389,1,0,12,0,9261,92610,0
A-bd4708,2024-09-30,90,71,0,0,-1,0,7363,22089,0
A-993085,2024-09-30,90,487,2,0,253,0,9751,126491,0
A-92a3af,2024-09-30,90,85,0,0,-1,0,5373,8705,0
A-151c9a,2024-09-30,90,612,1,0,331,0,4577,48817,0
A-474ad4,2024-09-30,90,307,0,0,-1,0,2597,19384,0
A-4ef964,2024-09-30,90,207,1,0,103,0,3430,20345,0
A-fd9422,2024-09-30,90,179,0,0,-1,0,11542,57710,0
A-0baac2,2024-09-30,90,123,2,0,0,5771,0,17313,1
A-560d27,2024-09-30,90,148,0,0,-1,0,14129,70645,0
A-2789e3,2024-09-30,90,16,0,0,-1,0,627,627,0
A-902ef7,2024-09-30,90,27,1,0,4,0,16517,16517,0
A-20736a,2024-09-30,90,198,1,0,195,0,9950,19750,0
A-cea1f0,2024-09-30,90,176,0,0,-1,0,570,2280,0
A-ef84cf,2024-09-30,90,213,2,2,2,152,6766,33830,1
A-d49cc5,2024-09-30,90,377,1,0,171,0,2450,18100,0
A-67be94,2024-09-30,90,545,2,0,92,0,10348,83413,0
A-4e960a,2024-09-30,90,257,0,0,-1,0,14129,85002,0
A-c37cab,2024-09-30,90,63,0,0,-1,0,4179,12537,1
A-443b7c,2024-09-30,90,24,0,0,-1,0,13930,13930,0
A-1f7acb,2024-09-30,90,421,0,0,-1,0,12736,165568,0
A-f51f16,2024-09-30,90,280,1,0,85,49,7761,45141,1
A-5a3eb9,2024-09-30,90,407,3,0,110,0,3582,43390,0
A-417d2f,2024-09-30,90,454,0,0,-1,0,10149,152235,0
A-e98302,2024-09-30,90,279,0,0,-1,0,6766,55010,0
A-bcf87c,2024-09-30,90,95,0,0,-1,6169,1990,8992,0
A-54ecc2,2024-09-30,90,477,2,0,8,0,5970,51339,1
A-625d0b,2024-09-30,90,28,0,0,-1,0,0,0,0
A-fce879,2024-09-30,90,6,0,0,-1,0,627,627,1
A-6da850,2024-09-30,90,359,2,0,23,0,7363,42780,1
A-342303,2024-09-30,90,198,1,0,194,0,1372,4762,0
A-e7a1e2,2024-09-30,90,99,2,1,0,0,2786,8358,1
A-f1f639,2024-09-30,90,582,2,1,176,0,1791,14821,0
A-a865bd,2024-09-30,90,377,2,0,196,0,7562,50958,0
A-4e631b,2024-09-30,90,198,0,0,-1,0,7960,55720,0
A-7f6b86,2024-09-30,90,403,1,0,82,0,11741,43542,0
A-8adedc,2024-09-30,90,232,0,0,-1,0,3871,37355,0
A-2edab2,2024-09-30,90,318,2,0,99,0,3383,19363,0
A-a6d261,2024-09-30,90,306,1,0,204,0,20497,132108,0
A-202b67,2024-09-30,90,192,2,0,16,0,4975,23967,0
A-00bed1,2024-09-30,90,321,1,0,271,0,9751,55922,0
A-ffc04f,2024-09-30,90,116,1,0,58,0,3781,11758,0
A-65c341,2024-09-30,90,279,1,0,207,6169,16716,123181,1
A-dcc2f0,2024-09-30,90,436,1,0,173,0,3184,34911,0
A-3d957b,2024-09-30,90,179,1,0,148,0,2786,6993,0
A-883b7d,2024-09-30,90,186,0,0,-1,2009,9950,36834,0
A-dcc3f1,2024-09-30,90,278,1,0,76,0,4378,26648,1
A-c62e55,2024-09-30,90,600,0,0,-1,0,2985,28155,0
A-e40f45,2024-09-30,90,165,0,0,-1,0,4179,20895,1
A-96215d,2024-09-30,90,53,0,0,-1,0,3184,5174,0
A-2b9d3e,2024-09-30,90,484,0,0,-1,0,995,11363,0
A-b7724f,2024-09-30,90,552,3,1,29,0,627,10032,0
A-eb1312,2024-09-30,90,14,1,0,2,0,1225,1225,1
A-df1e44,2024-09-30,90,220,0,0,-1,0,3087,16023,1
A-a8d89d,2024-09-30,90,297,2,0,35,0,15522,155220,0
A-600734,2024-09-30,90,321,0,0,-1,0,5771,43239,0
A-86fc1d,2024-09-30,90,66,1,0,49,0,5572,11144,0
A-acb7f7,2024-09-30,90,268,1,0,193,0,6368,57312,0
A-712f1c,2024-09-30,90,289,0,0,-1,3383,14925,116614,1
A-3793ee,2024-09-30,90,559,1,0,472,0,9751,48461,0
A-9a532a,2024-09-30,90,86,0,0,-1,0,6567,13134,0
A-2ebb4b,2024-09-30,90,504,2,0,408,2009,12935,158336,1
A-c9bb3e,2024-09-30,90,190,1,0,63,0,6027,36162,1
A-4814a3,2024-09-30,90,13,0,0,-1,0,4263,4263,1
A-b7b7b7,2024-09-30,90,92,0,0,-1,0,5373,9832,0
A-ccc747,2024-09-30,90,262,3,0,28,0,1813,7252,0
A-bb3bd4,2024-09-30,90,247,2,0,92,0,4577,27462,0
A-09316c,2024-09-30,90,19,0,0,-1,0,13930,13930,1
A-96bbc6,2024-09-30,90,146,1,1,98,0,7761,32955,1
A-bc4d48,2024-09-30,90,110,0,0,-1,0,1715,5810,0
A-b30291,2024-09-30,90,178,1,0,27,0,3184,12926,0
A-cdf020,2024-09-30,90,411,1,0,297,3724,4577,35596,1
A-e6afc1,2024-09-30,90,584,0,0,-1,0,10149,172533,0
A-e3bd71,2024-09-30,90,555,1,0,275,0,6169,111042,0
A-098560,2024-09-30,90,345,2,0,26,0,5771,21206,0
A-82861f,2024-09-30,90,158,1,0,136,779,10547,47959,0
A-94c3cd,2024-09-30,90,376,0,0,-1,0,1813,5439,0
A-a33200,2024-09-30,90,15,0,0,-1,0,5771,5771,1
A-034368,2024-09-30,90,330,1,0,32,0,494,1976,0
A-b54c01,2024-09-30,90,1,0,0,-1,0,0,0,1
A-d82ef9,2024-09-30,90,90,1,0,55,0,5174,13190,0
A-bb2f49,2024-09-30,90,491,0,0,-1,0,9751,149597,0
A-1f559b,2024-09-30,90,392,1,0,2,1102,5174,42000,0
A-5a215a,2024-09-30,90,269,0,0,-1,4263,17313,127107,0
A-3f9cc0,2024-09-30,90,119,2,0,52,0,5970,20696,1
A-ed510f,2024-09-30,90,622,1,0,514,0,8358,102102,0
A-a7bd4b,2024-09-30,90,593,0,0,-1,0,2499,20141,1
A-d4ac0e,2024-09-30,90,163,0,0,-1,0,3980,13507,0
A-ffdfd5,2024-09-30,90,170,1,0,53,0,4508,7234,0
A-0dbdc6,2024-09-30,90,596,2,0,169,0,9950,54070,0
A-7cfe77,2024-09-30,90,82,1,0,21,0,3381,10143,1
A-1f0636,2024-09-30,90,273,0,0,-1,0,20895,125370,0
A-40de06,2024-09-30,90,511,0,0,-1,0,5572,89152,0
A-cb5333,2024-09-30,90,188,1,0,50,0,6567,39402,0
A-6e7827,2024-09-30,90,554,2,0,174,0,2189,14722,0
A-50bb9f,2024-09-30,90,80,2,1,18,0,6965,20895,0
A-5247b3,2024-09-30,90,202,0,0,-1,0,3184,22288,1
A-f44180,2024-09-30,90,595,1,0,520,0,2786,156414,0
A-d42431,2024-09-30,90,113,1,0,96,0,4378,10903,1
A-0a62f5,2024-09-30,90,19,1,0,3,0,3184,3184,1
A-f5641b,2024-09-30,90,184,2,0,105,6169,6169,37014,0
A-b44e3e,2024-09-30,90,231,1,0,169,0,15721,125768,0
A-3b37d9,2024-09-30,90,612,1,0,279,0,4577,82386,1
A-54d94a,2024-09-30,90,518,0,0,-1,0,2548,24255,0
A-7f29a7,2024-09-30,90,12,0,0,-1,0,779,779,1
A-089363,2024-09-30,90,513,1,0,308,0,2985,28875,0
A-855a48,2024-09-30,90,283,1,0,60,0,11940,83580,0
A-756192,2024-09-30,90,477,0,0,-1,0,7761,38492,0
A-49b828,2024-09-30,90,514,0,0,-1,0,9751,127844,0
A-c7ffc2,2024-09-30,90,612,2,0,324,0,6468,109956,0
A-751c58,2024-09-30,90,74,1,0,13,0,2985,8955,1
A-72799b,2024-09-30,90,322,1,0,148,380,3980,43780,0
A-812c5b,2024-09-30,90,218,1,0,142,0,6370,31850,0
A-69b156,2024-09-30,90,314,0,0,-1,343,5572,51541,0
A-075038,2024-09-30,90,507,1,0,25,0,5047,75705,0
A-940b8b,2024-09-30,90,195,0,0,-1,0,6368,38208,0
A-2d1036,2024-09-30,90,108,0,0,-1,0,13731,41193,1
A-9affe6,2024-09-30,90,558,1,0,262,0,1421,25298,0
A-80eeb6,2024-09-30,90,510,2,0,234,5174,17711,210989,0
A-c7e58b,2024-09-30,90,463,0,0,-1,0,1990,17740,0
A-016043,2024-09-30,90,61,1,0,50,0,3980,4094,0
A-bbe56f,2024-09-30,90,592,0,0,-1,0,4179,58506,0
A-7c5768,2024-09-30,90,212,0,0,-1,0,1178,7148,0
A-751bd4,2024-09-30,90,80,1,0,8,0,190,190,0
A-4e0e85,2024-09-30,90,388,2,0,200,0,1862,12224,0
A-ad3abd,2024-09-30,90,577,1,0,446,2992,8756,166364,0
A-e19ff6,2024-09-30,90,430,3,0,95,0,722,8968,0
A-7920cc,2024-09-30,90,312,0,0,-1,0,10746,85206,0
A-5a92e7,2024-09-30,90,111,1,0,104,0,2107,7742,1
A-fdfc91,2024-09-30,90,513,0,0,-1,0,9353,30219,0
A-1e50e0,2024-09-30,90,587,2,0,157,0,4802,78986,0
A-1e1b80,2024-09-30,90,384,1,0,362,0,9950,110400,1
A-659280,2024-09-30,90,318,1,0,69,0,6169,64277,1
A-f6b2fb,2024-09-30,90,160,1,0,81,0,9751,29783,0
A-cb6cc6,2024-09-30,90,546,0,0,-1,0,637,6321,0
A-d62e02,2024-09-30,90,41,0,0,-1,0,1990,1990,0
A-d535f6,2024-09-30,90,27,0,0,-1,0,2388,2388,1
A-39868b,2024-09-30,90,197,2,1,129,0,1791,10746,0
A-3cc791,2024-09-30,90,264,0,0,-1,0,4378,21094,1
A-337bc1,2024-09-30,90,439,2,0,289,0,6766,78836,0
A-58b9ff,2024-09-30,90,122,0,0,-1,0,15124,16214,1
A-1d5444,2024-09-30,90,256,1,0,121,0,8159,46027,0
A-0f3e88,2024-09-30,90,435,1,0,50,0,2189,20547,0
A-7641d3,2024-09-30,90,592,2,0,115,0,2989,35032,0
A-cd458b,2024-09-30,90,107,0,0,-1,551,9353,23880,1
A-c16b88,2024-09-30,90,303,1,0,121,0,8955,35820,0
A-59f724,2024-09-30,90,332,0,0,-1,0,4378,39402,0
A-87aa7b,2024-09-30,90,137,2,0,103,0,4776,10068,1
A-1e6fc3,2024-09-30,90,299,1,0,194,0,245,1470,0
A-34ea2f,2024-09-30,90,46,0,0,-1,0,1127,1127,1
A-716841,2024-09-30,90,147,0,0,-1,0,3059,15295,1
A-558c72,2024-09-30,90,487,0,0,-1,0,2985,29555,1
A-b11cd0,2024-09-30,90,619,0,0,-1,0,1764,21600,0
A-7f4db3,2024-09-30,90,575,1,0,559,0,8955,59700,0
A-cc102e,2024-09-30,90,168,1,0,158,2058,2587,10819,1
A-dec005,2024-09-30,90,353,0,0,-1,0,6169,61690,1
A-7c83a1,2024-09-30,90,147,1,0,134,588,5174,23084,0
A-297a2d,2024-09-30,90,514,0,0,-1,0,7164,100296,0
A-4c56c9,2024-09-30,90,285,1,0,178,0,9751,27263,0
A-cbbe12,2024-09-30,90,558,0,0,-1,760,2401,29204,0
A-4a267b,2024-09-30,90,148,1,0,105,2254,5771,28855,0
A-bcbe98,2024-09-30,90,63,0,0,-1,0,2254,5382,1
A-427b69,2024-09-30,90,38,0,0,-1,0,5174,5174,0
A-054577,2024-09-30,90,155,0,0,-1,0,14925,21491,0
A-bc87bc,2024-09-30,90,75,0,0,-1,0,342,342,0
A-e7beab,2024-09-30,90,346,1,0,158,4179,2793,47376,0
A-a09355,2024-09-30,90,51,1,0,17,0,5970,6236,1
A-31ab9a,2024-09-30,90,211,2,1,7,0,3577,21747,0
A-0158bb,2024-09-30,90,131,0,0,-1,0,665,2660,0
A-f19b24,2024-09-30,90,629,0,0,-1,0,1421,9947,0
A-798a3f,2024-09-30,90,347,1,0,73,0,5174,29452,0
A-42b791,2024-09-30,90,133,0,0,-1,0,1421,5684,0
A-068fc6,2024-09-30,90,441,0,0,-1,0,6965,52080,0
A-6f50ae,2024-09-30,90,375,2,1,217,0,9950,59427,0
A-a2485e,2024-09-30,90,57,0,0,-1,0,3332,6664,0
A-bb1eaa,2024-09-30,90,111,1,0,46,0,4179,16716,0
A-cc98bc,2024-09-30,90,495,0,0,-1,1568,6368,108256,0
A-d77f4c,2024-09-30,90,371,1,0,55,0,18706,116454,1
A-ccabf0,2024-09-30,90,329,1,0,148,0,11741,129151,1
A-4a4c2d,2024-09-30,90,517,0,0,-1,0,10746,141750,0
A-b7ef83,2024-09-30,90,124,2,1,68,0,5174,18109,0
A-e08cd3,2024-09-30,90,9,1,0,9,0,3283,3283,1
A-19b2c8,2024-09-30,90,482,1,0,45,0,5572,56641,0
A-970c97,2024-09-30,90,213,0,0,-1,0,5572,27860,0
A-6dee43,2024-09-30,90,415,1,0,260,0,15920,109848,0
A-5ed98d,2024-09-30,90,100,1,0,3,0,4776,19104,1
A-c58f49,2024-09-30,90,61,3,0,9,0,13930,15260,0
A-9c18c4,2024-09-30,90,431,0,0,-1,0,3781,52934,0
A-cc8c8f,2024-09-30,90,106,1,0,18,0,5572,22288,0
A-5f7781,2024-09-30,90,41,0,0,-1,0,4378,4378,1
A-e1b9cd,2024-09-30,90,582,0,0,-1,760,7960,120880,1
A-ac85cd,2024-09-30,90,61,0,0,-1,0,2597,5194,1
A-d792a6,2024-09-30,90,616,2,0,48,0,2388,46610,0
A-ac9111,2024-09-30,90,415,1,0,97,0,4179,34797,0
A-9f0b68,2024-09-30,90,155,1,0,51,0,6567,22109,1
A-ccb686,2024-09-30,90,252,1,0,100,0,10547,36382,1
A-0e966d,2024-09-30,90,97,0,0,-1,0,4577,18308,0
A-b9f5b1,2024-09-30,90,615,1,0,437,0,2985,9240,0
A-8ae3fc,2024-09-30,90,94,1,0,51,0,1666,3284,0
A-55f257,2024-09-30,90,284,0,0,-1,0,4577,41193,0
A-712533,2024-09-30,90,427,1,0,74,0,3582,33606,0
A-781cc0,2024-09-30,90,26,0,0,-1,0,2388,2388,1
A-43a9e3,2024-03-31,180,227,0,0,-1,0,5572,28696,0
A-1f0ac7,2024-03-31,180,217,0,0,-1,0,4776,11904,0
A-1b9609,2024-03-31,180,171,2,0,58,0,995,3573,0
A-a0ca4e,2024-03-31,180,23,0,0,-1,0,2388,2388,0
A-e5d6ab,2024-03-31,180,351,1,0,342,0,4179,25549,1
A-10b8da,2024-03-31,180,328,0,0,-1,3383,266,27862,0
A-6c093d,2024-03-31,180,352,0,0,-1,0,1393,6992,0
A-462d45,2024-03-31,180,76,0,0,-1,0,10348,22387,1
A-ac14bb,2024-03-31,180,205,0,0,-1,0,14129,55953,1
A-ce66f8,2024-03-31,180,221,0,0,-1,0,551,4408,0
A-c4ea60,2024-03-31,180,388,0,0,-1,0,912,10944,0
A-832ec2,2024-03-31,180,133,1,0,103,0,3781,7562,1
A-32fb14,2024-03-31,180,390,1,0,225,0,893,3857,1
A-00cac8,2024-03-31,180,198,0,0,-1,0,392,2744,0
A-35083d,2024-03-31,180,338,0,0,-1,0,3781,30248,0
A-eb7fac,2024-03-31,180,155,0,0,-1,0,27064,55304,1
A-b20d99,2024-03-31,180,186,1,0,27,0,3980,11940,0
A-45ce7a,2024-03-31,180,252,0,0,-1,0,3184,8672,0
A-8145a0,2024-03-31,180,341,1,0,263,0,4975,34626,0
A-bad8c1,2024-03-31,180,396,1,1,179,0,2646,26460,0
A-f446b6,2024-03-31,180,324,0,0,-1,0,3582,15306,0
A-05f0e5,2024-03-31,180,332,1,0,77,0,6368,63680,0
A-7f8241,2024-03-31,180,383,0,0,-1,0,6766,69598,0
A-2bc93d,2024-03-31,180,383,1,0,234,0,7960,66466,1
A-6a4e2d,2024-03-31,180,359,0,0,-1,0,4378,36815,1
A-eb7c38,2024-03-31,180,35,1,0,9,0,0,0,0
A-3b5cd1,2024-03-31,180,201,1,0,70,0,3582,15376,1
A-b2225d,2024-03-31,180,23,1,0,0,0,0,0,1
A-94f8c9,2024-03-31,180,2,0,0,-1,0,0,0,1
A-02fac6,2024-03-31,180,360,0,0,-1,0,4378,22968,1
A-c1dfe1,2024-03-31,180,237,1,0,192,494,5174,8043,1
A-32728c,2024-03-31,180,453,1,0,431,0,980,11760,1
A-4c38bc,2024-03-31,180,22,0,0,-1,0,684,684,0
A-1b707d,2024-03-31,180,261,1,1,254,0,3184,15920,0
A-9ee962,2024-03-31,180,397,0,0,-1,0,1470,13426,0
A-94d3da,2024-03-31,180,333,0,0,-1,0,8159,81590,1
A-7e0a10,2024-03-31,180,134,0,0,-1,0,9154,23690,1
A-84ebe4,2024-03-31,180,385,2,0,71,0,4179,40938,0
A-9b9fe9,2024-03-31,180,185,1,0,95,245,1176,5518,1
A-a8b49c,2024-03-31,180,177,0,0,-1,0,1393,3829,1
A-a1bbb6,2024-03-31,180,361,0,0,-1,0,5572,62321,0
A-c45b23,2024-03-31,180,114,1,1,7,0,343,990,0
A-02cd81,2024-03-31,180,3,0,0,-1,0,836,836,1
A-ee42db,2024-03-31,180,341,3,0,24,0,637,7007,0
A-432483,2024-03-31,180,419,0,0,-1,0,11940,53730,0
A-9208f0,2024-03-31,180,325,1,0,134,0,2786,30646,1
A-98a59a,2024-03-31,180,240,0,0,-1,0,2744,19208,1
A-fe79a5,2024-03-31,180,39,0,0,-1,0,0,0,0
A-726cfa,2024-03-31,180,274,0,0,-1,0,5970,48740,1
A-271f46,2024-03-31,180,416,1,0,393,0,722,9386,1
A-157070,2024-03-31,180,143,1,0,85,0,6965,13656,0
A-40a557,2024-03-31,180,119,1,0,114,3184,10945,14129,0
A-91e948,2024-03-31,180,427,0,0,-1,0,2009,12382,0
A-7988d1,2024-03-31,180,102,1,0,85,0,0,0,1
A-faa28c,2024-03-31,180,61,0,0,-1,0,9552,19104,1
A-f25509,2024-03-31,180,9,0,0,-1,0,0,0,1
A-3a5ad8,2024-03-31,180,117,0,0,-1,0,6169,14527,0
A-65a46c,2024-03-31,180,148,0,0,-1,0,15522,15522,0
A-8b25f2,2024-03-31,180,43,0,0,-1,0,294,294,0
A-503d5a,2024-03-31,180,162,0,0,-1,0,2388,12871,0
A-186a44,2024-03-31,180,237,0,0,-1,0,980,6040,0
A-e888d1,2024-03-31,180,369,2,0,189,0,3184,28550,0
A-69fad4,2024-03-31,180,360,0,0,-1,665,4378,16888,1
A-9289f6,2024-03-31,180,305,1,0,220,0,3969,7313,0
A-f19409,2024-03-31,180,381,2,0,311,0,4577,45240,0
A-2e3bad,2024-03-31,180,231,1,0,1,2989,12139,97112,0
A-484819,2024-03-31,180,404,2,0,93,0,3582,50148,0
A-425e76,2024-03-31,180,319,3,1,97,0,3479,39683,0
A-e83938,2024-03-31,180,131,1,0,41,0,3184,6368,1
A-e51ec7,2024-03-31,180,190,2,0,62,0,4975,24875,1
A-e61e98,2024-03-31,180,163,0,0,-1,0,1960,9653,0
A-92a333,2024-03-31,180,373,0,0,-1,0,6567,52536,0
A-95b24a,2024-03-31,180,299,0,0,-1,0,8557,55266,0
A-7d514c,2024-03-31,180,57,0,0,-1,0,323,323,0
A-65aeb5,2024-03-31,180,66,1,0,33,0,12537,12708,0
A-e2cd1b,2024-03-31,180,56,0,0,-1,0,836,1672,0
A-180abf,2024-03-31,180,230,2,0,22,0,3136,31744,1
A-f17767,2024-03-31,180,426,1,0,333,539,7761,42716,0
A-5a184f,2024-03-31,180,286,2,0,12,0,9154,36661,1
A-7df7a7,2024-03-31,180,428,0,0,-1,2587,8955,90922,1
A-52dd88,2024-03-31,180,404,0,0,-1,0,1274,16562,0
A-bece89,2024-03-31,180,121,1,0,106,0,5174,15522,1
A-029f69,2024-03-31,180,24,0,0,-1,0,0,0,1
A-ae052e,2024-03-31,180,202,1,0,176,0,1911,1911,0
A-9f9299,2024-03-31,180,211,1,0,7,0,5572,27860,0
A-96e141,2024-03-31,180,232,0,0,-1,0,1568,6272,1
A-313be3,2024-03-31,180,137,2,0,8,0,9353,30362,0
A-50f3f7,2024-03-31,180,100,0,0,-1,0,8955,26865,0
A-019782,2024-03-31,180,347,0,0,-1,0,2587,24153,0
A-df10db,2024-03-31,180,299,0,0,-1,0,398,3052,1
A-3932db,2024-03-31,180,179,0,0,-1,0,779,2090,0
A-4c6f11,2024-03-31,180,125,0,0,-1,0,4776,4776,1
A-eafc6e,2024-03-31,180,269,1,0,244,0,6766,37799,0
A-37f969,2024-03-31,180,169,1,0,48,0,5970,22320,1
A-10b8f2,2024-03-31,180,445,0,0,-1,0,9353,61780,1
A-439b2f,2024-03-31,180,39,0,0,-1,0,133,133,1
A-ba6516,2024-03-31,180,154,1,0,14,0,5373,16119,0
A-038089,2024-03-31,180,103,0,0,-1,0,0,0,0
A-afa505,2024-03-31,180,95,1,0,29,0,3430,10290,0
A-d5a319,2024-03-31,180,332,0,0,-1,0,13930,44730,0
A-f97b9a,2024-03-31,180,266,0,0,-1,0,3781,15124,0
A-856b1e,2024-03-31,180,152,0,0,-1,0,1764,7399,0
A-5b1bcd,2024-03-31,180,197,0,0,-1,0,14527,88549,1
A-794a0b,2024-03-31,180,303,0,0,-1,0,1715,4304,1
A-86902e,2024-03-31,180,334,0,0,-1,0,12139,49202,0
A-9779ad,2024-03-31,180,2,0,0,-1,0,0,0,1
A-fa3095,2024-03-31,180,210,1,0,99,0,13930,55720,0
A-ad64c6,2024-03-31,180,37,0,0,-1,0,2388,2388,1
A-39b19f,2024-03-31,180,422,1,0,386,0,8159,35207,0
A-158f4e,2024-03-31,180,394,1,0,392,0,12139,33550,0
A-296d7c,2024-03-31,180,144,0,0,-1,0,114,342,0
A-a1b80b,2024-03-31,180,125,0,0,-1,0,10348,10348,1
A-702032,2024-03-31,180,180,0,0,-1,0,0,0,1
A-22d9d2,2024-03-31,180,9,0,0,-1,0,152,152,0
A-b9eed8,2024-03-31,180,37,0,0,-1,0,2985,2985,1
A-dfbd31,2024-03-31,180,118,1,0,90,0,2786,5572,0
A-8e47ca,2024-03-31,180,45,0,0,-1,0,3781,4712,1
A-4437e4,2024-03-31,180,197,0,0,-1,0,2401,5771,1
A-779e4e,2024-03-31,180,454,0,0,-1,0,11542,125370,0
A-692f18,2024-03-31,180,3,0,0,-1,0,5771,5771,0
A-13466a,2024-03-31,180,161,1,0,134,0,7960,16034,1
A-1986ca,2024-03-31,180,426,0,0,-1,0,3980,35820,0
A-c608c8,2024-03-31,180,339,0,0,-1,0,2842,11200,1
A-3be56b,2024-03-31,180,157,1,0,81,1715,3038,12152,1
A-68f37c,2024-03-31,180,260,1,0,52,0,24079,216711,1
A-aa9511,2024-03-31,180,173,1,0,166,0,19303,59434,0
A-af0cd2,2024-03-31,180,453,1,0,157,0,931,13965,0
A-508199,2024-03-31,180,63,0,0,-1,0,3781,11343,0
A-f03140,2024-03-31,180,130,0,0,-1,0,5373,7722,0
A-de58ca,2024-03-31,180,353,0,0,-1,735,12338,78438,0
A-05d3b3,2024-03-31,180,308,1,0,19,0,3184,25643,1
A-e43bf7,2024-03-31,180,373,1,0,281,0,13930,142882,0
A-eb2fdc,2024-03-31,180,131,0,0,-1,0,1519,3038,1
A-e1462e,2024-03-31,180,385,1,1,178,0,5771,46964,0
A-cab532,2024-03-31,180,363,0,0,-1,0,4975,56914,1
A-9123ac,2024-03-31,180,285,0,0,-1,0,8358,33774,1
A-6e08f3,2024-03-31,180,398,1,1,50,0,4776,9552,0
A-d922bf,2024-03-31,180,205,0,0,-1,0,6368,37810,0
A-8ed5dd,2024-03-31,180,276,0,0,-1,0,5970,17428,0
A-3c1a3f,2024-03-31,180,218,0,0,-1,0,5771,23084,0
A-9bfc9f,2024-03-31,180,199,0,0,-1,2597,2597,14999,0
A-977ca0,2024-03-31,180,405,0,0,-1,0,18109,165292,0
A-e89151,2024-03-31,180,199,0,0,-1,0,4577,10945,0
A-40906c,2024-03-31,180,4,0,0,-1,0,0,0,0
A-81edc3,2024-03-31,180,153,1,0,28,0,995,4975,1
A-328bd0,2024-03-31,180,320,0,0,-1,2253,3582,28656,0
A-09540c,2024-03-31,180,153,1,0,26,0,0,0,0
A-e693b6,2024-03-31,180,311,0,0,-1,0,10945,28160,0
A-2446e3,2024-03-31,180,81,0,0,-1,0,1323,3969,1
A-922109,2024-03-31,180,65,0,0,-1,0,1862,1862,1
A-ff3c73,2024-03-31,180,430,1,0,113,0,1254,15048,1
A-331424,2024-03-31,180,146,1,0,39,0,2189,6567,0
A-51ec1b,2024-03-31,180,144,1,1,113,0,209,418,0
A-bcf664,2024-03-31,180,317,0,0,-1,0,1568,15606,1
A-dbc825,2024-03-31,180,84,2,0,57,0,3781,11343,0
A-7c4956,2024-03-31,180,330,0,0,-1,0,995,6626,0
A-3ce5b8,2024-03-31,180,206,0,0,-1,0,9261,37044,1
A-993085,2024-03-31,180,304,2,0,70,0,9751,67985,0
A-151c9a,2024-03-31,180,429,1,0,148,0,4577,21355,0
A-474ad4,2024-03-31,180,124,0,0,-1,0,2597,3802,0
A-4ef964,2024-03-31,180,24,0,0,-1,0,0,0,1
A-20736a,2024-03-31,180,15,1,0,12,0,0,0,0
A-ef84cf,2024-03-31,180,30,0,0,-1,0,0,0,1
A-d49cc5,2024-03-31,180,194,0,0,-1,0,2450,3400,1
A-67be94,2024-03-31,180,362,0,0,-1,7363,1178,39665,1
A-4e960a,2024-03-31,180,74,0,0,-1,0,228,228,0
A-1f7acb,2024-03-31,180,238,0,0,-1,0,12736,89152,0
A-f51f16,2024-03-31,180,97,0,0,-1,0,2940,3396,1
A-5a3eb9,2024-03-31,180,224,0,0,-1,0,3185,22295,1
A-417d2f,2024-03-31,180,271,0,0,-1,0,10149,91341,0
A-e98302,2024-03-31,180,96,0,0,-1,0,6766,14414,0
A-54ecc2,2024-03-31,180,294,0,0,-1,0,2189,15519,1
A-6da850,2024-03-31,180,176,1,0,76,0,1666,9996,1
A-342303,2024-03-31,180,15,1,0,11,0,0,0,0
A-f1f639,2024-03-31,180,399,1,1,165,0,995,8055,1
A-a865bd,2024-03-31,180,194,2,0,13,0,1862,5586,0
A-4e631b,2024-03-31,180,15,0,0,-1,0,7960,7960,0
A-7f6b86,2024-03-31,180,220,0,0,-1,2205,2891,17346,1
A-8adedc,2024-03-31,180,49,0,0,-1,11343,2786,14129,0
A-2edab2,2024-03-31,180,135,1,0,101,0,833,4165,1
A-a6d261,2024-03-31,180,123,1,0,21,0,2985,9126,0
A-202b67,2024-03-31,180,9,1,0,1,0,539,539,1
A-00bed1,2024-03-31,180,138,1,0,88,0,1159,5795,0
A-65c341,2024-03-31,180,96,1,0,24,0,16716,22885,0
A-dcc2f0,2024-03-31,180,253,0,0,-1,0,3184,15807,1
A-883b7d,2024-03-31,180,3,0,0,-1,0,0,0,0
A-dcc3f1,2024-03-31,180,95,0,0,-1,0,2499,7896,1
A-c62e55,2024-03-31,180,417,0,0,-1,0,2744,10486,0
A-2b9d3e,2024-03-31,180,301,0,0,-1,0,995,5393,0
A-b7724f,2024-03-31,180,369,2,0,90,0,627,6270,1
A-df1e44,2024-03-31,180,37,0,0,-1,0,0,0,0
A-a8d89d,2024-03-31,180,114,1,0,73,0,15522,62088,1
A-600734,2024-03-31,180,138,0,0,-1,0,5771,8613,0
A-acb7f7,2024-03-31,180,85,1,0,10,0,6368,19104,0
A-712f1c,2024-03-31,180,106,0,0,-1,0,14925,27064,0
A-3793ee,2024-03-31,180,376,1,0,289,0,2401,12005,0
A-2ebb4b,2024-03-31,180,321,2,0,225,0,12935,80726,0
A-c9bb3e,2024-03-31,180,7,0,0,-1,0,0,0,1
A-ccc747,2024-03-31,180,79,0,0,-1,0,0,0,1
A-bb3bd4,2024-03-31,180,64,0,0,-1,0,0,0,1
A-cdf020,2024-03-31,180,228,1,0,114,0,2205,8134,0
A-e6afc1,2024-03-31,180,401,0,0,-1,0,10149,111639,0
A-e3bd71,2024-03-31,180,372,1,0,92,0,6169,74028,0
A-098560,2024-03-31,180,162,0,0,-1,0,1715,6860,1
A-94c3cd,2024-03-31,180,193,0,0,-1,0,0,0,0
A-034368,2024-03-31,180,147,0,0,-1,0,0,0,1
A-bb2f49,2024-03-31,180,308,0,0,-1,0,9751,91091,0
A-1f559b,2024-03-31,180,209,0,0,-1,0,5174,10956,0
A-5a215a,2024-03-31,180,86,0,0,-1,0,17313,23229,0
A-ed510f,2024-03-31,180,439,1,0,331,0,8358,51954,0
A-a7bd4b,2024-03-31,180,410,0,0,-1,0,912,6734,0
A-0dbdc6,2024-03-31,180,413,1,0,126,0,570,2850,1
A-1f0636,2024-03-31,180,90,0,0,-1,0,0,0,0
A-40de06,2024-03-31,180,328,0,0,-1,0,5572,55720,0
A-cb5333,2024-03-31,180,5,0,0,-1,0,0,0,1
A-6e7827,2024-03-31,180,371,1,0,194,0,398,3484,1
A-5247b3,2024-03-31,180,19,0,0,-1,0,3184,3184,0
A-f44180,2024-03-31,180,412,1,0,337,0,2786,139698,0
A-f5641b,2024-03-31,180,1,0,0,-1,0,0,0,1
A-b44e3e,2024-03-31,180,48,0,0,-1,0,15721,31442,1
A-3b37d9,2024-03-31,180,429,1,0,96,0,4577,54924,0
A-54d94a,2024-03-31,180,335,0,0,-1,0,2548,8967,0
A-089363,2024-03-31,180,330,1,0,125,0,2985,10965,0
A-855a48,2024-03-31,180,100,0,0,-1,0,7960,23880,1
A-756192,2024-03-31,180,294,0,0,-1,0,931,5586,0
A-49b828,2024-03-31,180,331,0,0,-1,0,9751,69338,0
A-c7ffc2,2024-03-31,180,429,2,0,141,0,6468,71148,0
A-72799b,2024-03-31,180,139,0,0,-1,0,3980,19900,1
A-812c5b,2024-03-31,180,35,0,0,-1,0,0,0,1
A-69b156,2024-03-31,180,131,0,0,-1,0,5572,18109,0
A-075038,2024-03-31,180,324,0,0,-1,0,5047,45423,1
A-940b8b,2024-03-31,180,12,0,0,-1,0,0,0,0
A-9affe6,2024-03-31,180,375,1,0,79,0,1421,16772,0
A-80eeb6,2024-03-31,180,327,2,0,51,0,13532,108902,0
A-c7e58b,2024-03-31,180,280,0,0,-1,0,1393,5800,0
A-bbe56f,2024-03-31,180,409,0,0,-1,0,4179,33432,0
A-7c5768,2024-03-31,180,29,0,0,-1,0,995,995,0
A-4e0e85,2024-03-31,180,205,2,0,17,0,1194,2388,0
A-ad3abd,2024-03-31,180,394,1,0,263,0,8756,113828,0
A-e19ff6,2024-03-31,180,247,1,0,83,0,722,4636,1
A-7920cc,2024-03-31,180,129,0,0,-1,0,10746,20730,0
A-fdfc91,2024-03-31,180,330,0,0,-1,0,1421,5829,0
A-1e50e0,2024-03-31,180,404,1,0,151,0,4802,50174,1
A-1e1b80,2024-03-31,180,201,1,0,179,0,9950,50700,0
A-659280,2024-03-31,180,135,0,0,-1,0,6169,27263,1
A-cb6cc6,2024-03-31,180,363,0,0,-1,0,637,2499,0
A-39868b,2024-03-31,180,14,0,0,-1,0,0,0,1
A-3cc791,2024-03-31,180,81,0,0,-1,0,1194,1194,0
A-337bc1,2024-03-31,180,256,2,0,106,0,6766,38240,0
A-1d5444,2024-03-31,180,73,0,0,-1,0,456,456,1
A-0f3e88,2024-03-31,180,252,0,0,-1,0,2189,7413,1
A-7641d3,2024-03-31,180,409,1,0,142,0,1592,19104,1
A-c16b88,2024-03-31,180,120,0,0,-1,0,0,0,1
A-59f724,2024-03-31,180,149,0,0,-1,0,4378,13134,0
A-1e6fc3,2024-03-31,180,116,1,0,11,0,0,0,0
A-558c72,2024-03-31,180,304,0,0,-1,2388,2985,11645,0
A-b11cd0,2024-03-31,180,436,0,0,-1,0,1764,11016,0
A-7f4db3,2024-03-31,180,392,1,0,376,0,1592,20696,0
A-dec005,2024-03-31,180,170,0,0,-1,0,6169,24676,0
A-297a2d,2024-03-31,180,331,0,0,-1,0,7164,57312,0
A-4c56c9,2024-03-31,180,102,0,0,-1,0,0,0,1
A-cbbe12,2024-03-31,180,375,0,0,-1,0,1960,15680,0
A-e7beab,2024-03-31,180,163,0,0,-1,0,4179,25074,1
A-31ab9a,2024-03-31,180,28,0,0,-1,0,285,285,1
A-f19b24,2024-03-31,180,446,0,0,-1,0,1421,1421,0
A-798a3f,2024-03-31,180,164,0,0,-1,0,2388,9552,1
A-068fc6,2024-03-31,180,258,0,0,-1,0,1715,10290,0
A-6f50ae,2024-03-31,180,192,2,1,34,0,3781,12065,0
A-cc98bc,2024-03-31,180,312,0,0,-1,0,6368,70048,0
A-d77f4c,2024-03-31,180,188,0,0,-1,152,2189,4218,1
A-ccabf0,2024-03-31,180,146,0,0,-1,0,11741,58705,1
A-4a4c2d,2024-03-31,180,334,0,0,-1,1026,10746,77274,0
A-19b2c8,2024-03-31,180,299,0,0,-1,0,3980,27985,1
A-970c97,2024-03-31,180,30,0,0,-1,0,2786,2786,0
A-6dee43,2024-03-31,180,232,1,0,77,0,2388,14328,0
A-9c18c4,2024-03-31,180,248,0,0,-1,3781,3781,30248,0
A-e1b9cd,2024-03-31,180,399,0,0,-1,0,7960,73120,0
A-d792a6,2024-03-31,180,433,1,0,202,95,2388,32282,1
A-ac9111,2024-03-31,180,232,0,0,-1,0,2009,14063,1
A-ccb686,2024-03-31,180,69,0,0,-1,0,2548,5096,1
A-b9f5b1,2024-03-31,180,432,1,0,254,0,0,0,0
A-55f257,2024-03-31,180,101,0,0,-1,0,4577,13731,0
A-712533,2024-03-31,180,244,0,0,-1,0,3582,12114,1
A-43a9e3,2024-06-30,180,318,0,0,-1,0,5572,45412,0
A-1f0ac7,2024-06-30,180,308,0,0,-1,0,4776,26232,1
A-1b9609,2024-06-30,180,262,2,0,149,0,6965,12528,1
A-a0ca4e,2024-06-30,180,114,0,0,-1,0,2388,9552,0
A-e5d6ab,2024-06-30,180,442,2,0,50,665,4179,38086,0
A-10b8da,2024-06-30,180,419,0,0,-1,0,686,29500,0
A-6c093d,2024-06-30,180,443,0,0,-1,0,1393,11171,0
A-462d45,2024-06-30,180,167,1,0,44,1691,10348,53431,0
A-ac14bb,2024-06-30,180,296,0,0,-1,399,14129,98340,1
A-ce66f8,2024-06-30,180,312,0,0,-1,0,551,6061,0
A-c4ea60,2024-06-30,180,479,0,0,-1,0,912,13680,0
A-832ec2,2024-06-30,180,224,1,0,194,0,3781,18905,1
A-684255,2024-06-30,180,77,1,1,57,0,1127,2862,1
A-30b4ca,2024-06-30,180,41,0,0,-1,0,17114,34228,1
A-32fb14,2024-06-30,180,481,3,0,63,1387,551,5510,0
A-00cac8,2024-06-30,180,289,0,0,-1,0,392,3920,0
A-35083d,2024-06-30,180,429,0,0,-1,931,3781,41591,0
A-eb7fac,2024-06-30,180,246,0,0,-1,343,27064,136496,1
A-b20d99,2024-06-30,180,277,1,0,118,0,3980,23880,0
A-45ce7a,2024-06-30,180,343,0,0,-1,784,3184,18224,0
A-08e34e,2024-06-30,180,3,0,0,-1,0,0,0,1
A-8145a0,2024-06-30,180,432,1,0,354,4975,4776,49352,0
A-bad8c1,2024-06-30,180,487,1,1,270,0,2646,34398,0
A-44dc83,2024-06-30,180,49,0,0,-1,0,456,456,1
A-f446b6,2024-06-30,180,415,0,0,-1,0,3582,26052,0
A-a45270,2024-06-30,180,6,0,0,-1,0,0,0,1
A-05f0e5,2024-06-30,180,423,1,0,168,0,18308,94724,1
A-7f8241,2024-06-30,180,474,0,0,-1,0,7164,90294,0
A-2bc93d,2024-06-30,180,474,1,0,325,0,7960,90346,1
A-2d4502,2024-06-30,180,62,1,0,54,0,392,1176,0
A-6a4e2d,2024-06-30,180,450,0,0,-1,0,4378,49949,1
A-eb7c38,2024-06-30,180,126,1,0,100,0,17910,37758,0
A-3b5cd1,2024-06-30,180,292,1,0,161,0,3582,26122,1
A-b2225d,2024-06-30,180,114,3,1,3,0,9353,18706,0
A-94f8c9,2024-06-30,180,93,1,0,59,0,2587,7761,0
A-02fac6,2024-06-30,180,451,0,0,-1,0,4577,36500,1
A-c1dfe1,2024-06-30,180,328,2,0,24,0,5174,23565,0
A-32728c,2024-06-30,180,544,2,0,8,380,980,14700,1
A-4c38bc,2024-06-30,180,113,0,0,-1,0,7164,22176,0
A-1b707d,2024-06-30,180,352,1,1,345,0,3781,27263,0
A-9ee962,2024-06-30,180,488,0,0,-1,0,5771,22137,1
A-94d3da,2024-06-30,180,424,1,0,79,0,8159,106067,0
A-9badbd,2024-06-30,180,11,0,0,-1,0,532,532,0
A-7e0a10,2024-06-30,180,225,0,0,-1,0,9154,51152,1
A-526d93,2024-06-30,180,77,0,0,-1,0,9751,29253,1
A-84ebe4,2024-06-30,180,476,2,0,162,0,4179,53475,0
A-9b9fe9,2024-06-30,180,276,1,0,186,0,1176,9046,1
A-a8b49c,2024-06-30,180,268,1,0,13,0,1393,8008,0
A-a1bbb6,2024-06-30,180,452,0,0,-1,0,5572,79037,0
A-c45b23,2024-06-30,180,205,1,1,98,0,1791,4915,0
A-02cd81,2024-06-30,180,94,1,0,61,0,8756,19184,0
A-ee42db,2024-06-30,180,432,3,0,115,0,5635,13916,1
A-432483,2024-06-30,180,510,0,0,-1,0,11940,89550,0
A-9208f0,2024-06-30,180,416,2,0,37,98,2786,39004,1
A-98a59a,2024-06-30,180,331,0,0,-1,0,2744,27440,1
A-fe79a5,2024-06-30,180,130,0,0,-1,0,1791,3582,0
A-726cfa,2024-06-30,180,365,0,0,-1,0,5970,66650,1
A-271f46,2024-06-30,180,507,1,0,484,0,7562,25232,1
A-157070,2024-06-30,180,234,1,0,176,323,6965,34551,1
A-40a557,2024-06-30,180,210,1,0,205,0,10945,46964,0
A-91e948,2024-06-30,180,518,0,0,-1,0,2009,18409,0
A-7988d1,2024-06-30,180,193,2,0,11,0,627,1881,1
A-faa28c,2024-06-30,180,152,1,0,37,0,9552,47760,1
A-f25509,2024-06-30,180,100,2,1,15,0,6368,12736,1
A-3a5ad8,2024-06-30,180,208,0,0,-1,0,6169,33034,0
A-65a46c,2024-06-30,180,239,0,0,-1,0,15522,62088,0
A-8b25f2,2024-06-30,180,134,0,0,-1,0,1990,4568,0
A-503d5a,2024-06-30,180,253,0,0,-1,0,2388,20035,0
A-186a44,2024-06-30,180,328,0,0,-1,0,980,8980,0
A-e888d1,2024-06-30,180,460,2,0,280,3184,3184,38102,1
A-69fad4,2024-06-30,180,451,1,0,13,0,4378,30022,0
A-9289f6,2024-06-30,180,396,1,0,311,0,3969,19220,0
A-f19409,2024-06-30,180,472,2,0,402,0,7960,69120,0
A-2e3bad,2024-06-30,180,322,1,0,92,0,12139,133529,0
A-484819,2024-06-30,180,495,2,0,184,0,5174,64078,0
A-425e76,2024-06-30,180,410,3,1,188,0,3479,50120,1
A-e83938,2024-06-30,180,222,1,0,132,0,3184,15920,1
A-e51ec7,2024-06-30,180,281,3,0,84,0,4975,39800,0
A-0aaf6e,2024-06-30,180,50,0,0,-1,0,1813,1813,0
A-e61e98,2024-06-30,180,254,0,0,-1,0,1960,15533,1
A-92a333,2024-06-30,180,464,0,0,-1,0,6567,72237,0
A-95b24a,2024-06-30,180,390,0,0,-1,0,8557,80937,0
A-7d514c,2024-06-30,180,148,0,0,-1,0,6766,20621,0
A-65aeb5,2024-06-30,180,157,1,0,124,0,12537,50319,1
A-e2cd1b,2024-06-30,180,147,0,0,-1,0,2985,8478,0
A-180abf,2024-06-30,180,321,4,0,53,0,12736,69952,1
A-f17767,2024-06-30,180,517,1,0,424,0,7761,65999,0
A-5a184f,2024-06-30,180,377,2,0,103,0,9154,64123,1
A-7df7a7,2024-06-30,180,519,0,0,-1,0,8955,117787,1
A-52dd88,2024-06-30,180,495,0,0,-1,0,1274,20384,0
A-bece89,2024-06-30,180,212,1,0,197,0,5174,31044,1
A-029f69,2024-06-30,180,115,1,0,13,0,4776,9552,1
A-ae052e,2024-06-30,180,293,1,0,267,0,1911,7644,1
A-9f9299,2024-06-30,180,302,1,0,98,0,5572,44576,1
A-96e141,2024-06-30,180,323,0,0,-1,0,2786,13412,1
A-313be3,2024-06-30,180,228,2,0,99,0,9353,58421,0
A-50f3f7,2024-06-30,180,191,0,0,-1,0,8955,53730,0
A-7da956,2024-06-30,180,28,0,0,-1,0,0,0,0
A-019782,2024-06-30,180,438,0,0,-1,0,2587,31914,0
A-df10db,2024-06-30,180,390,1,0,42,0,6567,16584,1
A-3932db,2024-06-30,180,270,0,0,-1,0,779,4427,0
A-4f18f0,2024-06-30,180,70,1,0,34,0,4776,7128,1
A-4c6f11,2024-06-30,180,216,1,0,1,0,4776,19104,1
A-8ae05d,2024-06-30,180,85,0,0,-1,0,1634,1634,1
A-eafc6e,2024-06-30,180,360,1,0,335,0,6766,58097,1
A-37f969,2024-06-30,180,260,2,0,5,0,5970,40230,1
A-10b8f2,2024-06-30,180,536,1,0,26,0,9353,89839,0
A-439b2f,2024-06-30,180,130,0,0,-1,0,199,664,1
A-544d0a,2024-06-30,180,59,0,0,-1,0,2107,4214,0
A-ba6516,2024-06-30,180,245,1,0,105,0,7562,34427,0
A-038089,2024-06-30,180,194,0,0,-1,0,245,245,1
A-afa505,2024-06-30,180,186,1,0,120,0,13930,41580,0
A-d5a319,2024-06-30,180,423,0,0,-1,0,13930,86520,0
A-f97b9a,2024-06-30,180,357,0,0,-1,0,7164,34228,0
A-856b1e,2024-06-30,180,243,0,0,-1,0,1764,12691,0
A-e36807,2024-06-30,180,44,0,0,-1,0,1862,1862,0
A-ff79f2,2024-06-30,180,66,0,0,-1,0,228,456,0
A-5b1bcd,2024-06-30,180,288,0,0,-1,0,14527,132130,1
A-71615e,2024-06-30,180,43,0,0,-1,0,2985,2985,1
A-794a0b,2024-06-30,180,394,0,0,-1,0,1715,9449,1
A-86902e,2024-06-30,180,425,0,0,-1,0,12139,85619,1
A-9779ad,2024-06-30,180,93,1,0,74,0,7960,23880,1
A-fa3095,2024-06-30,180,301,1,0,190,0,13930,97510,0
A-ad64c6,2024-06-30,180,128,0,0,-1,0,5572,12736,1
A-39b19f,2024-06-30,180,513,1,0,477,8159,2786,48938,0
A-56962b,2024-06-30,180,82,0,0,-1,0,0,0,1
A-158f4e,2024-06-30,180,485,1,0,483,1159,12139,69967,1
A-296d7c,2024-06-30,180,235,0,0,-1,0,361,1425,1
A-1619f8,2024-06-30,180,41,1,0,27,0,10945,10945,1
A-a1b80b,2024-06-30,180,216,0,0,-1,0,10348,41392,1
A-702032,2024-06-30,180,271,2,0,16,0,5572,16716,0
A-7a0d69,2024-06-30,180,15,0,0,-1,0,0,0,1
A-22d9d2,2024-06-30,180,100,0,0,-1,0,2842,8678,1
A-b9eed8,2024-06-30,180,128,1,1,68,0,2985,11940,0
A-dfbd31,2024-06-30,180,209,1,0,181,0,2786,13930,1
A-8e47ca,2024-06-30,180,136,1,0,29,0,6169,23219,1
A-4437e4,2024-06-30,180,288,1,0,9,0,2401,12974,0
A-779e4e,2024-06-30,180,545,0,0,-1,0,11542,159996,0
A-53f4e3,2024-06-30,180,16,0,0,-1,0,931,931,1
A-692f18,2024-06-30,180,94,0,0,-1,0,5771,23084,1
A-13466a,2024-06-30,180,252,2,1,73,38,7960,39914,0
A-1986ca,2024-06-30,180,517,0,0,-1,0,6169,52138,0
A-c608c8,2024-06-30,180,430,1,0,26,2189,2842,19726,0
A-3be56b,2024-06-30,180,248,2,0,10,0,3582,22354,0
A-354f12,2024-06-30,180,63,0,0,-1,0,6766,13532,1
A-68f37c,2024-06-30,180,351,3,1,1,796,24079,288948,1
A-aa9511,2024-06-30,180,264,1,0,257,0,19303,117343,0
A-af0cd2,2024-06-30,180,544,1,0,248,0,931,16758,0
A-c222ab,2024-06-30,180,51,2,0,16,0,0,0,1
A-34d880,2024-06-30,180,80,0,0,-1,0,10547,31641,1
A-508199,2024-06-30,180,154,0,0,-1,0,3781,22686,0
A-f03140,2024-06-30,180,221,0,0,-1,0,5373,23841,1
A-fa2041,2024-06-30,180,32,0,0,-1,0,2548,2548,1
A-de58ca,2024-06-30,180,444,0,0,-1,0,12338,115452,0
A-05d3b3,2024-06-30,180,399,1,0,110,0,3184,35195,1
A-249769,2024-06-30,180,66,1,1,18,0,539,539,1
A-e43bf7,2024-06-30,180,464,1,0,372,0,13930,184672,0
A-eb2fdc,2024-06-30,180,222,1,0,35,0,9353,23263,0
A-e1462e,2024-06-30,180,476,1,1,269,0,5771,64277,1
A-cab532,2024-06-30,180,454,0,0,-1,0,4975,71839,1
A-9123ac,2024-06-30,180,376,1,1,86,0,8358,58848,1
A-6e08f3,2024-06-30,180,489,1,1,141,0,4776,23880,0
A-d922bf,2024-06-30,180,296,0,0,-1,0,6368,56914,1
A-8ed5dd,2024-06-30,180,367,0,0,-1,0,5970,35338,1
A-3c1a3f,2024-06-30,180,309,0,0,-1,2786,5771,40397,0
A-9bfc9f,2024-06-30,180,290,0,0,-1,0,2597,22790,0
A-4ae22a,2024-06-30,180,52,0,0,-1,0,5572,11144,1
A-977ca0,2024-06-30,180,496,0,0,-1,114,18109,219619,0
A-e89151,2024-06-30,180,290,0,0,-1,1592,4577,24676,0
A-40906c,2024-06-30,180,95,0,0,-1,0,18308,18308,0
A-81edc3,2024-06-30,180,244,1,0,119,0,2009,8974,1
A-328bd0,2024-06-30,180,411,0,0,-1,0,3582,39402,0
A-b3fe05,2024-06-30,180,33,0,0,-1,0,0,0,0
A-09540c,2024-06-30,180,244,1,0,117,0,13333,27939,0
A-e693b6,2024-06-30,180,402,0,0,-1,0,10945,60995,1
A-2446e3,2024-06-30,180,172,0,0,-1,0,5373,20088,1
A-922109,2024-06-30,180,156,0,0,-1,0,1862,7448,1
A-ff3c73,2024-06-30,180,521,2,0,52,0,1254,18810,0
A-331424,2024-06-30,180,237,1,0,130,0,2189,13134,0
A-51ec1b,2024-06-30,180,235,1,1,204,0,1393,4597,0
A-bcf664,2024-06-30,180,408,0,0,-1,0,2587,23367,1
A-dbc825,2024-06-30,180,175,2,0,148,0,3781,22686,0
A-7c4956,2024-06-30,180,421,0,0,-1,0,995,9611,0
A-3ce5b8,2024-06-30,180,297,0,0,-1,0,9261,64827,1
A-993085,2024-06-30,180,395,2,0,161,0,9751,97238,0
A-151c9a,2024-06-30,180,520,1,0,239,0,4577,35086,0
A-474ad4,2024-06-30,180,215,0,0,-1,0,2597,11593,0
A-4ef964,2024-06-30,180,115,1,0,11,0,3383,10149,0
A-fd9422,2024-06-30,180,87,0,0,-1,0,11542,23084,0
A-0baac2,2024-06-30,180,31,0,0,-1,0,5771,5771,1
A-560d27,2024-06-30,180,56,0,0,-1,0,14129,28258,0
A-20736a,2024-06-30,180,106,1,0,103,0,2450,4900,0
A-cea1f0,2024-06-30,180,84,0,0,-1,0,570,570,0
A-ef84cf,2024-06-30,180,121,0,0,-1,0,6766,13532,1
A-d49cc5,2024-06-30,180,285,1,0,79,0,2450,10750,0
A-67be94,2024-06-30,180,453,2,0,0,0,10348,52369,0
A-4e960a,2024-06-30,180,165,0,0,-1,0,14129,42615,0
A-1f7acb,2024-06-30,180,329,0,0,-1,0,12736,127360,0
A-f51f16,2024-06-30,180,188,0,0,-1,0,7761,21858,1
A-5a3eb9,2024-06-30,180,315,3,0,18,0,3582,32644,0
A-417d2f,2024-06-30,180,362,0,0,-1,5174,10149,121788,0
A-e98302,2024-06-30,180,187,0,0,-1,0,6766,34712,0
A-bcf87c,2024-06-30,180,3,0,0,-1,0,0,0,0
A-54ecc2,2024-06-30,180,385,0,0,-1,0,5970,33429,1
A-6da850,2024-06-30,180,267,1,0,167,0,7363,20691,1
A-342303,2024-06-30,180,106,1,0,102,0,323,646,0
A-e7a1e2,2024-06-30,180,7,0,0,-1,0,0,0,1
A-f1f639,2024-06-30,180,490,2,1,84,0,995,11040,0
A-a865bd,2024-06-30,180,285,2,0,104,0,7562,28272,0
A-4e631b,2024-06-30,180,106,0,0,-1,0,7960,31840,0
A-7f6b86,2024-06-30,180,311,0,0,-1,0,2891,26019,1
A-8adedc,2024-06-30,180,140,0,0,-1,0,3871,25742,0
A-2edab2,2024-06-30,180,226,2,0,7,0,3383,9214,0
A-a6d261,2024-06-30,180,214,1,0,112,0,20497,70617,0
A-202b67,2024-06-30,180,100,1,0,92,0,4975,9042,1
A-00bed1,2024-06-30,180,229,1,0,179,0,9751,26669,0
A-ffc04f,2024-06-30,180,24,0,0,-1,0,2587,2587,1
A-65c341,2024-06-30,180,187,1,0,115,0,16716,73033,1
A-dcc2f0,2024-06-30,180,344,1,0,81,0,3184,25359,0
A-3d957b,2024-06-30,180,87,1,0,56,0,0,0,0
A-883b7d,2024-06-30,180,94,0,0,-1,0,4975,11959,0
A-dcc3f1,2024-06-30,180,186,0,0,-1,0,2499,15393,1
A-c62e55,2024-06-30,180,508,0,0,-1,0,2985,19200,0
A-e40f45,2024-06-30,180,73,0,0,-1,0,4179,8358,1
A-2b9d3e,2024-06-30,180,392,0,0,-1,0,995,8378,0
A-b7724f,2024-06-30,180,460,2,0,181,0,627,8151,1
A-df1e44,2024-06-30,180,128,0,0,-1,0,3087,6762,1
A-a8d89d,2024-06-30,180,205,1,0,164,0,15522,108654,1
A-600734,2024-06-30,180,229,0,0,-1,1421,5771,25926,0
A-acb7f7,2024-06-30,180,176,1,0,101,0,6368,38208,0
A-712f1c,2024-06-30,180,197,0,0,-1,0,14925,71839,1
A-3793ee,2024-06-30,180,467,1,0,380,0,2401,19208,0
A-2ebb4b,2024-06-30,180,412,2,0,316,0,12935,119531,0
A-c9bb3e,2024-06-30,180,98,0,0,-1,1715,6027,18081,1
A-b7b7b7,2024-06-30,180,0,0,0,-1,0,0,0,0
A-ccc747,2024-06-30,180,170,1,0,76,0,1813,1813,1
A-bb3bd4,2024-06-30,180,155,2,0,0,0,4577,13731,0
A-96bbc6,2024-06-30,180,54,1,1,6,0,7761,9672,1
A-bc4d48,2024-06-30,180,18,0,0,-1,0,665,665,0
A-b30291,2024-06-30,180,86,0,0,-1,0,3184,3374,1
A-cdf020,2024-06-30,180,319,1,0,205,0,4577,21865,1
A-e6afc1,2024-06-30,180,492,0,0,-1,0,10149,142086,0
A-e3bd71,2024-06-30,180,463,1,0,183,6169,6169,92535,0
A-098560,2024-06-30,180,253,1,0,31,0,1715,12005,1
A-82861f,2024-06-30,180,66,1,0,44,0,8159,16318,0
A-94c3cd,2024-06-30,180,284,0,0,-1,0,0,0,0
A-034368,2024-06-30,180,238,0,0,-1,0,494,494,1
A-bb2f49,2024-06-30,180,399,0,0,-1,0,9751,120344,0
A-1f559b,2024-06-30,180,300,0,0,-1,304,5174,26478,1
A-5a215a,2024-06-30,180,177,0,0,-1,0,17313,75168,0
A-3f9cc0,2024-06-30,180,27,0,0,-1,0,4378,4378,1
A-ed510f,2024-06-30,180,530,1,0,422,0,8358,77028,0
A-a7bd4b,2024-06-30,180,501,0,0,-1,0,2499,12644,1
A-d4ac0e,2024-06-30,180,71,0,0,-1,0,1225,1567,0
A-ffdfd5,2024-06-30,180,78,0,0,-1,0,539,1617,1
A-0dbdc6,2024-06-30,180,504,2,0,77,0,9950,24220,0
A-1f0636,2024-06-30,180,181,0,0,-1,0,20895,62685,0
A-40de06,2024-06-30,180,419,0,0,-1,0,5572,72436,0
A-cb5333,2024-06-30,180,96,0,0,-1,1617,6567,19701,1
A-6e7827,2024-06-30,180,462,2,0,82,0,1715,8629,0
A-5247b3,2024-06-30,180,110,0,0,-1,0,3184,12736,1
A-f44180,2024-06-30,180,503,1,0,428,0,2786,148056,0
A-d42431,2024-06-30,180,21,1,0,4,0,418,418,1
A-f5641b,2024-06-30,180,92,2,0,13,0,6169,18507,0
A-b44e3e,2024-06-30,180,139,1,0,77,0,15721,78605,0
A-3b37d9,2024-06-30,180,520,1,0,187,0,4577,68655,1
A-54d94a,2024-06-30,180,426,0,0,-1,0,2548,16611,0
A-089363,2024-06-30,180,421,1,0,216,0,2985,19920,0
A-855a48,2024-06-30,180,191,0,0,-1,0,7960,47760,1
A-756192,2024-06-30,180,385,0,0,-1,0,7761,15209,0
A-49b828,2024-06-30,180,422,0,0,-1,0,9751,98591,0
A-c7ffc2,2024-06-30,180,520,2,0,232,0,6468,90552,0
A-72799b,2024-06-30,180,230,1,0,56,0,3980,31840,0
A-812c5b,2024-06-30,180,126,1,0,50,0,6370,12740,0
A-69b156,2024-06-30,180,222,0,0,-1,0,5572,34825,0
A-075038,2024-06-30,180,415,0,0,-1,0,5047,60564,1
A-940b8b,2024-06-30,180,103,0,0,-1,0,6368,19104,0
A-2d1036,2024-06-30,180,16,0,0,-1,0,0,0,1
A-9affe6,2024-06-30,180,466,1,0,170,0,1421,21035,0
A-80eeb6,2024-06-30,180,418,2,0,142,0,17711,157856,0
A-c7e58b,2024-06-30,180,371,0,0,-1,0,1990,11770,0
A-bbe56f,2024-06-30,180,500,0,0,-1,0,4179,45969,0
A-7c5768,2024-06-30,180,120,0,0,-1,0,995,3980,0
A-4e0e85,2024-06-30,180,296,2,0,108,0,1862,6638,0
A-ad3abd,2024-06-30,180,485,1,0,354,0,8756,140096,0
A-e19ff6,2024-06-30,180,338,3,0,3,0,722,6802,0
A-7920cc,2024-06-30,180,220,0,0,-1,0,10746,52968,0
A-5a92e7,2024-06-30,180,19,1,0,12,0,1421,1421,1
A-fdfc91,2024-06-30,180,421,0,0,-1,0,1421,10092,0
A-1e50e0,2024-06-30,180,495,2,0,65,0,4802,64580,0
A-1e1b80,2024-06-30,180,292,1,0,270,0,9950,80550,1
A-659280,2024-06-30,180,226,0,0,-1,0,6169,45770,1
A-f6b2fb,2024-06-30,180,68,0,0,-1,0,4577,5704,1
A-cb6cc6,2024-06-30,180,454,0,0,-1,0,637,4410,0
A-39868b,2024-06-30,180,105,2,1,37,0,1791,5373,0
A-3cc791,2024-06-30,180,172,0,0,-1,0,4378,7960,1
A-337bc1,2024-06-30,180,347,2,0,197,0,6766,58538,0
A-58b9ff,2024-06-30,180,30,0,0,-1,0,294,294,1
A-1d5444,2024-06-30,180,164,1,0,29,0,8159,21550,0
A-0f3e88,2024-06-30,180,343,0,0,-1,0,2189,13980,1
A-7641d3,2024-06-30,180,500,2,0,23,0,2786,26268,0
A-cd458b,2024-06-30,180,15,0,0,-1,0,0,0,1
A-c16b88,2024-06-30,180,211,1,0,29,0,8955,8955,0
A-59f724,2024-06-30,180,240,0,0,-1,0,4378,26268,0
A-87aa7b,2024-06-30,180,45,2,0,11,0,1323,2646,1
A-1e6fc3,2024-06-30,180,207,1,0,102,0,245,735,0
A-716841,2024-06-30,180,55,0,0,-1,0,3059,6118,1
A-558c72,2024-06-30,180,395,0,0,-1,0,2985,20600,1
A-b11cd0,2024-06-30,180,527,0,0,-1,494,1764,16308,0
A-7f4db3,2024-06-30,180,483,1,0,467,196,8955,32835,0
A-cc102e,2024-06-30,180,76,1,0,66,0,2058,4116,1
A-dec005,2024-06-30,180,261,0,0,-1,0,6169,43183,1
A-7c83a1,2024-06-30,180,55,1,0,42,0,5174,7562,0
A-297a2d,2024-06-30,180,422,0,0,-1,0,7164,78804,0
A-4c56c9,2024-06-30,180,193,1,0,86,0,2587,5174,0
A-cbbe12,2024-06-30,180,466,0,0,-1,0,2401,22001,0
A-4a267b,2024-06-30,180,56,1,0,13,0,5771,11542,0
A-054577,2024-06-30,180,63,0,0,-1,0,1715,3136,0
A-e7beab,2024-06-30,180,254,1,0,66,995,4179,37611,0
A-31ab9a,2024-06-30,180,119,0,0,-1,0,3577,11016,1
A-0158bb,2024-06-30,180,39,0,0,-1,0,665,665,0
A-f19b24,2024-06-30,180,537,0,0,-1,0,1421,5684,0
A-798a3f,2024-06-30,180,255,0,0,-1,589,2388,16716,1
A-42b791,2024-06-30,180,41,0,0,-1,0,1421,1421,0
A-068fc6,2024-06-30,180,349,0,0,-1,0,6965,31185,0
A-6f50ae,2024-06-30,180,283,2,1,125,0,9950,29577,0
A-bb1eaa,2024-06-30,180,19,0,0,-1,0,4179,4179,1
A-cc98bc,2024-06-30,180,403,0,0,-1,0,6368,89152,0
A-d77f4c,2024-06-30,180,279,0,0,-1,0,18706,60336,1
A-ccabf0,2024-06-30,180,237,1,0,56,0,11741,93928,1
A-4a4c2d,2024-06-30,180,425,0,0,-1,0,10746,109512,0
A-b7ef83,2024-06-30,180,32,1,1,29,0,2587,2587,1
A-19b2c8,2024-06-30,180,390,0,0,-1,0,3980,39925,1
A-970c97,2024-06-30,180,121,0,0,-1,0,2786,11144,0
A-6dee43,2024-06-30,180,323,1,0,168,0,15920,62088,0
A-5ed98d,2024-06-30,180,8,0,0,-1,0,4776,4776,1
A-9c18c4,2024-06-30,180,339,0,0,-1,0,3781,41591,0
A-cc8c8f,2024-06-30,180,14,0,0,-1,0,5572,5572,1
A-e1b9cd,2024-06-30,180,490,0,0,-1,7960,7960,97000,1
A-d792a6,2024-06-30,180,524,1,0,293,0,2388,39446,1
A-ac9111,2024-06-30,180,323,1,0,5,399,4179,22260,0
A-9f0b68,2024-06-30,180,63,0,0,-1,0,1990,2408,1
A-ccb686,2024-06-30,180,160,1,0,8,0,2548,12740,1
A-0e966d,2024-06-30,180,5,0,0,-1,0,4577,4577,0
A-b9f5b1,2024-06-30,180,523,1,0,345,0,285,285,0
A-8ae3fc,2024-06-30,180,2,0,0,-1,0,0,0,1
A-55f257,2024-06-30,180,192,0,0,-1,0,4577,27462,0
A-712533,2024-06-30,180,335,0,0,-1,0,3582,22860,1
