platform,content_type,content_category,creator_size,n,engagement_mean,engagement_median,engagement_std,views_mean,shares_mean,comments_mean,views_per_follower_median
Bilibili,video,lifestyle,micro_10k_50k,109,0.20010479,0.20042237,0.00479061,10101.64220183,298.21100917,204.66972477,0.33832335
Bilibili,video,beauty,micro_10k_50k,107,0.20006672,0.19942225,0.00551469,10081.31775701,302.06542056,202.60747664,0.31730196
Instagram,text,beauty,macro_100k_500k,151,0.19994211,0.20011824,0.00483016,10093.34437086,300.16556291,202.72185430,0.03091746
TikTok,video,beauty,mid_50k_100k,120,0.19983767,0.19975349,0.00502715,10092.55833333,300.94166667,198.62500000,0.13735287
TikTok,text,lifestyle,mega_500k_plus,202,0.19975044,0.19990194,0.00507323,10098.41089109,300.22277228,200.85643564,0.01334528
TikTok,mixed,beauty,mega_500k_plus,196,0.19974769,0.19988090,0.00465932,10092.82142857,299.68367347,200.50000000,0.01322903
RedNote,image,lifestyle,mega_500k_plus,449,0.19972795,0.19964154,0.00487689,10090.73496659,301.27394209,200.32293987,0.01397162
Bilibili,text,beauty,macro_100k_500k,197,0.19970044,0.19976088,0.00494725,10093.62944162,300.74619289,200.46192893,0.03352679
RedNote,text,beauty,macro_100k_500k,141,0.19969035,0.19971955,0.00472482,10084.63829787,299.88652482,200.37588652,0.03387884
Instagram,mixed,beauty,macro_100k_500k,172,0.19963062,0.19923848,0.00554323,10092.60465116,301.65116279,202.01162791,0.03390931
YouTube,text,beauty,mega_500k_plus,197,0.19962631,0.19982061,0.00489521,10088.93401015,300.57868020,199.48223350,0.01398069
Bilibili,text,lifestyle,mega_500k_plus,201,0.19961181,0.19935059,0.00472789,10090.73631841,302.06965174,199.82587065,0.01325057
Instagram,mixed,tech,mega_500k_plus,108,0.19958375,0.19937649,0.00500960,10094.01851852,300.49074074,201.84259259,0.01381258
Bilibili,image,beauty,mega_500k_plus,403,0.19956413,0.19957941,0.00495123,10099.22084367,302.51861042,200.42928040,0.01349721
RedNote,mixed,lifestyle,mega_500k_plus,186,0.19952529,0.19918946,0.00469702,10104.61827957,301.18279570,200.80107527,0.01324263
YouTube,mixed,lifestyle,macro_100k_500k,172,0.19952341,0.19928734,0.00478037,10100.38372093,301.38372093,200.77906977,0.03527785
Bilibili,video,lifestyle,mid_50k_100k,134,0.19951748,0.19860068,0.00542500,10098.61940299,299.58955224,200.89552239,0.13035463
Bilibili,mixed,lifestyle,macro_100k_500k,152,0.19949482,0.19972104,0.00471797,10087.43421053,299.06578947,199.77631579,0.03710517
YouTube,text,lifestyle,macro_100k_500k,164,0.19948517,0.19936838,0.00507659,10104.10365854,302.21951220,199.91463415,0.03294463
YouTube,image,beauty,macro_100k_500k,369,0.19944696,0.19927899,0.00490102,10092.39295393,301.22222222,199.46341463,0.03408748
YouTube,video,lifestyle,micro_10k_50k,105,0.19942747,0.19922342,0.00528784,10099.08571429,302.09523810,201.47619048,0.29966360
RedNote,text,lifestyle,macro_100k_500k,165,0.19941982,0.19994105,0.00490345,10101.20000000,300.69696970,200.39393939,0.03438078
RedNote,text,beauty,mega_500k_plus,187,0.19940660,0.19926493,0.00478079,10083.29411765,299.06951872,199.33155080,0.01376971
Bilibili,video,tech,macro_100k_500k,554,0.19938838,0.19962343,0.00443311,10094.53971119,300.26895307,200.22924188,0.03400317
TikTok,mixed,tech,mega_500k_plus,100,0.19937041,0.19968012,0.00435561,10097.92000000,301.45000000,200.55000000,0.01334020
RedNote,video,lifestyle,macro_100k_500k,957,0.19935953,0.19937573,0.00504916,10094.13688610,299.57784744,200.68338558,0.03361289
TikTok,mixed,beauty,macro_100k_500k,191,0.19933858,0.19881306,0.00469126,10093.70157068,299.50785340,200.02617801,0.03370088
RedNote,mixed,tech,mega_500k_plus,114,0.19932982,0.19975132,0.00457569,10100.16666667,302.14035088,201.19298246,0.01322239
RedNote,video,lifestyle,mid_50k_100k,128,0.19931290,0.19985292,0.00519669,10091.62500000,298.59375000,201.80468750,0.13537099
YouTube,image,lifestyle,mega_500k_plus,416,0.19931177,0.19959385,0.00472784,10099.71634615,300.74519231,199.76682692,0.01370050
TikTok,video,beauty,mega_500k_plus,1192,0.19929922,0.19911410,0.00496203,10099.09815436,300.35234899,200.57885906,0.01324282
RedNote,image,tech,macro_100k_500k,170,0.19928006,0.19904704,0.00491118,10090.20588235,299.73529412,200.75882353,0.03728531
RedNote,video,tech,macro_100k_500k,481,0.19927766,0.19897806,0.00455432,10104.81704782,299.36798337,200.38877339,0.03354789
YouTube,mixed,beauty,macro_100k_500k,167,0.19927077,0.19918065,0.00476168,10095.33532934,300.20958084,200.22754491,0.03124177
YouTube,video,beauty,macro_100k_500k,1014,0.19925289,0.19905120,0.00491827,10098.92307692,299.97435897,199.51380671,0.03287527
Instagram,image,tech,macro_100k_500k,161,0.19925057,0.19936834,0.00507387,10105.68322981,301.63975155,198.98136646,0.03205447
RedNote,image,lifestyle,macro_100k_500k,310,0.19922266,0.19916566,0.00492746,10103.41290323,299.88064516,199.15483871,0.03351850
RedNote,image,beauty,macro_100k_500k,362,0.19921717,0.19944893,0.00509306,10102.03591160,299.16574586,201.09944751,0.03269615
Instagram,image,lifestyle,mega_500k_plus,396,0.19920103,0.19890351,0.00495906,10098.35101010,300.38131313,200.35101010,0.01380179
YouTube,video,beauty,mid_50k_100k,109,0.19919104,0.19923871,0.00444282,10095.82568807,300.48623853,199.60550459,0.13289438
Bilibili,mixed,lifestyle,mega_500k_plus,214,0.19918790,0.19941230,0.00540021,10096.16355140,300.11682243,199.05607477,0.01363012
Instagram,video,lifestyle,mega_500k_plus,1277,0.19918024,0.19902487,0.00503574,10097.83007048,300.75097886,199.87157400,0.01338652
Instagram,image,beauty,mega_500k_plus,399,0.19916333,0.19900059,0.00483628,10099.94736842,301.08020050,200.23308271,0.01347975
YouTube,video,lifestyle,mid_50k_100k,117,0.19916082,0.19949199,0.00496861,10106.69230769,300.65811966,198.86324786,0.13410326
Bilibili,video,lifestyle,mega_500k_plus,1233,0.19914738,0.19902057,0.00476716,10102.22303325,299.86050284,199.93592863,0.01365685
YouTube,text,lifestyle,mega_500k_plus,234,0.19914703,0.19878860,0.00455745,10103.79059829,300.75641026,199.98290598,0.01312374
Bilibili,image,tech,mega_500k_plus,194,0.19913491,0.19925678,0.00486378,10100.20618557,299.94329897,201.22164948,0.01323384
TikTok,video,lifestyle,mega_500k_plus,1273,0.19910504,0.19906113,0.00485877,10102.33150039,299.86724273,200.19324430,0.01355946
Instagram,video,tech,macro_100k_500k,485,0.19910064,0.19894418,0.00515951,10105.82886598,300.86185567,200.73608247,0.03238055
YouTube,video,beauty,mega_500k_plus,1302,0.19910047,0.19892606,0.00479206,10098.72503840,300.00768049,199.94777266,0.01335612
TikTok,video,lifestyle,mid_50k_100k,114,0.19909667,0.19881747,0.00477945,10120.57894737,298.71929825,202.34210526,0.12761345
Bilibili,video,tech,mega_500k_plus,635,0.19908843,0.19924174,0.00479834,10103.69763780,299.65196850,199.27716535,0.01335265
Bilibili,text,lifestyle,macro_100k_500k,166,0.19908461,0.19909990,0.00515753,10091.74698795,299.39156627,198.94578313,0.03549832
TikTok,image,beauty,mega_500k_plus,401,0.19907941,0.19920764,0.00507719,10101.36907731,299.47630923,199.74563591,0.01368183
Bilibili,mixed,tech,mega_500k_plus,106,0.19907133,0.19910921,0.00502729,10091.08490566,298.86792453,202.01886792,0.01293793
Instagram,text,lifestyle,mega_500k_plus,190,0.19906957,0.19897563,0.00487262,10106.49473684,298.53684211,199.63684211,0.01287305
Bilibili,mixed,beauty,macro_100k_500k,177,0.19906695,0.19901088,0.00514584,10111.63841808,299.62146893,200.45197740,0.03332661
TikTok,image,beauty,macro_100k_500k,301,0.19905755,0.19938832,0.00479206,10102.35548173,300.28571429,199.55481728,0.03293015
Bilibili,image,tech,macro_100k_500k,189,0.19905007,0.19898366,0.00469846,10119.43386243,301.56613757,200.49735450,0.03640181
TikTok,video,tech,macro_100k_500k,487,0.19904557,0.19894925,0.00479860,10103.95482546,299.44558522,199.64887064,0.03465370
Instagram,image,lifestyle,macro_100k_500k,334,0.19903467,0.19878185,0.00507928,10102.46107784,301.22155689,199.72155689,0.03477844
RedNote,image,tech,mega_500k_plus,210,0.19902929,0.19917319,0.00474839,10105.77142857,300.54285714,200.06666667,0.01345089
Bilibili,mixed,beauty,mega_500k_plus,207,0.19902781,0.19902186,0.00431666,10093.53140097,301.76811594,200.41062802,0.01404658
YouTube,image,tech,mega_500k_plus,210,0.19902579,0.19922393,0.00481039,10113.51904762,299.96190476,200.55714286,0.01361909
Instagram,image,tech,mega_500k_plus,210,0.19902103,0.19860726,0.00505714,10103.83333333,299.27142857,200.46666667,0.01326408
Instagram,video,lifestyle,macro_100k_500k,1017,0.19902051,0.19891998,0.00488490,10097.53687316,300.43657817,199.34316618,0.03404977
RedNote,image,beauty,mega_500k_plus,385,0.19900330,0.19910847,0.00482152,10108.14545455,300.49870130,200.78701299,0.01316438
TikTok,video,beauty,macro_100k_500k,1053,0.19900172,0.19899764,0.00478188,10098.97056030,299.51377018,199.14624881,0.03182152
YouTube,video,lifestyle,macro_100k_500k,999,0.19899960,0.19899900,0.00476136,10101.67067067,300.90090090,200.47347347,0.03215087
Bilibili,video,beauty,mega_500k_plus,1344,0.19899913,0.19891089,0.00488305,10099.34449405,299.67485119,200.03348214,0.01332609
Instagram,mixed,lifestyle,macro_100k_500k,163,0.19899570,0.19880359,0.00497034,10090.13496933,300.39263804,200.44171779,0.03443316
TikTok,image,lifestyle,macro_100k_500k,299,0.19899230,0.19904932,0.00487759,10104.02675585,299.45150502,200.26755853,0.03608501
YouTube,image,lifestyle,macro_100k_500k,352,0.19899138,0.19894271,0.00494196,10098.95454545,300.03409091,199.69318182,0.03316289
RedNote,video,lifestyle,mega_500k_plus,1277,0.19898690,0.19871287,0.00477539,10099.37039937,300.03367267,199.73061864,0.01357456
RedNote,mixed,beauty,macro_100k_500k,176,0.19897835,0.19913207,0.00454264,10098.14772727,299.72159091,199.53977273,0.03388444
RedNote,mixed,lifestyle,macro_100k_500k,183,0.19897822,0.19908101,0.00478409,10093.96174863,299.12568306,200.13661202,0.03210365
Bilibili,image,beauty,macro_100k_500k,305,0.19896176,0.19893217,0.00488538,10093.91147541,298.74754098,201.44262295,0.03389570
RedNote,video,beauty,mid_50k_100k,125,0.19895257,0.19885069,0.00484452,10128.72800000,300.37600000,199.48800000,0.13075770
Bilibili,video,lifestyle,macro_100k_500k,1019,0.19894616,0.19889503,0.00479839,10099.83807655,300.24239450,200.18547596,0.03294829
YouTube,video,lifestyle,mega_500k_plus,1266,0.19894227,0.19892845,0.00482554,10099.84439179,299.36571880,199.40600316,0.01358259
TikTok,video,tech,mega_500k_plus,603,0.19893679,0.19877348,0.00474695,10100.27694859,300.51907131,199.96683250,0.01359609
Instagram,image,beauty,macro_100k_500k,343,0.19892562,0.19898618,0.00475323,10101.18075802,299.33527697,199.98250729,0.03312050
Instagram,video,beauty,macro_100k_500k,1039,0.19891668,0.19880120,0.00491901,10100.85466795,300.11934552,199.80654475,0.03503369
TikTok,video,lifestyle,macro_100k_500k,1027,0.19891580,0.19909989,0.00480687,10097.11392405,298.41480039,199.96397274,0.03367606
Bilibili,text,tech,mega_500k_plus,102,0.19891338,0.19900153,0.00459259,10092.17647059,301.53921569,198.89215686,0.01390879
RedNote,video,beauty,macro_100k_500k,1016,0.19891007,0.19896545,0.00481132,10105.55610236,299.10433071,200.50688976,0.03315433
YouTube,mixed,beauty,mega_500k_plus,193,0.19890311,0.19898112,0.00468664,10106.01036269,301.05699482,199.67875648,0.01311162
TikTok,text,beauty,mega_500k_plus,220,0.19889905,0.19859795,0.00480242,10100.24545455,303.01363636,198.41818182,0.01322271
Bilibili,text,beauty,mega_500k_plus,217,0.19889830,0.19883790,0.00452485,10106.07834101,299.34562212,200.55760369,0.01351078
RedNote,video,beauty,micro_10k_50k,105,0.19889403,0.19857383,0.00521100,10111.73333333,296.95238095,200.17142857,0.33556038
Instagram,mixed,lifestyle,mega_500k_plus,216,0.19887728,0.19863818,0.00519283,10104.49537037,298.31944444,200.27777778,0.01336693
Instagram,video,lifestyle,mid_50k_100k,114,0.19884046,0.19884763,0.00469365,10109.41228070,299.85087719,199.16666667,0.13319732
RedNote,video,tech,mega_500k_plus,610,0.19883868,0.19875712,0.00505339,10101.16885246,300.27704918,200.30491803,0.01336046
Bilibili,image,lifestyle,mega_500k_plus,409,0.19883754,0.19850482,0.00531502,10103.98288509,301.65525672,199.44254279,0.01379836
Bilibili,video,beauty,macro_100k_500k,986,0.19883575,0.19895156,0.00499397,10101.39452333,299.96146045,199.18255578,0.03437884
TikTok,text,beauty,macro_100k_500k,156,0.19883016,0.19880695,0.00501978,10104.08974359,298.55128205,201.07051282,0.03044176
TikTok,image,tech,mega_500k_plus,211,0.19882565,0.19873003,0.00475166,10105.12796209,299.93364929,199.63507109,0.01341791
RedNote,text,lifestyle,mega_500k_plus,195,0.19882025,0.19837091,0.00500292,10113.16923077,298.88717949,200.55384615,0.01343523
YouTube,text,beauty,macro_100k_500k,162,0.19881852,0.19926319,0.00447067,10104.54320988,301.78395062,201.09259259,0.03556639
RedNote,video,beauty,mega_500k_plus,1303,0.19881092,0.19858931,0.00485306,10101.73062164,299.12663085,199.73676132,0.01323058
RedNote,mixed,beauty,mega_500k_plus,225,0.19880022,0.19839405,0.00487934,10116.52444444,298.64444444,199.94222222,0.01349568
Instagram,video,beauty,mid_50k_100k,125,0.19879787,0.19878679,0.00454566,10100.96000000,299.86400000,199.28800000,0.13255165
Instagram,mixed,beauty,mega_500k_plus,213,0.19878599,0.19864784,0.00470231,10109.14084507,300.68544601,199.17370892,0.01369100
YouTube,mixed,tech,mega_500k_plus,104,0.19878279,0.19802182,0.00542696,10104.05769231,299.75961538,199.69230769,0.01343245
YouTube,image,tech,macro_100k_500k,184,0.19878166,0.19894329,0.00471011,10099.27717391,299.53804348,199.20108696,0.03452561
Instagram,text,beauty,mega_500k_plus,220,0.19877769,0.19869074,0.00502894,10106.88181818,299.85909091,201.37272727,0.01354913
Instagram,video,tech,mega_500k_plus,623,0.19877357,0.19895498,0.00473739,10100.52166934,299.37078652,199.31300161,0.01328064
YouTube,video,tech,macro_100k_500k,501,0.19876166,0.19889392,0.00491154,10095.60079840,299.68862275,199.96207585,0.03424922
YouTube,video,tech,mega_500k_plus,574,0.19875718,0.19883154,0.00485601,10102.71951220,300.73344948,199.86411150,0.01323232
TikTok,text,lifestyle,macro_100k_500k,196,0.19875712,0.19874584,0.00446328,10096.90306122,300.79081633,199.26530612,0.03253262
Instagram,video,lifestyle,micro_10k_50k,100,0.19874999,0.19913871,0.00461506,10107.93000000,299.07000000,199.83000000,0.34301493
YouTube,mixed,lifestyle,mega_500k_plus,214,0.19874642,0.19858675,0.00483421,10104.49532710,300.53271028,200.96261682,0.01375070
TikTok,mixed,lifestyle,mega_500k_plus,173,0.19873938,0.19835966,0.00526585,10107.02890173,298.87283237,201.72832370,0.01358948
TikTok,image,tech,macro_100k_500k,166,0.19871546,0.19824728,0.00495020,10102.09036145,299.50000000,200.80722892,0.03523659
Instagram,video,beauty,mega_500k_plus,1272,0.19870831,0.19848156,0.00484128,10102.06839623,299.77358491,200.34905660,0.01342339
Bilibili,image,lifestyle,macro_100k_500k,322,0.19867354,0.19851056,0.00455628,10105.44409938,299.53105590,198.83850932,0.03441734
Instagram,text,tech,mega_500k_plus,108,0.19867339,0.19839399,0.00510647,10104.77777778,300.93518519,200.25925926,0.01386303
TikTok,image,lifestyle,mega_500k_plus,404,0.19867001,0.19845422,0.00456878,10106.06435644,300.08168317,200.72524752,0.01341886
TikTok,text,tech,mega_500k_plus,106,0.19864166,0.19822882,0.00519082,10101.66037736,299.37735849,199.80188679,0.01281986
Instagram,text,lifestyle,macro_100k_500k,174,0.19861484,0.19905005,0.00484828,10104.66091954,301.28160920,198.46551724,0.03691410
YouTube,image,beauty,mega_500k_plus,420,0.19852782,0.19825187,0.00460477,10109.25714286,299.50714286,198.50476190,0.01367217
TikTok,mixed,lifestyle,macro_100k_500k,171,0.19850690,0.19848394,0.00517459,10108.19883041,300.16959064,200.63742690,0.03457489
Bilibili,video,beauty,mid_50k_100k,137,0.19845098,0.19875232,0.00498770,10100.31386861,299.36496350,198.98540146,0.14012381
