account_id,churned,churn_probability,risk_tier,avg_mrr,total_usage,error_rate,total_tickets,avg_response_hrs,escalation_rate,company_name,industry,plan,acquisition_channel
ACC-0001,1,0.985,Critical,190.22454545454548,49.0,0.22448979591836735,3.0,19.099999999999998,0.6666666666666666,Company_0001,Finance,Professional,Direct Sales
ACC-0002,1,0.92,Critical,74.875,77.0,0.14285714285714285,3.0,10.633333333333333,0.0,Company_0002,Non-Profit,Starter,Paid Ads
ACC-0003,1,1.0,Critical,1708.654,61.0,0.19672131147540983,5.0,14.0,0.0,Company_0003,Retail,Starter,Partner
ACC-0004,1,0.975,Critical,144.31583333333333,304.0,0.19407894736842105,4.0,26.7,0.0,Company_0004,Retail,Professional,Organic Search
ACC-0005,1,0.9,Critical,138.96,0.0,0.0,4.0,16.3,0.0,Company_0005,Non-Profit,Starter,Referral
ACC-0006,0,0.0,,1266.288125,3322.0,0.04876580373269115,1.0,7.5,0.0,Company_0006,Technology,Professional,Paid Ads
ACC-0007,0,0.0,,4827.501764705882,5317.0,0.05980816249764905,3.0,8.200000000000001,0.0,Company_0007,Healthcare,Custom,Direct Sales
ACC-0008,0,0.01,Low,2340.7466666666664,823.0,0.026731470230862697,5.0,6.6,0.2,Company_0008,Education,Enterprise,Content Marketing
ACC-0009,0,0.11,Low,469.12,283.0,0.06713780918727916,6.0,7.8500000000000005,0.16666666666666666,Company_0009,Healthcare,Enterprise,Organic Search
ACC-0010,0,0.005,Low,4405.4025,1958.0,0.04800817160367722,5.0,7.76,0.2,Company_0010,Technology,Enterprise,Direct Sales
ACC-0011,0,0.0,,205.196,4101.0,0.05998536942209217,0.0,0.0,0.0,Company_0011,Real Estate,Starter,Referral
ACC-0012,0,0.0,,2895.4357142857143,1429.0,0.05738278516445067,4.0,6.75,0.25,Company_0012,Real Estate,Enterprise,Organic Search
ACC-0013,1,0.99,Critical,139.75923076923075,234.0,0.19658119658119658,10.0,50.17,0.7,Company_0013,Healthcare,Starter,Direct Sales
ACC-0014,0,0.0,,239.15642857142856,2097.0,0.06056270863137816,5.0,10.32,0.0,Company_0014,Retail,Professional,Paid Ads
ACC-0015,1,1.0,Critical,3093.0554545454547,110.0,0.18181818181818182,7.0,34.98571428571429,0.14285714285714285,Company_0015,Education,Professional,Content Marketing
ACC-0016,0,0.0,,591.9269999999999,3382.0,0.05204021289178001,4.0,3.9,0.0,Company_0016,Real Estate,Professional,Organic Search
ACC-0017,1,1.0,Critical,209.10416666666666,195.0,0.18974358974358974,5.0,32.92,0.4,Company_0017,Legal,Professional,Organic Search
ACC-0018,1,0.745,High,124.55,0.0,0.0,4.0,9.225,0.0,Company_0018,Technology,Professional,Partner
ACC-0019,0,0.0,,3801.9585714285713,5292.0,0.05196523053665911,2.0,6.0,0.0,Company_0019,Manufacturing,Custom,Organic Search
ACC-0020,0,0.0,,750.516923076923,3966.0,0.04715078164397378,6.0,8.25,0.16666666666666666,Company_0020,Real Estate,Professional,Organic Search
ACC-0021,0,0.0,,176.67545454545456,2350.0,0.05787234042553192,3.0,10.666666666666666,0.0,Company_0021,Media,Professional,Direct Sales
ACC-0022,0,0.0,,402.48625,3358.0,0.051518761167361524,0.0,0.0,0.0,Company_0022,Technology,Enterprise,Direct Sales
ACC-0023,0,0.0,,4071.5053333333335,6673.0,0.05394874868874569,2.0,5.9,0.0,Company_0023,Healthcare,Professional,Organic Search
ACC-0024,1,1.0,Critical,78.72,0.0,0.0,11.0,29.5,0.2727272727272727,Company_0024,Healthcare,Starter,Direct Sales
ACC-0025,0,0.0,,1224.391111111111,2057.0,0.07194944093339815,2.0,7.5,0.0,Company_0025,Education,Enterprise,Organic Search
ACC-0026,0,0.005,Low,3101.942,711.0,0.03234880450070324,6.0,9.566666666666668,0.0,Company_0026,Real Estate,Enterprise,Content Marketing
ACC-0027,0,0.0,,73.745,886.0,0.08239277652370203,2.0,6.65,0.0,Company_0027,Technology,Starter,Direct Sales
ACC-0028,0,0.0,,688.965,975.0,0.059487179487179485,3.0,7.2,0.3333333333333333,Company_0028,Technology,Starter,Referral
ACC-0029,0,0.0,,3851.008823529412,7451.0,0.050865655616695746,5.0,7.859999999999999,0.0,Company_0029,Finance,Professional,Referral
ACC-0030,0,0.11,Low,458.892,373.0,0.08042895442359249,2.0,9.85,0.0,Company_0030,Manufacturing,Professional,Referral
ACC-0031,1,1.0,Critical,6229.593333333333,244.0,0.20491803278688525,7.0,24.985714285714288,0.42857142857142855,Company_0031,Education,Custom,Organic Search
ACC-0032,0,0.035,Low,7753.196666666667,0.0,0.0,5.0,7.8,0.0,Company_0032,Real Estate,Custom,Event
ACC-0033,1,1.0,Critical,630.8644444444444,228.0,0.22807017543859648,3.0,47.333333333333336,0.0,Company_0033,Healthcare,Professional,Referral
ACC-0034,0,0.0,,377.5671428571428,5104.0,0.05721003134796238,5.0,12.6,0.2,Company_0034,Education,Professional,Organic Search
ACC-0035,0,0.005,Low,1431.7444444444445,1773.0,0.05527354765933446,5.0,7.08,0.2,Company_0035,Technology,Starter,Partner
ACC-0036,0,0.0,,2429.900769230769,2376.0,0.05555555555555555,0.0,0.0,0.0,Company_0036,Manufacturing,Enterprise,Direct Sales
ACC-0037,1,1.0,Critical,101.4557142857143,148.0,0.16891891891891891,6.0,25.53333333333333,0.3333333333333333,Company_0037,Retail,Starter,Paid Ads
ACC-0038,0,0.0,,2504.010588235294,4034.0,0.08006941001487357,1.0,6.8,1.0,Company_0038,Legal,Professional,Organic Search
ACC-0039,0,0.0,,874.02,3991.0,0.05938361312954147,4.0,11.025,0.0,Company_0039,Technology,Professional,Partner
ACC-0040,1,1.0,Critical,1802.7275,88.0,0.1590909090909091,3.0,22.833333333333332,0.6666666666666666,Company_0040,Healthcare,Professional,Organic Search
ACC-0041,0,0.015,Low,6161.271111111111,2905.0,0.060585197934595526,3.0,22.7,0.0,Company_0041,Technology,Enterprise,Partner
ACC-0042,1,0.995,Critical,57.88666666666666,49.0,0.22448979591836735,9.0,26.755555555555556,0.3333333333333333,Company_0042,Media,Starter,Partner
ACC-0043,0,0.0,,3764.184285714286,3641.0,0.05904971161768745,2.0,11.4,0.5,Company_0043,Technology,Enterprise,Content Marketing
ACC-0044,0,0.0,,4047.6286666666665,1960.0,0.05204081632653061,5.0,8.86,0.0,Company_0044,Retail,Custom,Organic Search
ACC-0045,0,0.01,Low,807.84375,760.0,0.05394736842105263,4.0,6.6,0.25,Company_0045,Manufacturing,Professional,Content Marketing
ACC-0046,0,0.0,,2443.4813333333336,6743.0,0.05264718967818478,2.0,4.4,0.0,Company_0046,Manufacturing,Enterprise,Organic Search
ACC-0047,1,0.965,Critical,66.5,20.0,0.05,4.0,21.6,0.25,Company_0047,Non-Profit,Starter,Organic Search
ACC-0048,0,0.08,Low,3277.918,645.0,0.06666666666666667,1.0,15.4,0.0,Company_0048,Finance,Enterprise,Organic Search
ACC-0049,0,0.0,,201.49384615384616,4265.0,0.0630715123094959,3.0,9.466666666666667,0.0,Company_0049,Finance,Professional,Organic Search
ACC-0050,0,0.0,,4668.574545454546,1479.0,0.05341446923597025,1.0,1.6,0.0,Company_0050,Non-Profit,Enterprise,Paid Ads
ACC-0051,1,0.98,Critical,64.95538461538462,180.0,0.21666666666666667,3.0,23.266666666666666,0.0,Company_0051,Healthcare,Starter,Direct Sales
ACC-0052,0,0.0,,3300.383333333333,3274.0,0.06291997556505803,5.0,10.14,0.0,Company_0052,Technology,Enterprise,Event
ACC-0053,0,0.0,,1232.21,1306.0,0.07350689127105667,2.0,2.8000000000000003,0.0,Company_0053,Non-Profit,Professional,Partner
ACC-0054,0,0.0,,4455.071666666667,3238.0,0.052192711550339714,2.0,11.85,0.0,Company_0054,Legal,Custom,Event
ACC-0055,1,1.0,Critical,2397.638125,226.0,0.14601769911504425,5.0,26.560000000000002,0.4,Company_0055,Real Estate,Starter,Organic Search
ACC-0056,0,0.005,Low,1120.524,935.0,0.039572192513368985,2.0,2.45,0.0,Company_0056,Finance,Professional,Organic Search
ACC-0057,0,0.0,,5586.14625,3064.0,0.05156657963446475,2.0,1.4,0.0,Company_0057,Finance,Custom,Event
ACC-0058,1,1.0,Critical,279.3442857142857,194.0,0.13402061855670103,7.0,22.414285714285715,0.42857142857142855,Company_0058,Media,Professional,Paid Ads
ACC-0059,0,0.0,,1380.7093333333332,6730.0,0.04799405646359584,4.0,5.75,0.0,Company_0059,Technology,Professional,Organic Search
ACC-0060,1,1.0,Critical,741.2426666666667,334.0,0.15269461077844312,5.0,49.67999999999999,0.4,Company_0060,Real Estate,Starter,Event
ACC-0061,1,0.955,Critical,50.4525,272.0,0.1801470588235294,3.0,23.5,0.0,Company_0061,Technology,Starter,Content Marketing
ACC-0062,1,0.935,Critical,69.666,13.0,0.38461538461538464,3.0,30.8,0.0,Company_0062,Manufacturing,Starter,Content Marketing
ACC-0063,1,1.0,Critical,830.24,112.0,0.19642857142857142,6.0,34.81666666666667,0.5,Company_0063,Finance,Starter,Paid Ads
ACC-0064,0,0.01,Low,3590.8454545454547,1149.0,0.0391644908616188,5.0,10.68,0.0,Company_0064,Non-Profit,Professional,Direct Sales
ACC-0065,0,0.0,,2341.52,2559.0,0.06330597889800703,5.0,10.72,0.0,Company_0065,Healthcare,Custom,Organic Search
ACC-0066,0,0.0,,573.6172727272726,4547.0,0.04420497031009457,3.0,13.0,0.0,Company_0066,Real Estate,Professional,Organic Search
ACC-0067,0,0.0,,3652.83,3450.0,0.05536231884057971,6.0,8.383333333333335,0.16666666666666666,Company_0067,Finance,Enterprise,Referral
ACC-0068,0,0.0,,343.809,2395.0,0.07766179540709812,6.0,5.616666666666667,0.0,Company_0068,Real Estate,Enterprise,Direct Sales
ACC-0069,0,0.005,Low,3030.617142857143,7058.0,0.053131198639841316,6.0,7.366666666666667,0.3333333333333333,Company_0069,Technology,Starter,Partner
ACC-0070,0,0.005,Low,3971.8228571428576,1759.0,0.04434337691870381,4.0,7.225,0.0,Company_0070,Legal,Custom,Content Marketing
ACC-0071,0,0.0,,263.7233333333333,3312.0,0.06521739130434782,5.0,12.280000000000001,0.0,Company_0071,Technology,Professional,Direct Sales
ACC-0072,1,1.0,Critical,178.70875,202.0,0.18811881188118812,5.0,33.0,0.6,Company_0072,Retail,Professional,Paid Ads
ACC-0073,0,0.0,,1416.02,2021.0,0.06036615536862939,5.0,9.9,0.0,Company_0073,Real Estate,Custom,Organic Search
ACC-0074,1,1.0,Critical,163.42999999999998,31.0,0.1935483870967742,4.0,26.0,0.75,Company_0074,Finance,Starter,Paid Ads
ACC-0075,1,0.94,Critical,1001.8315384615386,148.0,0.2635135135135135,5.0,16.6,0.4,Company_0075,Finance,Professional,Organic Search
ACC-0076,1,1.0,Critical,231.49,96.0,0.17708333333333334,9.0,33.94444444444444,0.3333333333333333,Company_0076,Healthcare,Starter,Organic Search
ACC-0077,1,0.995,Critical,202.77,133.0,0.21052631578947367,4.0,16.65,1.0,Company_0077,Retail,Professional,Paid Ads
ACC-0078,1,0.985,Critical,312.69187500000004,262.0,0.25190839694656486,8.0,46.099999999999994,0.375,Company_0078,Retail,Starter,Paid Ads
ACC-0079,1,1.0,Critical,2188.1008333333334,190.0,0.13157894736842105,11.0,29.099999999999998,0.2727272727272727,Company_0079,Healthcare,Professional,Paid Ads
ACC-0080,0,0.0,,177.40214285714288,2974.0,0.06556825823806321,1.0,10.5,1.0,Company_0080,Healthcare,Professional,Content Marketing
ACC-0081,1,0.99,Critical,299.45,60.0,0.35,6.0,23.283333333333335,0.3333333333333333,Company_0081,Education,Professional,Paid Ads
ACC-0082,0,0.005,Low,1698.6000000000001,740.0,0.0445945945945946,6.0,5.7,0.0,Company_0082,Real Estate,Enterprise,Direct Sales
ACC-0083,0,0.16,Low,167.874,0.0,0.0,4.0,11.125,0.0,Company_0083,Media,Professional,Partner
ACC-0084,1,1.0,Critical,59.586666666666666,19.0,0.21052631578947367,9.0,20.933333333333334,0.5555555555555556,Company_0084,Finance,Starter,Partner
ACC-0085,0,0.0,,651.61,3756.0,0.05990415335463259,3.0,9.266666666666667,0.0,Company_0085,Retail,Enterprise,Organic Search
ACC-0086,0,0.0,,5526.067142857143,5726.0,0.06164862032832693,5.0,6.4799999999999995,0.0,Company_0086,Non-Profit,Custom,Referral
ACC-0087,1,1.0,Critical,733.6171428571428,135.0,0.16296296296296298,11.0,21.836363636363636,0.5454545454545454,Company_0087,Retail,Enterprise,Content Marketing
ACC-0088,0,0.215,Low,46.01,31.0,0.06451612903225806,1.0,12.3,0.0,Company_0088,Finance,Starter,Referral
ACC-0089,1,0.98,Critical,116.12400000000001,164.0,0.1951219512195122,5.0,33.58,0.6,Company_0089,Technology,Starter,Event
ACC-0090,1,1.0,Critical,967.3533333333334,0.0,0.0,5.0,26.96,0.6,Company_0090,Healthcare,Starter,Organic Search
ACC-0091,0,0.0,,5874.197142857142,2699.0,0.055946646906261575,4.0,8.75,0.0,Company_0091,Retail,Custom,Paid Ads
ACC-0092,1,0.86,Critical,2520.746,120.0,0.31666666666666665,3.0,7.266666666666666,0.0,Company_0092,Healthcare,Enterprise,Event
ACC-0093,0,0.0,,102.95583333333333,5306.0,0.05672823218997362,2.0,18.700000000000003,0.0,Company_0093,Legal,Starter,Organic Search
ACC-0094,0,0.0,,239.04090909090908,3046.0,0.04924491135915955,4.0,11.6,0.25,Company_0094,Finance,Professional,Referral
ACC-0095,1,1.0,Critical,668.205,64.0,0.203125,10.0,24.259999999999998,0.4,Company_0095,Retail,Professional,Content Marketing
ACC-0096,0,0.0,,116.719375,6335.0,0.07056037884767166,1.0,18.5,0.0,Company_0096,Finance,Starter,Direct Sales
ACC-0097,1,1.0,Critical,44.965,37.0,0.16216216216216217,11.0,23.209090909090907,0.36363636363636365,Company_0097,Real Estate,Starter,Organic Search
ACC-0098,1,1.0,Critical,1699.5683333333334,175.0,0.21714285714285714,7.0,24.042857142857144,0.42857142857142855,Company_0098,Real Estate,Starter,Content Marketing
ACC-0099,0,0.0,,170.225,4533.0,0.05978380763291419,1.0,5.2,0.0,Company_0099,Retail,Professional,Referral
ACC-0100,1,0.995,Critical,60.51666666666667,65.0,0.18461538461538463,4.0,29.025,0.0,Company_0100,Education,Starter,Event
ACC-0101,1,0.98,Critical,195.0675,70.0,0.08571428571428572,3.0,16.166666666666668,0.3333333333333333,Company_0101,Non-Profit,Professional,Partner
ACC-0102,0,0.0,,180.924,1833.0,0.0425531914893617,2.0,4.6,0.0,Company_0102,Real Estate,Professional,Organic Search
ACC-0103,1,0.995,Critical,5367.826,65.0,0.2153846153846154,9.0,45.15555555555555,0.3333333333333333,Company_0103,Retail,Custom,Event
ACC-0104,1,0.995,Critical,266.2555555555556,181.0,0.16574585635359115,3.0,54.26666666666667,0.3333333333333333,Company_0104,Legal,Starter,Paid Ads
ACC-0105,1,1.0,Critical,78.47200000000001,70.0,0.22857142857142856,8.0,46.4625,0.375,Company_0105,Legal,Professional,Paid Ads
ACC-0106,0,0.0,,5898.179230769231,3884.0,0.05303810504634397,0.0,0.0,0.0,Company_0106,Real Estate,Custom,Organic Search
ACC-0107,0,0.015,Low,504.75222222222226,909.0,0.0484048404840484,4.0,6.8500000000000005,0.25,Company_0107,Finance,Professional,Paid Ads
ACC-0108,1,1.0,Critical,2385.4425,82.0,0.17073170731707318,6.0,56.0,0.16666666666666666,Company_0108,Retail,Professional,Content Marketing
ACC-0109,0,0.04,Low,1704.9216666666669,629.0,0.03656597774244833,6.0,6.316666666666666,0.0,Company_0109,Technology,Enterprise,Paid Ads
ACC-0110,0,0.0,,630.1318181818182,5017.0,0.055610922862268285,5.0,8.1,0.0,Company_0110,Education,Professional,Direct Sales
ACC-0111,0,0.0,,650.16,3246.0,0.04959950708564387,4.0,8.75,0.0,Company_0111,Education,Enterprise,Organic Search
ACC-0112,1,1.0,Critical,1704.3936363636365,79.0,0.24050632911392406,9.0,31.466666666666665,0.3333333333333333,Company_0112,Legal,Enterprise,Content Marketing
ACC-0113,0,0.04,Low,65.68666666666667,175.0,0.02857142857142857,0.0,0.0,0.0,Company_0113,Healthcare,Starter,Organic Search
ACC-0114,1,1.0,Critical,6018.107333333333,207.0,0.12077294685990338,6.0,22.599999999999998,0.5,Company_0114,Legal,Enterprise,Partner
ACC-0115,0,0.0,,2190.8218181818183,5303.0,0.059966056948896854,3.0,9.233333333333333,0.3333333333333333,Company_0115,Finance,Professional,Organic Search
ACC-0116,0,0.04,Low,410.46,0.0,0.0,2.0,4.55,0.0,Company_0116,Legal,Professional,Paid Ads
ACC-0117,0,0.01,Low,60.43,3487.0,0.057929452251218816,6.0,8.516666666666667,0.0,Company_0117,Finance,Starter,Referral
ACC-0118,0,0.0,,1653.793846153846,4693.0,0.05518857873428511,3.0,4.866666666666666,0.0,Company_0118,Non-Profit,Professional,Organic Search
ACC-0119,1,0.995,Critical,4451.3328571428565,56.0,0.08928571428571429,7.0,14.028571428571428,0.42857142857142855,Company_0119,Manufacturing,Enterprise,Organic Search
ACC-0120,1,0.995,Critical,70.17666666666666,59.0,0.2033898305084746,11.0,27.072727272727274,0.2727272727272727,Company_0120,Real Estate,Starter,Partner
ACC-0121,1,0.995,Critical,100.92615384615384,102.0,0.28431372549019607,11.0,29.41818181818182,0.36363636363636365,Company_0121,Media,Starter,Organic Search
ACC-0122,0,0.0,,86.935,4383.0,0.06297056810403832,2.0,5.35,0.0,Company_0122,Technology,Professional,Referral
ACC-0123,0,0.0,,1678.3587499999999,1238.0,0.061389337641357025,1.0,4.6,0.0,Company_0123,Non-Profit,Enterprise,Organic Search
ACC-0124,0,0.0,,896.1800000000001,2302.0,0.04083405734144222,3.0,15.166666666666666,0.0,Company_0124,Healthcare,Professional,Referral
ACC-0125,0,0.015,Low,847.106,2068.0,0.058027079303675046,1.0,9.8,0.0,Company_0125,Healthcare,Enterprise,Organic Search
ACC-0126,0,0.0,,1767.357,1776.0,0.06813063063063063,6.0,9.183333333333334,0.0,Company_0126,Finance,Enterprise,Referral
ACC-0127,0,0.0,,1293.1221428571428,4497.0,0.050922837447187015,1.0,13.2,1.0,Company_0127,Legal,Starter,Direct Sales
ACC-0128,0,0.0,,185.1042857142857,2058.0,0.05490767735665695,6.0,12.516666666666666,0.16666666666666666,Company_0128,Legal,Starter,Referral
ACC-0129,1,0.965,Critical,1993.6366666666665,0.0,0.0,3.0,37.1,0.3333333333333333,Company_0129,Legal,Enterprise,Direct Sales
ACC-0130,0,0.0,,5202.135833333333,5705.0,0.04978089395267309,3.0,9.200000000000001,0.3333333333333333,Company_0130,Manufacturing,Custom,Partner
ACC-0131,1,0.965,Critical,5953.543076923077,446.0,0.28699551569506726,6.0,45.93333333333333,0.5,Company_0131,Technology,Custom,Paid Ads
ACC-0132,1,1.0,Critical,792.0475,100.0,0.21,9.0,28.78888888888889,0.2222222222222222,Company_0132,Retail,Professional,Partner
ACC-0133,0,0.0,,5030.570625,3930.0,0.05725190839694656,1.0,8.4,0.0,Company_0133,Technology,Enterprise,Paid Ads
ACC-0134,0,0.0,,2390.03,3475.0,0.05553956834532374,5.0,9.02,0.2,Company_0134,Media,Enterprise,Referral
ACC-0135,0,0.005,Low,4818.493333333334,1826.0,0.0728368017524644,1.0,4.2,0.0,Company_0135,Technology,Custom,Referral
ACC-0136,1,0.98,Critical,261.69,124.0,0.10483870967741936,5.0,16.52,0.2,Company_0136,Finance,Professional,Paid Ads
ACC-0137,1,1.0,Critical,50.42,70.0,0.2714285714285714,11.0,31.072727272727274,0.5454545454545454,Company_0137,Finance,Starter,Paid Ads
ACC-0138,0,0.0,,3747.485333333333,6121.0,0.04884822741382127,0.0,0.0,0.0,Company_0138,Non-Profit,Professional,Paid Ads
ACC-0139,0,0.0,,1390.1652941176471,4104.0,0.051900584795321635,3.0,14.833333333333334,0.3333333333333333,Company_0139,Retail,Custom,Organic Search
ACC-0140,0,0.0,,700.9741666666667,5344.0,0.05276946107784431,1.0,2.4,1.0,Company_0140,Technology,Starter,Referral
ACC-0141,0,0.0,,3672.725,1841.0,0.040195545898967955,5.0,6.5,0.0,Company_0141,Manufacturing,Professional,Referral
ACC-0142,1,0.995,Critical,1399.934375,296.0,0.23648648648648649,7.0,19.7,0.42857142857142855,Company_0142,Retail,Starter,Direct Sales
ACC-0143,0,0.005,Low,4870.616666666667,1550.0,0.04258064516129032,1.0,11.3,0.0,Company_0143,Real Estate,Enterprise,Organic Search
ACC-0144,1,0.955,Critical,184.93875,38.0,0.07894736842105263,4.0,23.775,0.0,Company_0144,Media,Starter,Paid Ads
ACC-0145,0,0.05,Low,215.95166666666668,539.0,0.04267161410018553,5.0,9.34,0.2,Company_0145,Technology,Starter,Direct Sales
ACC-0146,0,0.0,,1588.2075,4709.0,0.04799320450201741,2.0,11.2,0.0,Company_0146,Education,Enterprise,Partner
ACC-0147,0,0.0,,292.90999999999997,3482.0,0.048535324526134405,1.0,7.5,0.0,Company_0147,Manufacturing,Enterprise,Content Marketing
ACC-0148,0,0.0,,5241.126875,3562.0,0.047164514317798986,0.0,0.0,0.0,Company_0148,Non-Profit,Starter,Content Marketing
ACC-0149,0,0.215,Low,64.26666666666667,0.0,0.0,4.0,19.45,0.0,Company_0149,Technology,Starter,Direct Sales
ACC-0150,0,0.0,,561.725,4272.0,0.05173220973782772,5.0,6.56,0.0,Company_0150,Healthcare,Enterprise,Partner
ACC-0151,0,0.0,,3556.9261538461537,4151.0,0.04625391471934474,0.0,0.0,0.0,Company_0151,Legal,Enterprise,Organic Search
ACC-0152,0,0.11,Low,4595.19,0.0,0.0,5.0,5.88,0.0,Company_0152,Retail,Enterprise,Organic Search
ACC-0153,1,1.0,Critical,95.215,11.0,0.18181818181818182,3.0,16.433333333333334,0.3333333333333333,Company_0153,Media,Starter,Direct Sales
ACC-0154,0,0.0,,1038.7816666666668,4251.0,0.05339920018819101,1.0,14.4,0.0,Company_0154,Technology,Custom,Referral
ACC-0155,0,0.0,,710.145294117647,5000.0,0.0604,0.0,0.0,0.0,Company_0155,Legal,Enterprise,Content Marketing
ACC-0156,0,0.0,,3555.148333333333,8375.0,0.049313432835820896,6.0,7.016666666666667,0.3333333333333333,Company_0156,Media,Enterprise,Paid Ads
ACC-0157,1,1.0,Critical,3606.1035294117646,271.0,0.2066420664206642,6.0,49.5,0.6666666666666666,Company_0157,Retail,Enterprise,Organic Search
ACC-0158,0,0.0,,6258.7908333333335,4428.0,0.06120144534778681,1.0,5.4,0.0,Company_0158,Legal,Custom,Content Marketing
ACC-0159,0,0.0,,680.5425,1667.0,0.05698860227954409,1.0,6.1,0.0,Company_0159,Technology,Professional,Direct Sales
ACC-0160,1,0.97,Critical,4681.777333333333,430.0,0.2441860465116279,6.0,25.633333333333336,0.6666666666666666,Company_0160,Retail,Professional,Organic Search
ACC-0161,0,0.0,,3043.326153846154,4825.0,0.06839378238341969,1.0,3.5,1.0,Company_0161,Education,Enterprise,Direct Sales
ACC-0162,0,0.0,,104.2409090909091,3879.0,0.04176334106728538,1.0,10.9,0.0,Company_0162,Non-Profit,Professional,Referral
ACC-0163,1,0.98,Critical,1153.4453846153847,70.0,0.22857142857142856,3.0,34.199999999999996,0.6666666666666666,Company_0163,Non-Profit,Enterprise,Partner
ACC-0164,0,0.005,Low,59.129999999999995,2233.0,0.06672637707120466,0.0,0.0,0.0,Company_0164,Education,Starter,Content Marketing
ACC-0165,0,0.0,,488.2707692307692,3594.0,0.04674457429048414,3.0,11.533333333333333,0.3333333333333333,Company_0165,Technology,Professional,Partner
ACC-0166,0,0.0,,411.354375,7041.0,0.04729441840647635,5.0,9.9,0.0,Company_0166,Legal,Starter,Content Marketing
ACC-0167,0,0.0,,2377.8017647058823,5118.0,0.06174286830793278,3.0,9.533333333333333,0.0,Company_0167,Retail,Professional,Organic Search
ACC-0168,1,1.0,Critical,1357.467,174.0,0.21839080459770116,7.0,21.842857142857145,0.2857142857142857,Company_0168,Healthcare,Starter,Paid Ads
ACC-0169,0,0.0,,266.367,3183.0,0.05403707194470625,1.0,7.0,0.0,Company_0169,Technology,Starter,Direct Sales
ACC-0170,1,1.0,Critical,281.1766666666667,34.0,0.17647058823529413,7.0,38.81428571428571,0.14285714285714285,Company_0170,Technology,Professional,Paid Ads
ACC-0171,0,0.0,,486.25124999999997,1317.0,0.06226271829916477,5.0,6.28,0.0,Company_0171,Legal,Enterprise,Direct Sales
ACC-0172,0,0.0,,5900.406666666667,1805.0,0.049307479224376734,5.0,10.72,0.0,Company_0172,Media,Custom,Content Marketing
ACC-0173,0,0.0,,184.69222222222223,1979.0,0.050530570995452245,2.0,7.8,0.0,Company_0173,Real Estate,Professional,Partner
ACC-0174,1,0.985,Critical,1008.2099999999999,50.0,0.14,4.0,14.725,0.75,Company_0174,Manufacturing,Professional,Referral
ACC-0175,0,0.0,,3335.0026666666668,3341.0,0.053576773421131395,0.0,0.0,0.0,Company_0175,Real Estate,Professional,Referral
ACC-0176,1,0.945,Critical,96.10882352941177,207.0,0.28019323671497587,3.0,11.633333333333333,0.0,Company_0176,Real Estate,Professional,Partner
ACC-0177,1,1.0,Critical,245.37333333333333,154.0,0.09090909090909091,7.0,21.114285714285717,0.14285714285714285,Company_0177,Real Estate,Professional,Paid Ads
ACC-0178,1,0.985,Critical,73.78888888888889,165.0,0.2606060606060606,6.0,18.5,0.5,Company_0178,Media,Starter,Organic Search
ACC-0179,0,0.0,,2423.7111764705883,1511.0,0.05493050959629384,0.0,0.0,0.0,Company_0179,Legal,Enterprise,Partner
ACC-0180,1,0.92,Critical,2506.558,150.0,0.15333333333333332,5.0,12.620000000000001,0.4,Company_0180,Technology,Custom,Referral
ACC-0181,1,1.0,Critical,4817.008,208.0,0.1346153846153846,10.0,34.279999999999994,0.6,Company_0181,Technology,Starter,Event
ACC-0182,1,0.985,Critical,191.6866666666667,84.0,0.17857142857142858,6.0,13.6,0.16666666666666666,Company_0182,Education,Starter,Partner
ACC-0183,0,0.0,,739.4992857142857,2532.0,0.060821484992101105,4.0,12.0,0.0,Company_0183,Healthcare,Starter,Event
ACC-0184,1,0.99,Critical,4126.745555555555,303.0,0.18811881188118812,11.0,19.87272727272727,0.18181818181818182,Company_0184,Finance,Enterprise,Paid Ads
ACC-0185,0,0.0,,4672.965,2494.0,0.053327987169206094,3.0,5.966666666666666,0.3333333333333333,Company_0185,Legal,Custom,Partner
ACC-0186,1,1.0,Critical,173.31799999999998,71.0,0.14084507042253522,7.0,30.2,0.42857142857142855,Company_0186,Non-Profit,Professional,Event
ACC-0187,0,0.0,,1898.5257142857142,1325.0,0.06037735849056604,2.0,6.050000000000001,0.0,Company_0187,Healthcare,Enterprise,Direct Sales
ACC-0188,1,1.0,Critical,408.95500000000004,5.0,0.4,11.0,25.55454545454546,0.2727272727272727,Company_0188,Retail,Professional,Organic Search
ACC-0189,1,0.955,Critical,258.23199999999997,10.0,0.2,3.0,11.799999999999999,0.6666666666666666,Company_0189,Education,Professional,Referral
ACC-0190,0,0.0,,189.051,3475.0,0.05669064748201439,2.0,4.6,0.0,Company_0190,Education,Professional,Partner
ACC-0191,1,1.0,Critical,70.20666666666666,82.0,0.14634146341463414,9.0,26.01111111111111,0.2222222222222222,Company_0191,Legal,Starter,Content Marketing
ACC-0192,1,0.985,Critical,2870.46,5.0,0.6,4.0,41.775,0.0,Company_0192,Media,Custom,Direct Sales
ACC-0193,1,1.0,Critical,2649.4266666666667,128.0,0.3203125,4.0,21.7,0.5,Company_0193,Manufacturing,Custom,Paid Ads
ACC-0194,0,0.0,,3870.0123529411767,1937.0,0.05214248838409912,5.0,7.38,0.0,Company_0194,Education,Custom,Direct Sales
ACC-0195,1,0.995,Critical,188.04176470588234,254.0,0.23622047244094488,6.0,36.166666666666664,0.16666666666666666,Company_0195,Education,Professional,Paid Ads
ACC-0196,0,0.075,Low,62.185,0.0,0.0,5.0,7.88,0.0,Company_0196,Media,Starter,Partner
ACC-0197,1,0.915,Critical,1025.636875,508.0,0.2736220472440945,3.0,44.633333333333326,0.3333333333333333,Company_0197,Finance,Starter,Organic Search
ACC-0198,0,0.0,,4842.717647058824,4968.0,0.050724637681159424,3.0,7.7,0.0,Company_0198,Education,Custom,Content Marketing
ACC-0199,1,1.0,Critical,265.307,113.0,0.17699115044247787,3.0,32.300000000000004,0.0,Company_0199,Finance,Professional,Content Marketing
ACC-0200,0,0.0,,108.07857142857142,6155.0,0.06515028432168968,3.0,9.7,0.0,Company_0200,Healthcare,Professional,Referral
ACC-0201,1,0.995,Critical,160.315,83.0,0.13253012048192772,7.0,16.928571428571427,0.14285714285714285,Company_0201,Education,Professional,Paid Ads
ACC-0202,1,0.725,High,2121.97,0.0,0.0,4.0,14.399999999999999,0.0,Company_0202,Manufacturing,Enterprise,Referral
ACC-0203,1,0.92,Critical,53.34,0.0,0.0,4.0,22.8,0.25,Company_0203,Technology,Starter,Partner
ACC-0204,1,1.0,Critical,756.192,294.0,0.1836734693877551,5.0,44.980000000000004,0.4,Company_0204,Finance,Professional,Partner
ACC-0205,0,0.0,,5218.800769230769,4587.0,0.05144974929147591,5.0,4.88,0.4,Company_0205,Manufacturing,Professional,Partner
ACC-0206,1,1.0,Critical,345.03,32.0,0.21875,11.0,27.88181818181818,0.09090909090909091,Company_0206,Manufacturing,Professional,Direct Sales
ACC-0207,1,0.995,Critical,61.6625,25.0,0.4,7.0,27.885714285714283,0.2857142857142857,Company_0207,Non-Profit,Starter,Direct Sales
ACC-0208,1,1.0,Critical,413.596,145.0,0.2,8.0,26.375,0.5,Company_0208,Manufacturing,Starter,Event
ACC-0209,1,1.0,Critical,422.95,0.0,0.0,7.0,40.800000000000004,0.5714285714285714,Company_0209,Media,Professional,Paid Ads
ACC-0210,1,0.995,Critical,585.24,147.0,0.1292517006802721,4.0,22.45,0.25,Company_0210,Technology,Starter,Organic Search
ACC-0211,1,1.0,Critical,290.3575,53.0,0.1509433962264151,10.0,18.29,0.4,Company_0211,Non-Profit,Professional,Paid Ads
ACC-0212,0,0.085,Low,976.082,593.0,0.05733558178752108,4.0,24.9,0.25,Company_0212,Finance,Professional,Referral
ACC-0213,1,0.98,Critical,315.39,0.0,0.0,5.0,18.580000000000002,0.4,Company_0213,Real Estate,Starter,Direct Sales
ACC-0214,1,1.0,Critical,1871.9424999999999,302.0,0.18874172185430463,8.0,27.4375,0.5,Company_0214,Non-Profit,Starter,Content Marketing
ACC-0215,1,1.0,Critical,202.48,12.0,0.25,9.0,37.24444444444444,0.5555555555555556,Company_0215,Technology,Starter,Content Marketing
ACC-0216,1,1.0,Critical,4528.28125,242.0,0.2024793388429752,8.0,53.625,0.625,Company_0216,Retail,Enterprise,Organic Search
ACC-0217,1,0.985,Critical,605.155,127.0,0.18110236220472442,9.0,24.6,0.4444444444444444,Company_0217,Retail,Professional,Organic Search
ACC-0218,1,1.0,Critical,2796.9115384615384,119.0,0.15966386554621848,8.0,33.9125,0.5,Company_0218,Education,Professional,Paid Ads
ACC-0219,0,0.0,,4076.95,3308.0,0.049879081015719466,2.0,17.799999999999997,0.0,Company_0219,Retail,Enterprise,Organic Search
ACC-0220,0,0.05,Low,75.67333333333333,339.0,0.05309734513274336,6.0,9.683333333333334,0.0,Company_0220,Non-Profit,Starter,Partner
ACC-0221,0,0.0,,343.28,2399.0,0.05627344726969571,5.0,4.04,0.2,Company_0221,Media,Professional,Referral
ACC-0222,0,0.0,,2326.5933333333337,3044.0,0.046320630749014456,4.0,3.6,0.0,Company_0222,Media,Professional,Referral
ACC-0223,1,1.0,Critical,67.02333333333333,10.0,0.4,7.0,19.342857142857145,0.14285714285714285,Company_0223,Manufacturing,Starter,Partner
ACC-0224,1,1.0,Critical,56.69,8.0,0.125,9.0,29.477777777777778,0.5555555555555556,Company_0224,Manufacturing,Starter,Paid Ads
ACC-0225,0,0.0,,1661.3733333333332,4130.0,0.054721549636803875,0.0,0.0,0.0,Company_0225,Media,Professional,Paid Ads
ACC-0226,0,0.02,Low,4817.513636363637,1742.0,0.04764638346727899,5.0,20.84,0.0,Company_0226,Legal,Custom,Paid Ads
ACC-0227,0,0.005,Low,1233.0983333333334,3555.0,0.06497890295358649,1.0,4.0,1.0,Company_0227,Manufacturing,Professional,Content Marketing
ACC-0228,1,1.0,Critical,67.39555555555555,59.0,0.1694915254237288,7.0,14.1,0.14285714285714285,Company_0228,Retail,Starter,Organic Search
ACC-0229,0,0.0,,1565.2058823529412,4258.0,0.05894786284640676,6.0,9.700000000000001,0.3333333333333333,Company_0229,Technology,Professional,Referral
ACC-0230,0,0.0,,3185.4357142857143,5848.0,0.05728454172366621,5.0,7.06,0.0,Company_0230,Healthcare,Professional,Organic Search
ACC-0231,1,0.99,Critical,4820.2519999999995,266.0,0.2669172932330827,4.0,52.625,0.25,Company_0231,Technology,Enterprise,Content Marketing
ACC-0232,0,0.025,Low,481.545,558.0,0.07706093189964158,4.0,8.575,0.0,Company_0232,Education,Professional,Partner
ACC-0233,1,1.0,Critical,1813.8192857142858,141.0,0.3191489361702128,11.0,33.1,0.2727272727272727,Company_0233,Healthcare,Professional,Partner
ACC-0234,0,0.0,,271.48,994.0,0.047283702213279676,1.0,8.9,0.0,Company_0234,Technology,Professional,Organic Search
ACC-0235,0,0.0,,6321.56,1386.0,0.046176046176046176,6.0,9.466666666666667,0.0,Company_0235,Healthcare,Enterprise,Organic Search
ACC-0236,0,0.0,,226.48083333333332,2083.0,0.04800768122899664,0.0,0.0,0.0,Company_0236,Real Estate,Professional,Direct Sales
ACC-0237,0,0.0,,3756.8737499999997,6045.0,0.046153846153846156,3.0,4.7,0.0,Company_0237,Healthcare,Enterprise,Paid Ads
ACC-0238,0,0.0,,5269.7508333333335,3354.0,0.06141920095408467,5.0,6.2,0.2,Company_0238,Healthcare,Enterprise,Content Marketing
ACC-0239,1,1.0,Critical,153.402,100.0,0.16,10.0,36.239999999999995,0.4,Company_0239,Education,Starter,Organic Search
ACC-0240,0,0.0,,1707.0383333333332,2846.0,0.0646521433591005,6.0,8.983333333333333,0.0,Company_0240,Technology,Custom,Direct Sales
ACC-0241,0,0.0,,2237.4216666666666,2963.0,0.06547418157273034,4.0,7.275,0.0,Company_0241,Manufacturing,Enterprise,Direct Sales
ACC-0242,0,0.0,,4086.2793333333334,4946.0,0.05762232106752932,2.0,18.0,0.0,Company_0242,Technology,Enterprise,Organic Search
ACC-0243,0,0.05,Low,6557.546666666666,0.0,0.0,5.0,7.639999999999999,0.0,Company_0243,Technology,Custom,Content Marketing
ACC-0244,1,0.995,Critical,61.05222222222223,170.0,0.34705882352941175,9.0,23.022222222222222,0.3333333333333333,Company_0244,Finance,Starter,Direct Sales
ACC-0245,0,0.0,,300.58,6261.0,0.05206835968695096,0.0,0.0,0.0,Company_0245,Finance,Professional,Content Marketing
ACC-0246,1,1.0,Critical,179.30333333333334,245.0,0.17959183673469387,8.0,39.725,0.25,Company_0246,Education,Starter,Content Marketing
ACC-0247,0,0.0,,5704.227333333333,6496.0,0.05172413793103448,0.0,0.0,0.0,Company_0247,Technology,Custom,Direct Sales
ACC-0248,0,0.0,,4842.2444444444445,3638.0,0.052776250687190766,2.0,10.15,0.0,Company_0248,Finance,Starter,Organic Search
ACC-0249,0,0.0,,1863.6585714285716,3314.0,0.06216053108026554,5.0,13.14,0.2,Company_0249,Media,Professional,Organic Search
ACC-0250,1,0.975,Critical,680.6163636363636,138.0,0.2898550724637681,3.0,13.333333333333334,0.3333333333333333,Company_0250,Finance,Starter,Partner
ACC-0251,0,0.0,,2040.221875,4730.0,0.05137420718816068,0.0,0.0,0.0,Company_0251,Media,Professional,Partner
ACC-0252,1,0.995,Critical,140.33666666666667,80.0,0.125,4.0,18.675,0.5,Company_0252,Healthcare,Professional,Referral
ACC-0253,1,0.995,Critical,63.475,8.0,0.25,4.0,13.65,0.25,Company_0253,Real Estate,Starter,Direct Sales
ACC-0254,1,0.995,Critical,86.46375,259.0,0.20077220077220076,5.0,37.22,0.2,Company_0254,Manufacturing,Starter,Organic Search
ACC-0255,1,0.875,Critical,119.59176470588235,535.0,0.18317757009345795,8.0,31.275000000000002,0.625,Company_0255,Healthcare,Professional,Event
ACC-0256,1,1.0,Critical,1490.444166666667,178.0,0.17415730337078653,4.0,42.85,0.25,Company_0256,Real Estate,Professional,Partner
ACC-0257,0,0.0,,2826.372142857143,5902.0,0.058793629278210774,6.0,11.25,0.16666666666666666,Company_0257,Media,Enterprise,Organic Search
ACC-0258,0,0.0,,137.9575,2924.0,0.041723666210670314,2.0,5.550000000000001,0.0,Company_0258,Non-Profit,Starter,Direct Sales
ACC-0259,0,0.0,,2799.5407142857143,2381.0,0.05291894162116758,0.0,0.0,0.0,Company_0259,Non-Profit,Enterprise,Organic Search
ACC-0260,1,0.995,Critical,1122.948888888889,156.0,0.19230769230769232,3.0,26.433333333333334,0.0,Company_0260,Healthcare,Enterprise,Partner
ACC-0261,0,0.01,Low,5320.485000000001,2154.0,0.04735376044568245,1.0,5.8,1.0,Company_0261,Retail,Custom,Organic Search
ACC-0262,1,0.995,Critical,5659.421666666666,166.0,0.26506024096385544,9.0,15.433333333333334,0.5555555555555556,Company_0262,Legal,Custom,Paid Ads
ACC-0263,0,0.005,Low,956.1133333333333,902.0,0.03991130820399113,4.0,6.375,0.0,Company_0263,Healthcare,Enterprise,Paid Ads
ACC-0264,1,0.995,Critical,514.68875,57.0,0.22807017543859648,7.0,24.67142857142857,0.5714285714285714,Company_0264,Non-Profit,Starter,Organic Search
ACC-0265,0,0.0,,1518.9725,4225.0,0.06059171597633136,5.0,9.42,0.0,Company_0265,Retail,Enterprise,Direct Sales
ACC-0266,0,0.0,,3637.3112499999997,4981.0,0.0509937763501305,0.0,0.0,0.0,Company_0266,Education,Professional,Direct Sales
ACC-0267,1,0.985,Critical,2468.891666666667,114.0,0.2543859649122807,11.0,22.536363636363635,0.36363636363636365,Company_0267,Retail,Professional,Organic Search
ACC-0268,0,0.0,,490.7593333333333,4065.0,0.06420664206642067,6.0,7.3,0.16666666666666666,Company_0268,Real Estate,Professional,Organic Search
ACC-0269,0,0.0,,4152.851111111111,3718.0,0.055944055944055944,4.0,6.525,0.0,Company_0269,Technology,Custom,Paid Ads
ACC-0270,1,0.955,Critical,294.19666666666666,137.0,0.15328467153284672,6.0,19.016666666666666,0.8333333333333334,Company_0270,Non-Profit,Professional,Organic Search
ACC-0271,1,0.995,Critical,414.27666666666664,339.0,0.2182890855457227,7.0,33.885714285714286,0.42857142857142855,Company_0271,Real Estate,Starter,Direct Sales
ACC-0272,1,1.0,Critical,953.617777777778,61.0,0.19672131147540983,5.0,33.0,0.6,Company_0272,Legal,Professional,Paid Ads
ACC-0273,1,1.0,Critical,106.58666666666666,85.0,0.25882352941176473,8.0,28.8375,0.375,Company_0273,Media,Starter,Organic Search
ACC-0274,0,0.0,,3392.4519999999998,3968.0,0.0637600806451613,4.0,4.275,0.0,Company_0274,Retail,Enterprise,Direct Sales
ACC-0275,1,1.0,Critical,1070.0,77.0,0.22077922077922077,5.0,22.8,0.4,Company_0275,Technology,Professional,Paid Ads
ACC-0276,0,0.0,,1884.966,4538.0,0.05090348171000441,1.0,7.5,0.0,Company_0276,Finance,Professional,Direct Sales
ACC-0277,0,0.165,Low,1698.005,0.0,0.0,3.0,6.433333333333334,0.0,Company_0277,Technology,Enterprise,Direct Sales
ACC-0278,0,0.0,,5842.231666666667,1507.0,0.054412740544127404,1.0,10.6,0.0,Company_0278,Finance,Enterprise,Referral
ACC-0279,0,0.0,,3168.4172727272726,4716.0,0.06022052586938083,0.0,0.0,0.0,Company_0279,Technology,Enterprise,Organic Search
ACC-0280,1,0.985,Critical,231.07000000000002,0.0,0.0,5.0,21.5,0.4,Company_0280,Real Estate,Professional,Direct Sales
ACC-0281,0,0.0,,55.045,1246.0,0.052969502407704656,4.0,6.300000000000001,0.0,Company_0281,Education,Starter,Content Marketing
ACC-0282,1,0.935,Critical,3482.2538461538466,281.0,0.18149466192170818,4.0,21.2,0.25,Company_0282,Healthcare,Enterprise,Paid Ads
ACC-0283,0,0.0,,59.330000000000005,1361.0,0.07053637031594416,4.0,10.525,0.0,Company_0283,Legal,Starter,Direct Sales
ACC-0284,0,0.005,Low,1017.3133333333332,1428.0,0.06862745098039216,4.0,12.25,0.0,Company_0284,Real Estate,Professional,Referral
ACC-0285,1,0.995,Critical,149.88615384615383,269.0,0.15613382899628253,11.0,28.063636363636363,0.2727272727272727,Company_0285,Technology,Starter,Organic Search
ACC-0286,1,1.0,Critical,2014.9174999999998,295.0,0.18305084745762712,7.0,22.428571428571427,0.2857142857142857,Company_0286,Retail,Professional,Referral
ACC-0287,1,0.99,Critical,295.92466666666667,279.0,0.35842293906810035,9.0,19.9,0.3333333333333333,Company_0287,Retail,Professional,Paid Ads
ACC-0288,1,0.985,Critical,428.1211764705882,267.0,0.27340823970037453,3.0,21.866666666666664,0.6666666666666666,Company_0288,Technology,Starter,Event
ACC-0289,1,0.98,Critical,32.6,7.0,0.14285714285714285,4.0,17.15,0.0,Company_0289,Healthcare,Starter,Referral
ACC-0290,1,0.99,Critical,144.61333333333334,4.0,0.5,3.0,14.033333333333331,0.0,Company_0290,Retail,Professional,Paid Ads
ACC-0291,0,0.01,Low,1037.554285714286,854.0,0.06674473067915691,3.0,10.933333333333332,0.3333333333333333,Company_0291,Technology,Starter,Organic Search
ACC-0292,0,0.005,Low,4937.006428571428,2120.0,0.0509433962264151,0.0,0.0,0.0,Company_0292,Technology,Enterprise,Direct Sales
ACC-0293,0,0.045,Low,2120.815,665.0,0.03609022556390978,4.0,5.375,0.0,Company_0293,Finance,Enterprise,Event
ACC-0294,1,0.99,Critical,2482.405,285.0,0.19298245614035087,9.0,31.04444444444444,0.0,Company_0294,Legal,Professional,Organic Search
ACC-0295,0,0.0,,2006.705,3389.0,0.05370315727353202,2.0,12.25,0.0,Company_0295,Technology,Professional,Event
ACC-0296,0,0.0,,2596.19625,5759.0,0.056954332349366206,5.0,8.68,0.2,Company_0296,Real Estate,Enterprise,Content Marketing
ACC-0297,1,0.995,Critical,137.39,338.0,0.1390532544378698,10.0,29.560000000000002,0.5,Company_0297,Legal,Professional,Content Marketing
ACC-0298,0,0.0,,4510.35,1077.0,0.052924791086350974,3.0,6.6000000000000005,0.0,Company_0298,Technology,Enterprise,Paid Ads
ACC-0299,0,0.0,,4570.028,5360.0,0.05783582089552239,4.0,6.6000000000000005,0.25,Company_0299,Real Estate,Professional,Organic Search
ACC-0300,1,1.0,Critical,205.84142857142857,113.0,0.19469026548672566,7.0,38.25714285714286,0.2857142857142857,Company_0300,Real Estate,Starter,Referral
ACC-0301,0,0.0,,766.296,1453.0,0.04955264969029594,5.0,5.46,0.0,Company_0301,Finance,Starter,Referral
ACC-0302,0,0.0,,3243.855,3511.0,0.05810310452862432,2.0,8.5,0.0,Company_0302,Technology,Professional,Direct Sales
ACC-0303,1,1.0,Critical,1454.3288235294117,180.0,0.16111111111111112,8.0,25.4375,0.375,Company_0303,Finance,Professional,Event
ACC-0304,0,0.0,,5267.8822222222225,4152.0,0.04696531791907514,1.0,6.2,0.0,Company_0304,Technology,Professional,Event
ACC-0305,0,0.0,,99.723,2034.0,0.06686332350049164,4.0,11.875,0.0,Company_0305,Retail,Starter,Content Marketing
ACC-0306,1,0.975,Critical,81.035,0.0,0.0,7.0,42.18571428571429,0.2857142857142857,Company_0306,Education,Starter,Partner
ACC-0307,1,1.0,Critical,2507.0844444444447,80.0,0.1,9.0,25.466666666666665,0.4444444444444444,Company_0307,Education,Professional,Partner
ACC-0308,1,0.985,Critical,400.33411764705886,336.0,0.23809523809523808,4.0,39.0,0.25,Company_0308,Healthcare,Starter,Paid Ads
ACC-0309,1,1.0,Critical,1455.9893333333334,299.0,0.19063545150501673,11.0,30.963636363636365,0.45454545454545453,Company_0309,Technology,Starter,Event
ACC-0310,0,0.0,,2084.7174999999997,2849.0,0.04317304317304317,6.0,10.233333333333333,0.0,Company_0310,Legal,Starter,Direct Sales
ACC-0311,0,0.005,Low,2074.7200000000003,2652.0,0.048642533936651584,3.0,16.599999999999998,0.0,Company_0311,Healthcare,Enterprise,Content Marketing
ACC-0312,0,0.0,,2796.019375,3773.0,0.047442353564802545,3.0,13.6,0.0,Company_0312,Retail,Custom,Event
ACC-0313,0,0.16,Low,52.20333333333334,0.0,0.0,3.0,8.933333333333334,0.0,Company_0313,Real Estate,Starter,Paid Ads
ACC-0314,0,0.0,,839.3612499999999,2052.0,0.06042884990253411,2.0,12.05,0.0,Company_0314,Finance,Professional,Content Marketing
ACC-0315,1,0.97,Critical,52.49,0.0,0.0,6.0,23.266666666666666,0.3333333333333333,Company_0315,Education,Starter,Paid Ads
ACC-0316,0,0.0,,5872.696666666667,3495.0,0.04978540772532189,0.0,0.0,0.0,Company_0316,Finance,Custom,Organic Search
ACC-0317,1,1.0,Critical,3549.172,272.0,0.21691176470588236,6.0,24.650000000000002,0.3333333333333333,Company_0317,Real Estate,Professional,Content Marketing
ACC-0318,1,0.89,Critical,2257.5214285714287,0.0,0.0,7.0,22.314285714285713,0.2857142857142857,Company_0318,Healthcare,Custom,Organic Search
ACC-0319,1,0.985,Critical,361.78,59.0,0.23728813559322035,3.0,39.76666666666667,0.0,Company_0319,Technology,Professional,Paid Ads
ACC-0320,1,0.985,Critical,1716.59,212.0,0.1509433962264151,7.0,32.98571428571429,0.42857142857142855,Company_0320,Media,Starter,Partner
ACC-0321,1,0.985,Critical,4065.2957142857144,329.0,0.22492401215805471,4.0,24.625,0.0,Company_0321,Technology,Enterprise,Organic Search
ACC-0322,1,1.0,Critical,917.5024999999999,18.0,0.16666666666666666,11.0,35.21818181818182,0.2727272727272727,Company_0322,Legal,Starter,Referral
ACC-0323,0,0.105,Low,4661.953333333334,229.0,0.039301310043668124,3.0,19.3,0.0,Company_0323,Healthcare,Custom,Content Marketing
ACC-0324,1,1.0,Critical,71.33125,241.0,0.2157676348547718,6.0,47.35,0.3333333333333333,Company_0324,Education,Starter,Organic Search
ACC-0325,0,0.0,,1369.2437499999999,1646.0,0.05224787363304982,5.0,7.92,0.2,Company_0325,Real Estate,Professional,Referral
ACC-0326,0,0.0,,3853.087142857143,4966.0,0.06202174788562223,6.0,11.299999999999999,0.16666666666666666,Company_0326,Healthcare,Professional,Paid Ads
ACC-0327,1,1.0,Critical,1875.6053846153845,147.0,0.21768707482993196,7.0,30.87142857142857,0.2857142857142857,Company_0327,Healthcare,Starter,Paid Ads
ACC-0328,0,0.0,,861.8175,1571.0,0.049013367281986,1.0,9.5,0.0,Company_0328,Healthcare,Professional,Direct Sales
ACC-0329,0,0.165,Low,137.025,41.0,0.07317073170731707,2.0,2.5999999999999996,0.5,Company_0329,Technology,Starter,Direct Sales
ACC-0330,0,0.0,,135.23999999999998,4887.0,0.05013300593411091,4.0,11.6,0.0,Company_0330,Education,Professional,Event
ACC-0331,0,0.005,Low,4240.37,1715.0,0.04664723032069971,4.0,16.975,0.0,Company_0331,Technology,Professional,Referral
ACC-0332,1,1.0,Critical,148.736,76.0,0.17105263157894737,7.0,27.24285714285714,0.2857142857142857,Company_0332,Real Estate,Starter,Paid Ads
ACC-0333,0,0.0,,1351.51625,2353.0,0.056523586910327245,1.0,5.9,0.0,Company_0333,Technology,Starter,Partner
ACC-0334,0,0.0,,1359.532857142857,3213.0,0.05571117335823218,3.0,18.26666666666667,0.0,Company_0334,Technology,Starter,Direct Sales
ACC-0335,1,0.985,Critical,281.745,19.0,0.15789473684210525,5.0,14.88,0.2,Company_0335,Legal,Professional,Paid Ads
ACC-0336,0,0.0,,3818.9923529411763,3156.0,0.060202788339670466,3.0,8.233333333333333,0.3333333333333333,Company_0336,Technology,Starter,Direct Sales
ACC-0337,1,0.995,Critical,1961.655294117647,356.0,0.23314606741573032,10.0,25.47,0.4,Company_0337,Retail,Starter,Organic Search
ACC-0338,0,0.0,,1115.6233333333332,2105.0,0.056532066508313536,2.0,5.449999999999999,0.0,Company_0338,Legal,Starter,Paid Ads
ACC-0339,0,0.0,,2613.842727272727,1704.0,0.04988262910798122,0.0,0.0,0.0,Company_0339,Technology,Custom,Paid Ads
ACC-0340,0,0.0,,132.47615384615386,4131.0,0.03969983054950375,1.0,8.7,0.0,Company_0340,Manufacturing,Enterprise,Direct Sales
ACC-0341,0,0.0,,1975.5942857142857,1053.0,0.06742640075973409,5.0,7.94,0.0,Company_0341,Education,Professional,Referral
ACC-0342,0,0.0,,498.31714285714287,3054.0,0.06319580877537656,5.0,15.7,0.2,Company_0342,Finance,Starter,Organic Search
ACC-0343,1,1.0,Critical,765.7217647058824,210.0,0.14761904761904762,6.0,22.98333333333333,0.5,Company_0343,Manufacturing,Professional,Content Marketing
ACC-0344,0,0.0,,3762.136,1228.0,0.07003257328990228,2.0,11.25,0.5,Company_0344,Healthcare,Enterprise,Referral
ACC-0345,1,1.0,Critical,3993.406,128.0,0.140625,10.0,15.62,0.4,Company_0345,Non-Profit,Professional,Partner
ACC-0346,0,0.0,,1351.01,5333.0,0.05962872679542471,4.0,16.1,0.0,Company_0346,Healthcare,Enterprise,Partner
ACC-0347,0,0.0,,898.71875,5893.0,0.05667741388087562,6.0,14.316666666666668,0.16666666666666666,Company_0347,Education,Professional,Organic Search
ACC-0348,1,0.89,Critical,89.695,0.0,0.0,3.0,30.900000000000002,0.0,Company_0348,Real Estate,Starter,Organic Search
ACC-0349,0,0.0,,2533.5183333333334,2171.0,0.05665591893136803,4.0,10.55,0.25,Company_0349,Technology,Enterprise,Paid Ads
ACC-0350,1,0.985,Critical,280.855,0.0,0.0,7.0,26.114285714285717,0.42857142857142855,Company_0350,Legal,Professional,Partner
ACC-0351,1,1.0,Critical,5064.739,151.0,0.1390728476821192,8.0,53.75000000000001,0.375,Company_0351,Healthcare,Custom,Content Marketing
ACC-0352,0,0.0,,4947.116470588235,3585.0,0.05913528591352859,0.0,0.0,0.0,Company_0352,Manufacturing,Custom,Referral
ACC-0353,1,0.985,Critical,200.4433333333333,0.0,0.0,10.0,29.630000000000003,0.5,Company_0353,Retail,Professional,Organic Search
ACC-0354,0,0.0,,4315.589333333333,3555.0,0.058790436005625876,6.0,7.716666666666666,0.16666666666666666,Company_0354,Manufacturing,Custom,Event
ACC-0355,0,0.03,Low,3182.0285714285715,6358.0,0.050959421201635734,1.0,30.5,0.0,Company_0355,Media,Professional,Partner
ACC-0356,0,0.0,,1720.6791666666668,4321.0,0.056236982180050916,1.0,7.2,1.0,Company_0356,Legal,Professional,Paid Ads
ACC-0357,1,1.0,Critical,50.76333333333333,77.0,0.18181818181818182,9.0,30.577777777777776,0.6666666666666666,Company_0357,Technology,Starter,Content Marketing
ACC-0358,0,0.01,Low,3726.305882352941,1940.0,0.04536082474226804,1.0,17.8,0.0,Company_0358,Healthcare,Custom,Content Marketing
ACC-0359,1,1.0,Critical,205.63,30.0,0.26666666666666666,4.0,30.875,0.25,Company_0359,Manufacturing,Starter,Organic Search
ACC-0360,0,0.08,Low,82.42,342.0,0.043859649122807015,6.0,9.299999999999999,0.16666666666666666,Company_0360,Education,Starter,Direct Sales
ACC-0361,0,0.0,,600.2966666666667,2264.0,0.06051236749116608,6.0,9.666666666666666,0.16666666666666666,Company_0361,Technology,Starter,Direct Sales
ACC-0362,0,0.03,Low,178.921,1994.0,0.055165496489468405,1.0,17.5,0.0,Company_0362,Education,Professional,Partner
ACC-0363,1,1.0,Critical,2551.19125,201.0,0.19900497512437812,9.0,49.22222222222222,0.2222222222222222,Company_0363,Real Estate,Professional,Content Marketing
ACC-0364,1,0.97,Critical,135.96833333333333,196.0,0.1683673469387755,5.0,23.520000000000003,0.2,Company_0364,Healthcare,Starter,Partner
ACC-0365,0,0.095,Low,2899.666,304.0,0.039473684210526314,1.0,30.9,0.0,Company_0365,Real Estate,Enterprise,Organic Search
ACC-0366,0,0.085,Low,52.50333333333333,380.0,0.034210526315789476,6.0,13.433333333333332,0.0,Company_0366,Technology,Starter,Partner
ACC-0367,1,0.995,Critical,157.69,115.0,0.19130434782608696,10.0,32.93,0.0,Company_0367,Education,Starter,Partner
ACC-0368,1,0.995,Critical,60.857272727272736,193.0,0.19689119170984457,5.0,32.3,0.6,Company_0368,Technology,Starter,Event
ACC-0369,0,0.01,Low,2453.1189999999997,634.0,0.052050473186119876,1.0,20.0,0.0,Company_0369,Media,Enterprise,Content Marketing
ACC-0370,1,0.875,Critical,437.5241176470588,593.0,0.2057335581787521,10.0,33.0,0.4,Company_0370,Finance,Professional,Direct Sales
ACC-0371,0,0.0,,2587.027777777778,3781.0,0.05527638190954774,2.0,8.75,0.0,Company_0371,Education,Enterprise,Organic Search
ACC-0372,0,0.0,,184.95285714285714,4284.0,0.04971988795518207,1.0,13.4,1.0,Company_0372,Non-Profit,Professional,Organic Search
ACC-0373,0,0.0,,608.1135714285714,3069.0,0.04626914304333659,0.0,0.0,0.0,Company_0373,Finance,Professional,Content Marketing
ACC-0374,1,1.0,Critical,222.78538461538463,140.0,0.17857142857142858,6.0,23.03333333333333,0.3333333333333333,Company_0374,Real Estate,Starter,Content Marketing
ACC-0375,1,0.995,Critical,122.12785714285714,233.0,0.296137339055794,8.0,27.2,0.375,Company_0375,Technology,Professional,Direct Sales
ACC-0376,0,0.0,,2456.968,3421.0,0.05378544285296697,4.0,8.8,0.0,Company_0376,Legal,Starter,Referral
ACC-0377,0,0.01,Low,2818.742,989.0,0.03842264914054601,0.0,0.0,0.0,Company_0377,Non-Profit,Enterprise,Paid Ads
ACC-0378,0,0.0,,2199.853846153846,3227.0,0.07468236752401611,6.0,7.983333333333333,0.16666666666666666,Company_0378,Real Estate,Professional,Content Marketing
ACC-0379,0,0.01,Low,865.872,1078.0,0.0640074211502783,2.0,16.3,0.0,Company_0379,Technology,Enterprise,Paid Ads
ACC-0380,1,0.995,Critical,424.85,0.0,0.0,5.0,20.220000000000002,0.4,Company_0380,Legal,Professional,Organic Search
ACC-0381,0,0.0,,6693.277777777777,1876.0,0.055970149253731345,0.0,0.0,0.0,Company_0381,Finance,Custom,Referral
ACC-0382,0,0.01,Low,58.78999999999999,1535.0,0.04104234527687296,6.0,8.583333333333334,0.16666666666666666,Company_0382,Technology,Starter,Direct Sales
ACC-0383,0,0.055,Low,80.0957142857143,523.0,0.045889101338432124,4.0,11.275,0.0,Company_0383,Manufacturing,Starter,Partner
ACC-0384,1,0.995,Critical,497.76733333333334,211.0,0.21800947867298578,8.0,17.6125,0.25,Company_0384,Technology,Starter,Event
ACC-0385,1,1.0,Critical,1033.79,98.0,0.12244897959183673,8.0,30.1125,0.25,Company_0385,Healthcare,Professional,Paid Ads
ACC-0386,1,0.995,Critical,4386.512352941177,273.0,0.16483516483516483,5.0,15.7,0.6,Company_0386,Education,Professional,Organic Search
ACC-0387,0,0.015,Low,521.0657142857143,986.0,0.0872210953346856,2.0,6.15,0.0,Company_0387,Retail,Starter,Referral
ACC-0388,1,1.0,Critical,211.77599999999998,168.0,0.17261904761904762,6.0,25.333333333333332,0.5,Company_0388,Education,Professional,Paid Ads
ACC-0389,1,0.965,Critical,5188.925,0.0,0.0,8.0,28.65,0.125,Company_0389,Retail,Custom,Paid Ads
ACC-0390,0,0.0,,399.66285714285715,3488.0,0.05217889908256881,5.0,9.26,0.2,Company_0390,Finance,Starter,Partner
ACC-0391,0,0.0,,3143.488125,2834.0,0.05786873676781934,2.0,9.75,0.5,Company_0391,Legal,Custom,Direct Sales
ACC-0392,1,1.0,Critical,105.44818181818182,218.0,0.3073394495412844,11.0,18.245454545454546,0.36363636363636365,Company_0392,Real Estate,Professional,Paid Ads
ACC-0393,1,1.0,Critical,78.61666666666666,41.0,0.4146341463414634,7.0,20.714285714285715,0.42857142857142855,Company_0393,Education,Starter,Direct Sales
ACC-0394,1,0.93,Critical,140.575,0.0,0.0,7.0,15.257142857142856,0.2857142857142857,Company_0394,Healthcare,Starter,Paid Ads
ACC-0395,0,0.01,Low,248.76400000000004,409.0,0.05378973105134474,0.0,0.0,0.0,Company_0395,Healthcare,Professional,Partner
ACC-0396,0,0.02,Low,1463.6575,1401.0,0.06923625981441828,5.0,10.26,0.2,Company_0396,Education,Enterprise,Partner
ACC-0397,0,0.0,,907.9627272727273,1318.0,0.05083459787556904,6.0,12.583333333333334,0.0,Company_0397,Media,Enterprise,Paid Ads
ACC-0398,0,0.0,,50.592,1296.0,0.05632716049382716,2.0,2.6500000000000004,0.0,Company_0398,Legal,Starter,Partner
ACC-0399,1,0.995,Critical,1470.2335714285714,340.0,0.21176470588235294,8.0,18.2375,0.25,Company_0399,Healthcare,Starter,Organic Search
ACC-0400,1,0.98,Critical,3071.70125,154.0,0.14935064935064934,4.0,13.399999999999999,0.5,Company_0400,Healthcare,Professional,Organic Search
ACC-0401,1,1.0,Critical,247.28923076923078,223.0,0.21076233183856502,11.0,20.7,0.2727272727272727,Company_0401,Technology,Enterprise,Direct Sales
ACC-0402,0,0.0,,1091.24,686.0,0.0597667638483965,2.0,11.0,0.0,Company_0402,Real Estate,Starter,Partner
ACC-0403,0,0.02,Low,594.1671428571428,2046.0,0.04985337243401759,6.0,13.35,0.0,Company_0403,Legal,Enterprise,Content Marketing
ACC-0404,0,0.0,,214.12066666666666,5602.0,0.04534094966083541,4.0,8.85,0.0,Company_0404,Technology,Professional,Partner
ACC-0405,0,0.18,Low,266.615,0.0,0.0,3.0,2.8666666666666667,0.0,Company_0405,Real Estate,Professional,Referral
ACC-0406,0,0.01,Low,1493.441111111111,3103.0,0.05414115372220432,1.0,4.8,0.0,Company_0406,Finance,Enterprise,Referral
ACC-0407,1,1.0,Critical,164.24875,79.0,0.1518987341772152,8.0,23.1375,0.5,Company_0407,Healthcare,Professional,Paid Ads
ACC-0408,1,0.99,Critical,2892.968888888889,345.0,0.23478260869565218,9.0,22.044444444444444,0.4444444444444444,Company_0408,Retail,Starter,Paid Ads
ACC-0409,1,1.0,Critical,2844.209090909091,215.0,0.20465116279069767,7.0,58.94285714285714,0.5714285714285714,Company_0409,Media,Professional,Event
ACC-0410,1,0.99,Critical,1430.47,5.0,0.2,5.0,28.979999999999997,0.8,Company_0410,Healthcare,Professional,Partner
ACC-0411,1,1.0,Critical,333.338,21.0,0.2857142857142857,9.0,45.144444444444446,0.3333333333333333,Company_0411,Education,Starter,Paid Ads
ACC-0412,0,0.0,,725.3292857142858,4670.0,0.055032119914346894,3.0,3.6333333333333333,0.0,Company_0412,Media,Professional,Direct Sales
ACC-0413,1,1.0,Critical,69.375,52.0,0.17307692307692307,9.0,30.577777777777776,0.2222222222222222,Company_0413,Education,Starter,Direct Sales
ACC-0414,0,0.0,,4655.23,1725.0,0.044057971014492756,1.0,8.7,0.0,Company_0414,Real Estate,Starter,Organic Search
ACC-0415,1,1.0,Critical,933.5742857142858,156.0,0.16666666666666666,8.0,24.5125,0.125,Company_0415,Finance,Professional,Organic Search
ACC-0416,0,0.0,,3306.248,4687.0,0.06059312993385961,2.0,3.85,0.0,Company_0416,Real Estate,Custom,Partner
ACC-0417,1,0.99,Critical,362.34888888888895,328.0,0.2652439024390244,10.0,19.31,0.3,Company_0417,Retail,Starter,Event
ACC-0418,1,1.0,Critical,415.43285714285713,190.0,0.20526315789473684,11.0,23.12727272727273,0.18181818181818182,Company_0418,Finance,Professional,Paid Ads
ACC-0419,0,0.0,,6050.204285714286,3560.0,0.05758426966292135,0.0,0.0,0.0,Company_0419,Real Estate,Enterprise,Content Marketing
ACC-0420,0,0.025,Low,2680.4,1525.0,0.05245901639344262,2.0,10.75,0.0,Company_0420,Technology,Enterprise,Partner
ACC-0421,0,0.0,,3052.070625,4019.0,0.05598407564070664,5.0,7.540000000000001,0.0,Company_0421,Media,Enterprise,Paid Ads
ACC-0422,0,0.025,Low,1424.8871428571426,0.0,0.0,6.0,8.700000000000001,0.0,Company_0422,Real Estate,Professional,Partner
ACC-0423,0,0.005,Low,54.47,2095.0,0.06014319809069212,3.0,6.366666666666667,0.6666666666666666,Company_0423,Technology,Starter,Direct Sales
ACC-0424,0,0.0,,131.37125,924.0,0.05519480519480519,0.0,0.0,0.0,Company_0424,Real Estate,Professional,Direct Sales
ACC-0425,1,0.985,Critical,137.66714285714286,433.0,0.23325635103926096,6.0,22.71666666666667,0.3333333333333333,Company_0425,Legal,Starter,Direct Sales
ACC-0426,1,0.99,Critical,44.21666666666667,62.0,0.24193548387096775,9.0,26.733333333333334,0.1111111111111111,Company_0426,Education,Starter,Referral
ACC-0427,0,0.0,,2538.523076923077,4345.0,0.05431530494821634,4.0,4.1,0.5,Company_0427,Media,Custom,Referral
ACC-0428,1,1.0,Critical,586.99375,173.0,0.16184971098265896,8.0,18.3875,0.25,Company_0428,Retail,Enterprise,Referral
ACC-0429,0,0.015,Low,4361.464285714285,1034.0,0.07156673114119923,5.0,8.2,0.0,Company_0429,Manufacturing,Enterprise,Content Marketing
ACC-0430,0,0.0,,3505.6675,3705.0,0.055870445344129556,6.0,6.216666666666666,0.16666666666666666,Company_0430,Legal,Enterprise,Event
ACC-0431,0,0.0,,4358.656666666667,4872.0,0.04700328407224959,5.0,11.74,0.0,Company_0431,Manufacturing,Professional,Referral
ACC-0432,0,0.0,,194.686,3853.0,0.05813651699974046,4.0,6.675,0.25,Company_0432,Finance,Starter,Paid Ads
ACC-0433,0,0.0,,60.48666666666667,1379.0,0.05656272661348803,6.0,9.766666666666667,0.16666666666666666,Company_0433,Finance,Starter,Referral
ACC-0434,0,0.005,Low,2591.4533333333334,902.0,0.052106430155210645,5.0,14.279999999999998,0.0,Company_0434,Non-Profit,Enterprise,Referral
ACC-0435,0,0.025,Low,314.08,444.0,0.07882882882882883,0.0,0.0,0.0,Company_0435,Real Estate,Professional,Paid Ads
ACC-0436,0,0.0,,2919.70125,6457.0,0.05854111816633111,4.0,11.95,0.0,Company_0436,Retail,Custom,Referral
ACC-0437,1,0.985,Critical,2188.4030769230767,253.0,0.1857707509881423,4.0,19.6,0.0,Company_0437,Finance,Professional,Organic Search
ACC-0438,0,0.005,Low,2370.233333333333,2060.0,0.05728155339805825,4.0,10.325,0.25,Company_0438,Manufacturing,Enterprise,Organic Search
ACC-0439,0,0.0,,125.9825,3215.0,0.06687402799377916,4.0,9.375,0.0,Company_0439,Technology,Professional,Direct Sales
ACC-0440,0,0.01,Low,758.0666666666666,920.0,0.03804347826086957,4.0,10.975,0.0,Company_0440,Manufacturing,Professional,Content Marketing
ACC-0441,1,1.0,Critical,74.64,30.0,0.1,9.0,26.0,0.2222222222222222,Company_0441,Education,Starter,Paid Ads
ACC-0442,0,0.0,,650.9321428571428,1959.0,0.05768249106687085,6.0,10.200000000000001,0.16666666666666666,Company_0442,Healthcare,Professional,Partner
ACC-0443,0,0.0,,1357.365294117647,3931.0,0.05367590943780209,0.0,0.0,0.0,Company_0443,Healthcare,Starter,Event
ACC-0444,0,0.0,,1045.34,4273.0,0.062017318043529134,5.0,9.3,0.0,Company_0444,Media,Professional,Paid Ads
ACC-0445,0,0.02,Low,84.5,650.0,0.06,2.0,14.65,0.0,Company_0445,Non-Profit,Starter,Referral
ACC-0446,0,0.0,,4979.572307692308,4574.0,0.05640577175338872,3.0,9.733333333333333,0.0,Company_0446,Technology,Custom,Referral
ACC-0447,1,0.985,Critical,95.5,0.0,0.0,11.0,22.509090909090908,0.18181818181818182,Company_0447,Healthcare,Starter,Paid Ads
ACC-0448,0,0.005,Low,4591.258235294117,4154.0,0.046461242176215695,1.0,15.7,0.0,Company_0448,Finance,Enterprise,Organic Search
ACC-0449,0,0.0,,2035.4768749999998,6137.0,0.07772527293465863,4.0,9.225,0.5,Company_0449,Technology,Starter,Referral
ACC-0450,0,0.0,,597.2985714285714,6619.0,0.05302915848315456,1.0,7.4,0.0,Company_0450,Finance,Starter,Organic Search
ACC-0451,0,0.01,Low,151.92714285714285,1312.0,0.06173780487804878,2.0,12.1,0.0,Company_0451,Finance,Professional,Organic Search
ACC-0452,0,0.0,,1523.6242857142859,3700.0,0.04594594594594595,3.0,6.300000000000001,0.3333333333333333,Company_0452,Real Estate,Enterprise,Partner
ACC-0453,0,0.0,,509.205,3287.0,0.055369637967751746,5.0,9.42,0.2,Company_0453,Healthcare,Professional,Direct Sales
ACC-0454,0,0.0,,2688.752,2524.0,0.07408874801901744,0.0,0.0,0.0,Company_0454,Technology,Professional,Referral
ACC-0455,1,1.0,Critical,869.6790000000001,176.0,0.18181818181818182,8.0,18.9625,0.625,Company_0455,Technology,Professional,Partner
ACC-0456,1,0.985,Critical,137.67470588235292,113.0,0.23008849557522124,3.0,33.13333333333333,0.3333333333333333,Company_0456,Real Estate,Professional,Content Marketing
ACC-0457,0,0.0,,260.11,2685.0,0.04320297951582868,2.0,12.35,0.0,Company_0457,Real Estate,Starter,Partner
ACC-0458,1,0.995,Critical,149.450625,250.0,0.256,3.0,25.766666666666666,0.3333333333333333,Company_0458,Finance,Starter,Organic Search
ACC-0459,0,0.08,Low,4882.562,133.0,0.045112781954887216,6.0,4.166666666666667,0.16666666666666666,Company_0459,Healthcare,Enterprise,Content Marketing
ACC-0460,1,1.0,Critical,4552.3275,184.0,0.23369565217391305,11.0,28.927272727272726,0.18181818181818182,Company_0460,Healthcare,Custom,Paid Ads
ACC-0461,0,0.0,,217.27599999999998,3870.0,0.05788113695090439,0.0,0.0,0.0,Company_0461,Healthcare,Professional,Referral
ACC-0462,1,1.0,Critical,3940.9753846153844,195.0,0.18461538461538463,8.0,29.2125,0.875,Company_0462,Media,Enterprise,Paid Ads
ACC-0463,0,0.0,,3034.718235294118,4258.0,0.05237200563644904,4.0,10.775,0.0,Company_0463,Healthcare,Professional,Referral
ACC-0464,0,0.0,,1746.095,4018.0,0.05151816824290692,2.0,5.6,0.0,Company_0464,Healthcare,Custom,Event
ACC-0465,0,0.0,,2565.8317647058825,6261.0,0.05366554863440345,0.0,0.0,0.0,Company_0465,Healthcare,Starter,Direct Sales
ACC-0466,0,0.0,,4109.218666666667,3613.0,0.05507888181566565,5.0,8.24,0.0,Company_0466,Healthcare,Professional,Partner
ACC-0467,1,1.0,Critical,106.62727272727271,273.0,0.1794871794871795,6.0,27.650000000000002,0.5,Company_0467,Legal,Starter,Paid Ads
ACC-0468,1,1.0,Critical,1006.1949999999999,61.0,0.11475409836065574,5.0,22.78,0.0,Company_0468,Healthcare,Starter,Paid Ads
ACC-0469,0,0.0,,3944.099333333333,8712.0,0.058654729109274564,0.0,0.0,0.0,Company_0469,Healthcare,Professional,Partner
ACC-0470,0,0.0,,342.1011111111111,2163.0,0.05917706888580675,3.0,8.833333333333332,0.0,Company_0470,Technology,Professional,Direct Sales
ACC-0471,1,0.945,Critical,611.8178571428572,433.0,0.23556581986143188,10.0,26.439999999999998,0.2,Company_0471,Technology,Starter,Content Marketing
ACC-0472,0,0.0,,150.74714285714285,4567.0,0.05693015108386249,1.0,6.1,0.0,Company_0472,Technology,Starter,Partner
ACC-0473,0,0.05,Low,2761.539166666667,1336.0,0.10104790419161677,1.0,9.2,0.0,Company_0473,Healthcare,Custom,Organic Search
ACC-0474,1,1.0,Critical,248.52,215.0,0.19069767441860466,8.0,35.65,0.375,Company_0474,Media,Starter,Organic Search
ACC-0475,0,0.0,,406.998,3386.0,0.05109273479031305,1.0,4.4,0.0,Company_0475,Real Estate,Starter,Direct Sales
ACC-0476,1,1.0,Critical,166.75076923076924,288.0,0.17708333333333334,3.0,21.066666666666666,0.0,Company_0476,Education,Starter,Content Marketing
ACC-0477,0,0.03,Low,238.91799999999998,0.0,0.0,0.0,0.0,0.0,Company_0477,Non-Profit,Professional,Direct Sales
ACC-0478,1,0.975,Critical,1025.22375,112.0,0.08928571428571429,7.0,29.485714285714288,0.5714285714285714,Company_0478,Manufacturing,Professional,Content Marketing
ACC-0479,1,1.0,Critical,1570.54,90.0,0.2222222222222222,8.0,16.55,0.5,Company_0479,Finance,Enterprise,Content Marketing
ACC-0480,0,0.005,Low,3257.2715384615385,1294.0,0.05332302936630603,1.0,2.3,0.0,Company_0480,Education,Enterprise,Content Marketing
ACC-0481,0,0.0,,740.5780000000001,769.0,0.05981794538361508,0.0,0.0,0.0,Company_0481,Education,Professional,Organic Search
ACC-0482,0,0.0,,183.9676923076923,2670.0,0.05805243445692884,4.0,6.775,0.0,Company_0482,Technology,Professional,Direct Sales
ACC-0483,0,0.0,,2159.9280000000003,2328.0,0.05197594501718213,1.0,8.3,1.0,Company_0483,Technology,Enterprise,Content Marketing
ACC-0484,0,0.045,Low,276.43666666666667,4100.0,0.09439024390243902,4.0,11.4,0.0,Company_0484,Finance,Professional,Organic Search
ACC-0485,0,0.0,,1734.486,2363.0,0.059669911129919595,6.0,12.15,0.16666666666666666,Company_0485,Healthcare,Enterprise,Partner
ACC-0486,0,0.0,,128.818,4903.0,0.05996328778299,2.0,5.5,0.0,Company_0486,Education,Starter,Paid Ads
ACC-0487,1,1.0,Critical,1051.5985714285714,201.0,0.14925373134328357,9.0,16.4,0.2222222222222222,Company_0487,Education,Professional,Organic Search
ACC-0488,1,1.0,Critical,68.72916666666667,164.0,0.25609756097560976,6.0,27.433333333333334,0.3333333333333333,Company_0488,Manufacturing,Starter,Organic Search
ACC-0489,1,0.975,Critical,1342.6833333333334,0.0,0.0,8.0,63.925000000000004,0.5,Company_0489,Technology,Professional,Referral
ACC-0490,1,1.0,Critical,5546.804545454546,88.0,0.26136363636363635,8.0,32.65,0.375,Company_0490,Real Estate,Professional,Paid Ads
ACC-0491,1,1.0,Critical,138.38333333333333,197.0,0.18274111675126903,7.0,29.071428571428573,0.42857142857142855,Company_0491,Retail,Starter,Event
ACC-0492,0,0.0,,3143.7400000000002,6307.0,0.051054384017758046,5.0,7.06,0.0,Company_0492,Finance,Professional,Partner
ACC-0493,0,0.0,,4781.675,3123.0,0.06372078130003202,5.0,6.32,0.2,Company_0493,Real Estate,Custom,Organic Search
ACC-0494,0,0.01,Low,394.63,1563.0,0.0780550223928343,2.0,14.25,0.5,Company_0494,Legal,Starter,Referral
ACC-0495,0,0.0,,1580.128888888889,2698.0,0.06449221645663454,4.0,16.6,0.0,Company_0495,Education,Professional,Direct Sales
ACC-0496,0,0.01,Low,675.7966666666666,1687.0,0.04919976289270895,6.0,13.416666666666666,0.0,Company_0496,Legal,Enterprise,Referral
ACC-0497,1,1.0,Critical,4020.549285714286,222.0,0.2072072072072072,11.0,39.845454545454544,0.5454545454545454,Company_0497,Non-Profit,Professional,Referral
ACC-0498,0,0.01,Low,71.88499999999999,883.0,0.06568516421291053,3.0,8.799999999999999,0.3333333333333333,Company_0498,Finance,Starter,Referral
ACC-0499,1,0.995,Critical,1146.9933333333333,26.0,0.11538461538461539,5.0,18.86,0.0,Company_0499,Media,Enterprise,Paid Ads
ACC-0500,1,0.96,Critical,34.79,129.0,0.2248062015503876,10.0,30.45,0.2,Company_0500,Technology,Starter,Event
