platform,tier,content_category,day_of_week,ER_org,G_org,posts_org,ER_spon,G_spon,posts_spon,lift_G
Bilibili,Mega,beauty,Friday,19.96667416768213,1.0030071829153864,183,19.969297300361387,1.003138953529608,121,1.0001313755439305
Bilibili,Mega,beauty,Monday,19.916585739314357,1.000491037611872,171,19.85909294467892,0.9976029409012763,135,0.9971133207574857
Bilibili,Mega,beauty,Saturday,19.90924735391332,1.0001224006918508,188,19.856096489231856,0.9974524167673392,128,0.9973303428433714
Bilibili,Mega,beauty,Sunday,19.961620375603548,1.0027533104019573,198,19.844899850719205,0.9968899641145648,120,0.9941527529985993
Bilibili,Mega,beauty,Thursday,19.93780027228065,1.0015567298132217,163,19.854820473435606,0.9973883173084908,128,0.9958380665012272
Bilibili,Mega,beauty,Tuesday,19.905099017275493,0.9999140128847502,178,19.876531872970702,0.9984789691367304,137,0.9985648328460967
Bilibili,Mega,beauty,Wednesday,19.88154126422679,0.9987306112164124,189,19.951486105740997,1.0022442248436725,132,1.0035180794378382
Bilibili,Mega,lifestyle,Friday,19.899323550819695,0.9996238877346528,173,19.886732654535155,0.9989913958480883,116,0.9993672701359729
Bilibili,Mega,lifestyle,Monday,19.909497638410244,1.000134973499224,166,19.866313427832388,0.9979656551122775,142,0.9978309743740322
Bilibili,Mega,lifestyle,Saturday,19.956802379910812,1.0025112828992049,156,19.880762641144628,0.9986914978148699,130,0.996189783447336
Bilibili,Mega,lifestyle,Sunday,19.98084350576404,1.0037189663478179,168,19.901676735912513,0.9997420977846091,137,0.9960378664780251
Bilibili,Mega,lifestyle,Thursday,19.95428974367206,1.0023850629702193,171,19.952478318903513,1.002294067742927,139,0.9999092212856577
Bilibili,Mega,lifestyle,Tuesday,19.85463104509905,0.9973788015533572,150,19.879203441528748,0.9986131728819745,132,1.0012376153640872
Bilibili,Mega,lifestyle,Wednesday,19.904831212422998,0.9999005599587191,165,19.942071256411026,1.001771278702281,112,1.0018709047864112
Bilibili,Mega,tech,Friday,19.850064859897717,0.9971494235148818,83,19.903997400994783,0.9998586742222828,52,1.0027169957114863
Bilibili,Mega,tech,Monday,19.893276251377227,0.9993201073089745,77,19.94725699091335,1.0020317792198354,64,1.0027135168111079
Bilibili,Mega,tech,Saturday,19.862185908768087,0.9977583130564927,75,19.857728539118888,0.9975344012653995,56,0.9997755851410476
Bilibili,Mega,tech,Sunday,19.93031730845708,1.0011808301315066,92,19.85547988554104,0.9974214422582294,48,0.9962450460894428
Bilibili,Mega,tech,Thursday,19.923333795517117,1.0008300198973166,97,19.84499241238376,0.9968946138631224,67,0.9960678577221356
Bilibili,Mega,tech,Tuesday,19.88702772135041,0.9990062182532947,95,20.005796976137262,1.0049724805692057,67,1.0059721973766516
Bilibili,Mega,tech,Wednesday,19.93190900754982,1.0012607876451944,92,19.993284648432322,1.0043439355016774,72,1.003079265556513
Bilibili,Micro,beauty,Friday,19.927056353114487,1.000973299395223,40,19.796194045906116,0.9943998410232663,24,0.9934329333500421
Bilibili,Micro,beauty,Monday,20.057618340583833,1.0075316721451633,31,19.991523051203433,1.0042115821773723,19,0.9967047289335113
Bilibili,Micro,beauty,Saturday,19.786401255116374,0.993907930831746,27,19.934663187381684,1.0013554049034057,16,1.007493122693394
Bilibili,Micro,beauty,Sunday,19.93123846491497,1.0011833746904995,38,19.827349529592464,0.9959648392220547,22,0.9947876327150779
Bilibili,Micro,beauty,Thursday,19.961526999296893,1.002704824404741,33,19.810296509279333,0.9951082341267004,23,0.9924239017374327
Bilibili,Micro,beauty,Tuesday,19.934433033201575,1.0013438438286062,36,19.910861424118583,1.0001597978311565,24,0.9988175430400386
Bilibili,Micro,beauty,Wednesday,19.984996219499543,1.0038837272172882,24,19.755371240903177,0.9923492351991917,18,0.9885101314969319
Bilibili,Micro,lifestyle,Friday,19.916161078923814,1.0004260094010966,38,19.87276709356219,0.9982462483801194,25,0.9978211671822866
Bilibili,Micro,lifestyle,Monday,20.024357122689416,1.0058608989798896,35,19.78130799875871,0.9936520870417423,24,0.9878623257445149
Bilibili,Micro,lifestyle,Saturday,19.9531029438903,1.0022816683507205,30,19.953537319753757,1.0023034878625199,26,1.0000217698402438
Bilibili,Micro,lifestyle,Sunday,19.898390743497515,0.999533372226402,32,20.06547769362716,1.0079264621436197,22,1.0083970081944562
Bilibili,Micro,lifestyle,Thursday,19.986437170182395,1.0039561088643174,32,20.057499371823123,1.0075256961218702,28,1.0035555212285034
Bilibili,Micro,lifestyle,Tuesday,20.044283236682485,1.0068618249427779,36,20.009830223735083,1.0051311856836243,28,0.9982811551532883
Bilibili,Micro,lifestyle,Wednesday,19.82396268898132,0.9957947118855839,36,19.999302125949548,1.004602339646859,24,1.0088448227894258
Bilibili,Micro,tech,Friday,19.971541972006456,1.0032078952095203,23,20.20028098971765,1.014697883755822,10,1.0114532477277824
Bilibili,Micro,tech,Monday,19.927079437856044,1.0009744589849543,19,19.632210258975338,0.9861626287956926,13,0.9852025892805679
Bilibili,Micro,tech,Saturday,19.895464714553846,0.9993863923215948,17,19.973688738783714,1.0033157313186767,15,1.0039317515500226
Bilibili,Micro,tech,Sunday,19.893377025784293,0.9992815238112269,15,19.81151009476693,0.9951691947948539,7,0.9958847142488048
Bilibili,Micro,tech,Thursday,20.028590869264782,1.006073567986453,16,19.797172689664542,0.9944490001290793,16,0.9884456085247931
Bilibili,Micro,tech,Tuesday,19.806743281997772,0.9949297488766715,13,19.932823627066632,1.0012630003492475,16,1.0063655262893954
Bilibili,Micro,tech,Wednesday,19.992524185308298,1.0042618710153384,13,19.831238426943695,0.996160185807305,17,0.9919326965985055
Bilibili,Mid/Macro,beauty,Friday,19.909324090030957,1.0002558795726573,138,19.86175927224988,0.9978661958028229,107,0.9976109275450045
Bilibili,Mid/Macro,beauty,Monday,19.893984369694742,0.9994852032107719,131,19.903210093184704,0.9999487088587999,99,1.000463744382147
Bilibili,Mid/Macro,beauty,Saturday,19.904934327828332,1.000035335397815,148,19.892614698573134,0.999416390146789,80,0.9993810766188778
Bilibili,Mid/Macro,beauty,Sunday,19.887078310672276,0.9991382388381665,150,19.91536863123184,1.0005595607949913,107,1.0014225478533156
Bilibili,Mid/Macro,beauty,Thursday,19.924908514871756,1.001038850029428,162,19.86777403401271,0.9981683808890816,93,0.9971325097519821
Bilibili,Mid/Macro,beauty,Tuesday,19.82859785994955,0.9962001473986506,133,19.938797093848258,1.0017366202157656,105,1.0055575908431376
Bilibili,Mid/Macro,beauty,Wednesday,19.930560275183087,1.0013227977142303,122,19.91898351925358,1.0007411748458446,90,0.9994191454846395
Bilibili,Mid/Macro,lifestyle,Friday,19.877556102019422,0.9986598376052336,142,19.98398088648986,1.0040066799147678,86,1.0053540175625324
Bilibili,Mid/Macro,lifestyle,Monday,19.930686697746257,1.0013291492564298,126,19.933270383173255,1.0014589550965296,121,1.0001296335377794
Bilibili,Mid/Macro,lifestyle,Saturday,19.84941054192552,0.997245788497364,154,19.861661276033654,0.9978612724166237,91,1.000617183773909
Bilibili,Mid/Macro,lifestyle,Sunday,19.869454663593306,0.99825281668468,146,19.93716292728182,1.0016545187486896,104,1.0034076558634786
Bilibili,Mid/Macro,lifestyle,Thursday,19.91270993360389,1.0004259862988234,151,19.843916777942514,0.9969697786388607,100,0.996545264010235
Bilibili,Mid/Macro,lifestyle,Tuesday,19.8629224608878,0.9979246350682076,125,19.93096869151126,1.0013433167851804,103,1.0034257914844833
Bilibili,Mid/Macro,lifestyle,Wednesday,19.91254067792746,1.0004174827964076,115,19.86385612368555,0.997971542823527,95,0.9975550807388495
Bilibili,Mid/Macro,tech,Friday,19.918746896980927,1.0007292868069342,87,19.991706699910452,1.0043948292192586,54,1.0036628711287348
Bilibili,Mid/Macro,tech,Monday,19.975639169663292,1.0035875872693434,58,19.959423264047842,1.002772890855688,53,0.9991882159325306
Bilibili,Mid/Macro,tech,Saturday,19.914610674505226,1.0005214806136236,75,19.898582994542057,0.9997162407648688,41,0.9991951798493512
Bilibili,Mid/Macro,tech,Sunday,19.877404521996713,0.9986522221378146,79,19.915726448598598,1.000577537745052,53,1.0019279140070565
Bilibili,Mid/Macro,tech,Thursday,19.892458822203224,0.9994085588284185,71,20.015185925800328,1.0055744390160535,60,1.0061695291011548
Bilibili,Mid/Macro,tech,Tuesday,19.879829182828367,0.9987740384908894,78,19.93185557284585,1.001387874212916,67,1.0026170441173823
Bilibili,Mid/Macro,tech,Wednesday,19.895351056321893,0.9995538663320392,83,19.889348047754027,0.9992522717330474,57,0.9996982707894487
Instagram,Mega,beauty,Friday,19.870263355299386,0.9994357514400375,195,19.858929300140122,0.9988656704233742,132,0.9994295971343411
Instagram,Mega,beauty,Monday,19.885608101761356,1.0002075624591795,174,19.867409773466356,0.9992922218021765,138,0.999084849293928
Instagram,Mega,beauty,Saturday,19.877671014454354,0.9998083423444245,168,19.943538241783045,1.003121336272256,134,1.003313629010199
Instagram,Mega,beauty,Sunday,19.904589887240853,1.0011623094947448,167,19.88266951472273,1.0000597572241603,129,0.9988987277486095
Instagram,Mega,beauty,Thursday,19.907547841885314,1.001311088882816,165,19.9145713582067,1.0016643581468867,119,1.0003528067031244
Instagram,Mega,beauty,Tuesday,19.93712201553677,1.00279861252244,173,19.71112875610525,0.9914315893974,123,0.9886646999875205
Instagram,Mega,beauty,Wednesday,19.851855278666992,0.9985098608480159,172,19.89724934218094,1.000793094299317,115,1.0022866408643798
Instagram,Mega,lifestyle,Friday,19.948053889266706,1.0033484645923683,187,19.950945087204083,1.0034938862474028,125,1.000144936340829
Instagram,Mega,lifestyle,Monday,19.90398400314931,1.0011318346987401,161,19.917569815956362,1.0018151747626813,115,1.0006825675103488
Instagram,Mega,lifestyle,Saturday,19.92734930621801,1.0023070641767058,187,19.929119580855904,1.002396105561379,124,1.0000888364333202
Instagram,Mega,lifestyle,Sunday,19.926159584979953,1.0022472235033186,159,19.872371311656057,0.9995417775609632,111,0.9973006201674487
Instagram,Mega,lifestyle,Thursday,19.901806101113802,1.001022290445677,181,19.965974522484874,1.0042498377249944,127,1.0032242511581642
Instagram,Mega,lifestyle,Tuesday,19.910776704782716,1.0014734944311703,183,19.885995274351913,1.000227036490402,130,0.9987553760057561
Instagram,Mega,lifestyle,Wednesday,19.84631730370376,0.9982313114362711,166,19.915195060543404,1.0016957291661033,123,1.00347055606265
Instagram,Mega,tech,Friday,19.77924540001001,0.9948577246211371,82,19.942396914933017,1.0030639297428305,72,1.0082486218065188
Instagram,Mega,tech,Monday,19.889862599534883,1.000421555454806,87,20.05043162463498,1.0084978663415518,59,1.0080729077084651
Instagram,Mega,tech,Saturday,19.893141449645796,1.000586475263158,77,19.87285995089613,0.9995663551680818,63,0.9989804778294571
Instagram,Mega,tech,Sunday,19.88702307187038,1.0002787327143943,78,19.918674692540467,1.001870747914347,77,1.0015915715768868
Instagram,Mega,tech,Thursday,19.809221878111746,0.9963654833952121,90,19.923762286448756,1.0021266440315666,66,1.0057821760512244
Instagram,Mega,tech,Tuesday,19.971202327022656,1.0045127861652428,76,19.901833977006177,1.0010236925490588,64,0.9965265811802121
Instagram,Mega,tech,Wednesday,19.810306607127412,0.996420043163218,91,19.885299675142047,1.0001920491977536,67,1.003785558169385
Instagram,Micro,beauty,Friday,19.883308766717406,0.9996968108690851,22,20.0150055127685,1.0063182851203676,16,1.0066234824191607
Instagram,Micro,beauty,Monday,19.79207565848106,0.9951097751589013,30,20.03965002325164,1.0075573665441124,19,1.0125087620440905
Instagram,Micro,beauty,Saturday,19.892343199292682,1.0001510458024898,31,19.92769921035573,1.0019286821063602,23,1.0017773678399187
Instagram,Micro,beauty,Sunday,19.861103089838277,0.9985803495889379,26,20.039338212388508,1.007541689257745,28,1.008974079724777
Instagram,Micro,beauty,Thursday,19.915802497964872,1.001330536919535,36,20.05055140897151,1.008105468505716,17,1.0067659292674955
Instagram,Micro,beauty,Tuesday,20.035811628615605,1.0073643790025757,35,20.108724407538414,1.0110303016825448,17,1.0036391228004298
Instagram,Micro,beauty,Wednesday,19.82310063497633,0.9966696548762811,30,19.924566209426334,1.001771160484868,21,1.0051185521537929
Instagram,Micro,lifestyle,Friday,19.792911113561505,0.995151780329637,31,19.73362831564197,0.9921711484481487,23,0.9970048469586207
Instagram,Micro,lifestyle,Monday,19.815456013719416,0.9962852971428423,30,19.8086978156056,0.9959455071621671,13,0.9996589430942626
Instagram,Micro,lifestyle,Saturday,19.812173965107508,0.9961202816733884,37,19.75885232197504,0.9934393658753571,14,0.9973086424929251
Instagram,Micro,lifestyle,Sunday,19.878559147400093,0.9994580085982926,29,19.86741446996557,0.9988976743692077,21,0.9994393619098908
Instagram,Micro,lifestyle,Thursday,19.81582523304477,0.9963038608228817,29,20.047071808847708,1.0079305205034657,15,1.0116697928591596
Instagram,Micro,lifestyle,Tuesday,19.92748048320445,1.0019176849007065,30,19.917068769958483,1.0013942027856424,15,0.9994775198372549
Instagram,Micro,lifestyle,Wednesday,19.841396083180168,0.997589516929292,32,19.72991559085405,0.9919844793593334,20,0.994381418935504
Instagram,Micro,tech,Friday,19.948895449876087,1.00299439070142,16,20.047485612286376,1.0079513257921031,11,1.0049421364033917
Instagram,Micro,tech,Monday,20.00413156642278,1.005771562760879,21,19.916855458686463,1.0013834778806046,8,0.9956370958945896
Instagram,Micro,tech,Sunday,19.7199677203594,0.9914843184190635,16,19.62533150475843,0.9867261806242427,7,0.9952009954101869
Instagram,Micro,tech,Thursday,19.808058215953906,0.9959133492482337,31,19.982282950900757,1.0046730538801119,16,1.008795649379025
Instagram,Micro,tech,Tuesday,19.788064012046508,0.994908076830217,15,20.01924230897159,1.0065313035722874,11,1.0116827142253202
Instagram,Micro,tech,Wednesday,19.84139392411494,0.9975894083753963,18,19.753264175660128,0.9931584039833885,21,0.9955582884553437
Instagram,Mid/Macro,beauty,Friday,19.876801177549282,0.9989366745640154,132,19.87582645188843,0.998887688351316,86,0.9999509616435689
Instagram,Mid/Macro,beauty,Monday,19.90836910276045,1.0005231651643713,142,19.88883892639022,0.9995416486083291,131,0.9990189966707257
Instagram,Mid/Macro,beauty,Saturday,19.92534266335172,1.0013761953889584,156,19.866432366868043,0.9984155753605478,103,0.9970434487637679
Instagram,Mid/Macro,beauty,Sunday,19.88771652151666,0.9994852405685295,140,19.92387503437207,1.0013024376248527,107,1.0018181329574107
Instagram,Mid/Macro,beauty,Thursday,19.96774977634215,1.0035074246571953,138,19.897733765484883,0.9999886712910353,110,0.9964935452596556
Instagram,Mid/Macro,beauty,Tuesday,19.934237242398005,1.0018232050025666,136,19.919482448367898,1.0010816820205406,92,0.999259826505991
Instagram,Mid/Macro,beauty,Wednesday,19.935762524975395,1.0018998602295328,141,19.87095661989025,0.9986429480765359,91,0.9967492637914424
Instagram,Mid/Macro,lifestyle,Friday,19.93596077326458,1.0019098234768864,130,20.017280338253855,1.0059966528968605,86,1.0040790391751941
Instagram,Mid/Macro,lifestyle,Monday,19.84430386573078,0.997303476329034,151,19.835415677642494,0.9968567879020331,105,0.9995521038103214
Instagram,Mid/Macro,lifestyle,Saturday,19.83902236951005,0.9970380472881977,152,19.83887325094275,0.9970305531243026,110,0.999992483572803
Instagram,Mid/Macro,lifestyle,Sunday,19.916606518901393,1.0009371481294036,133,19.90387362052866,1.00029723836503,111,0.9993606893643926
Instagram,Mid/Macro,lifestyle,Thursday,19.885318217469,0.9993647104163907,134,19.988158665192092,1.0045331021481154,101,1.005171677244408
Instagram,Mid/Macro,lifestyle,Tuesday,19.855510252616504,0.9978666691058553,138,19.868060690596852,0.9984974090658933,93,1.000632088413779
Instagram,Mid/Macro,lifestyle,Wednesday,19.92869345869803,1.0015445943345678,145,19.985213600715202,1.0043850937795333,98,1.0028361187919475
Instagram,Mid/Macro,tech,Friday,19.81921349476096,0.9960425243520894,57,19.989403863036102,1.0045956813218144,59,1.008587140368619
Instagram,Mid/Macro,tech,Monday,19.849233678581832,0.9975512310261639,71,19.965255197382355,1.003382056073575,41,1.0058451384410731
Instagram,Mid/Macro,tech,Saturday,19.944466761380177,1.0023373039052603,77,19.920094408913485,1.0011124369607804,43,0.998777989265981
Instagram,Mid/Macro,tech,Sunday,19.835717566539795,0.9968719597543076,59,19.918457189834502,1.0010301562070674,59,1.0041712442727193
Instagram,Mid/Macro,tech,Thursday,19.98000127954777,1.0041231412285547,76,19.742053583752384,0.9921647442090942,51,0.9880907066788349
Instagram,Mid/Macro,tech,Tuesday,19.96274279513027,1.003255791755265,61,19.935559342050748,1.0018896489851146,45,0.9986382906718533
Instagram,Mid/Macro,tech,Wednesday,19.952915558768503,1.0027619101329812,63,20.009726008226785,1.0056169993878077,49,1.0028472254739391
RedNote,Mega,beauty,Friday,19.900455063404618,1.0007254527437361,197,19.95606093303528,1.003521680713602,134,1.0027942009091497
RedNote,Mega,beauty,Monday,19.87714861727396,0.9995534517125215,164,19.85954313756709,0.9986681326786455,134,0.9991142854518092
RedNote,Mega,beauty,Saturday,19.85253109696861,0.9983155212694987,163,19.849036623175547,0.9981397961990155,120,0.9998239784249174
RedNote,Mega,beauty,Sunday,19.891852162890448,1.000292842459975,149,19.962968647844146,1.0038690459375381,114,1.003575156519933
RedNote,Mega,beauty,Thursday,19.898663592730657,1.000635365843936,181,19.878041184321255,0.9995983358400283,136,0.9989636284711634
RedNote,Mega,beauty,Tuesday,19.921283100544155,1.0017728231093797,175,19.85486120435023,0.998432694357098,138,0.9966657822260397
RedNote,Mega,beauty,Wednesday,19.871662400848685,0.99927756875414,161,19.887684684865864,1.0000832743209722,134,1.0008062880545159
RedNote,Mega,lifestyle,Friday,19.960051936866716,1.0037223745722799,157,19.97287258130068,1.004367080694063,136,1.0006423151840746
RedNote,Mega,lifestyle,Monday,19.88807632157009,1.0001029683840927,166,19.90008031586361,1.0007066079785565,126,1.0006035774450694
RedNote,Mega,lifestyle,Saturday,19.903775810322916,1.0008924416870881,157,19.847883582436985,0.9980818137452749,143,0.9971918781431942
RedNote,Mega,lifestyle,Sunday,19.92545224832547,1.0019824752147066,167,19.96198285575527,1.0038194738432666,114,1.0018333640298114
RedNote,Mega,lifestyle,Thursday,19.91386774669088,1.0013999304635364,163,19.945296976894195,1.0029803983736616,130,1.0015782584580304
RedNote,Mega,lifestyle,Tuesday,19.878320877953332,0.999612400670993,184,19.941984490345224,1.002813824815878,134,1.0032026654958823
RedNote,Mega,lifestyle,Wednesday,19.901382530942584,1.0007720918969054,186,19.937556462195115,1.0025911545070252,144,1.0018176592101722
RedNote,Mega,tech,Friday,19.837485207600768,0.9975589152320191,70,19.943864553091235,1.002908366706337,65,1.005362541893652
RedNote,Mega,tech,Monday,19.871285009686623,0.9992585910503481,71,19.787373558802802,0.9950389727346587,48,0.995777250900336
RedNote,Mega,tech,Saturday,19.887391990874917,1.0000685557466644,86,19.95633507349357,1.003535466294553,72,1.0034666728875403
RedNote,Mega,tech,Sunday,19.89720805681424,1.0005621719479019,94,19.82255493453281,0.9968081231406866,57,0.9962480604279623
RedNote,Mega,tech,Thursday,19.911756250365492,1.0012937505742097,89,19.943830032648982,1.0029066307920027,54,1.0016107962492207
RedNote,Mega,tech,Tuesday,19.886878781344144,1.0000427482041536,102,19.90231112974217,1.0008187879373311,62,1.0007760065602906
RedNote,Mega,tech,Wednesday,19.940158003736688,1.0027219770851385,85,19.871733592590388,0.9992811487420208,61,0.9965685120883457
RedNote,Micro,beauty,Friday,20.11599496786184,1.009951452514223,26,19.689510065743086,0.9885391859542856,19,0.978798717001067
RedNote,Micro,beauty,Monday,19.966757113398952,1.002458758857971,42,19.981836482730497,1.003215839528538,31,1.0007552237574635
RedNote,Micro,beauty,Saturday,19.76444692601718,0.9923014950521745,31,19.894598417837646,0.9988359313761535,23,1.0065851319952264
RedNote,Micro,beauty,Sunday,19.997276444213753,1.003991024228658,40,19.91529807856745,0.9998751865784946,22,0.9959005234600324
RedNote,Micro,beauty,Thursday,19.722832261802488,0.9902121730655332,28,19.932339608727798,1.000730780257356,28,1.010622579158221
RedNote,Micro,beauty,Tuesday,19.815080434635213,0.994843620642103,21,19.9675003315233,1.0024960731556443,25,1.0076921159816075
RedNote,Micro,beauty,Wednesday,20.09494667444341,1.0088946937237755,20,19.88202870495652,0.9982048514916007,29,0.9894044023636211
RedNote,Micro,lifestyle,Friday,19.84046591540615,0.9961181339444946,33,19.823288542698098,0.9952557201019481,25,0.9991342253361742
RedNote,Micro,lifestyle,Monday,20.069720495652536,1.007628178398437,28,19.96423159397375,1.0023319616492865,23,0.9947438778880037
RedNote,Micro,lifestyle,Saturday,19.954870224171806,1.0018619610828665,28,19.951503999236962,1.0016929550869977,25,0.9998313081018805
RedNote,Micro,lifestyle,Sunday,19.991397206143983,1.0036958489197696,27,19.814963531365105,0.9948377513511414,23,0.9911745200718307
RedNote,Micro,lifestyle,Thursday,19.807829406774168,0.9944795727224159,33,19.92571642111352,1.0003982539288296,23,1.0059515362293578
RedNote,Micro,lifestyle,Tuesday,20.03739939427469,1.006005452635403,29,19.99382691251945,1.0038178357012835,20,0.997825442269335
RedNote,Micro,lifestyle,Wednesday,19.856482048973156,0.996922246163925,28,19.96053300817452,1.0021462690148355,24,1.0052401507449675
RedNote,Micro,tech,Friday,19.991275603840908,1.0036897437073347,14,20.00480036885406,1.0043687733099849,13,1.000676533367913
RedNote,Micro,tech,Monday,19.943914976767072,1.0013119376787674,19,19.879782277036245,0.9980920664593578,14,0.9967843475162457
RedNote,Micro,tech,Saturday,20.084040093109856,1.0083471136673385,15,19.991271539289684,1.0036895396408978,12,0.9953809814464573
RedNote,Micro,tech,Sunday,19.832850138758882,0.9957357733056488,19,19.83192746332182,0.9956894491044669,17,0.9999534774159734
RedNote,Micro,tech,Thursday,19.89338977656791,0.9987752498633629,14,19.87713664264984,0.9979592387123019,9,0.999182988213642
RedNote,Micro,tech,Tuesday,19.968220075336138,1.0025322088929205,14,19.804234922786357,0.9942991066639223,17,0.9917876930476978
RedNote,Micro,tech,Wednesday,19.894245271592048,0.9988182011786533,17,19.662616026178927,0.9871889333634896,9,0.9883569724686228
RedNote,Mid/Macro,beauty,Friday,19.893105259020835,0.9989734505751015,145,19.923443042508506,1.000496925158826,85,1.0015250401127753
RedNote,Mid/Macro,beauty,Monday,19.886319409770923,0.9986326851112888,145,19.860100626603778,0.9973160546531813,103,0.9986815668285874
RedNote,Mid/Macro,beauty,Saturday,19.858211572446553,0.9972211918891636,110,19.92442926397782,1.0005464503109534,122,1.0033345244253087
RedNote,Mid/Macro,beauty,Sunday,19.88614292304585,0.9986238224651389,134,19.917301588941914,1.0001885193578675,117,1.0015668531608488
RedNote,Mid/Macro,beauty,Thursday,19.87753772123609,0.9981916944472726,148,19.948650718951754,1.001762780800246,106,1.0035775556667508
RedNote,Mid/Macro,beauty,Tuesday,19.881653158350222,0.9983983596391065,136,19.908154777247756,0.9997291932787612,110,1.0013329685759258
RedNote,Mid/Macro,beauty,Wednesday,19.98698723829656,1.0036879284589082,150,19.916007031877967,1.000123510495737,84,0.9964486790544107
RedNote,Mid/Macro,lifestyle,Friday,19.99276132595103,1.0039778862203035,126,19.929951768582733,1.0008237743088486,107,0.9968583850752637
RedNote,Mid/Macro,lifestyle,Monday,19.953696669332167,1.0020161736415003,127,19.978612724726144,1.0032673849284037,101,1.001248693703572
RedNote,Mid/Macro,lifestyle,Saturday,19.860464562040626,0.9973343304243291,134,19.904555768866068,0.9995484616245077,87,1.002220049117568
RedNote,Mid/Macro,lifestyle,Sunday,19.909721316843523,0.9998078603066117,126,19.981914474123403,1.0034331891075583,110,1.0036260255043752
RedNote,Mid/Macro,lifestyle,Thursday,19.92135535138983,1.000392087428698,129,19.88046724568057,0.9983388065800815,107,0.9979475239014594
RedNote,Mid/Macro,lifestyle,Tuesday,19.867628058758438,0.9976940602373069,128,19.957585898316015,1.0022114793239207,108,1.0045278600591643
RedNote,Mid/Macro,lifestyle,Wednesday,19.91233677548353,0.9999392009750709,128,19.987955753760847,1.003736564467349,97,1.0037975943823136
RedNote,Mid/Macro,tech,Friday,19.98678633783031,1.0036778398262198,59,19.92141352994542,1.000395008985271,46,0.9967291986425472
RedNote,Mid/Macro,tech,Monday,19.913322159134204,0.9999886840544008,82,19.95275353968623,1.0019688124344655,59,1.0019801507873431
RedNote,Mid/Macro,tech,Saturday,19.917713734427892,1.000209216096406,61,19.94322705201388,1.0014904201403518,43,1.0012809360515054
RedNote,Mid/Macro,tech,Sunday,19.9399472766186,1.0013257194311829,81,19.936150274178104,1.0011350450955054,57,0.9998095781103218
RedNote,Mid/Macro,tech,Thursday,19.847948739708514,0.9967058225036652,68,19.899471318818467,0.9992931354427882,56,1.0025958641764767
RedNote,Mid/Macro,tech,Tuesday,19.958824450593735,1.0022736757898056,59,19.929792273852474,1.0008157649508844,56,0.9985453964579362
RedNote,Mid/Macro,tech,Wednesday,19.847699660301128,0.9966933144657385,59,19.872534589832622,0.9979404518495621,35,1.001251274956622
TikTok,Mega,beauty,Friday,19.910854138320982,1.0005253053510557,184,19.83300344031473,0.9966132886764629,129,0.9960900372497624
TikTok,Mega,beauty,Monday,19.990481989032894,1.0045266243851123,166,19.977700087571947,1.003884330700806,116,0.9993606006364446
TikTok,Mega,beauty,Saturday,19.996269132348598,1.0048174297565358,170,19.908283869127107,1.0003961486934774,127,0.9955999160323785
TikTok,Mega,beauty,Sunday,19.939019983427386,1.0019406459778206,191,19.8422645620663,0.9970786623165897,104,0.9951474334525215
TikTok,Mega,beauty,Thursday,19.958789745977313,1.0029340813962397,152,19.892830009922722,0.9996195884770291,117,0.9966952036223594
TikTok,Mega,beauty,Tuesday,19.903646855635266,1.0001631376278741,143,19.881547845879886,0.9990526569659269,118,0.9988897004696844
TikTok,Mega,beauty,Wednesday,19.942953867854932,1.0021383246354383,147,19.915689107610824,1.0007682637440747,145,0.9986328624924489
TikTok,Mega,lifestyle,Friday,19.98804932901605,1.0044043826224403,172,19.86667878692262,0.9983054831053704,135,0.9939278445787483
TikTok,Mega,lifestyle,Monday,19.869338281381804,0.9984391233544212,171,19.858700925427208,0.9979045936079491,125,0.9994646346142004
TikTok,Mega,lifestyle,Saturday,19.862323307911293,0.9980866192164844,154,20.006485282586084,1.005330793812385,126,1.0072580620323188
TikTok,Mega,lifestyle,Sunday,19.88906821968673,0.9994305575947587,165,19.954796470246947,1.002733418311084,127,1.003304742576887
TikTok,Mega,lifestyle,Thursday,19.92837745605794,1.0014058563664836,179,19.956748591016083,1.0028315128586638,117,1.0014236550376818
TikTok,Mega,lifestyle,Tuesday,19.895496301812013,0.9997535702986103,155,19.856388635845594,0.997788400489179,124,0.99803434579499
TikTok,Mega,lifestyle,Wednesday,19.892873019826613,0.9996217497352516,159,19.852438975633767,0.9975899290945308,143,0.9979674105317747
TikTok,Mega,tech,Friday,19.94403331605002,1.0021925671720717,75,19.852774333908965,0.9976067809301358,71,0.9954242464051836
TikTok,Mega,tech,Monday,19.95035673626021,1.0025103205890127,85,19.853811021627198,0.9976588747423165,59,0.9951607023418514
TikTok,Mega,tech,Saturday,19.88144880004981,0.9990476798886659,83,19.742222437326095,0.9920515210042027,57,0.9929971721817692
TikTok,Mega,tech,Sunday,19.94246289225763,1.0021136529912187,70,19.88563839486929,0.9992582080562137,63,0.9971505777548467
TikTok,Mega,tech,Thursday,19.83960805768554,0.9969451723197131,82,19.866860424705223,0.9983146104485091,75,1.0013736343450157
TikTok,Mega,tech,Tuesday,19.888283226714538,0.9993911115053168,73,19.93079902215844,1.0015275406571371,53,1.002137730791504
TikTok,Mega,tech,Wednesday,19.9781993642015,1.003909419473933,95,19.882377261192637,0.9990943352888801,79,0.9952036666937779
TikTok,Micro,beauty,Friday,19.978739510587165,1.0027658248704536,31,19.95607847812343,1.0016284303466962,29,0.9988657426334765
TikTok,Micro,beauty,Monday,20.012102857658068,1.0044403861824054,31,19.954470850539423,1.0015477408717919,19,0.9971201423694166
TikTok,Micro,beauty,Saturday,19.853726692017876,0.9964912257114034,23,19.868607699038826,0.9972381279507744,23,1.0007495321786077
TikTok,Micro,beauty,Sunday,19.801614145380437,0.9938756112084313,22,19.786920487506503,0.9931381123311619,20,0.9992579565602051
TikTok,Micro,beauty,Thursday,19.85213422463366,0.9964112971518829,32,19.931989266680823,1.0004193531689334,25,1.0040224915439107
TikTok,Micro,beauty,Tuesday,19.950980253379985,1.001372542054168,42,19.83026563054776,0.9953136764148149,26,0.9939494390100571
TikTok,Micro,beauty,Wednesday,19.935399178609956,1.0005905022620247,35,20.033667543369745,1.00552275325788,16,1.0049293402093116
TikTok,Micro,lifestyle,Friday,20.171810507454357,1.0124563760350802,25,19.82560964960084,0.995079985066452,24,0.9828373929189161
TikTok,Micro,lifestyle,Monday,19.85988072984007,0.996800107000425,23,19.901851466800778,0.9989066873803594,26,1.0021133428509288
TikTok,Micro,lifestyle,Saturday,20.043371771865427,1.006009824461098,24,19.87425232983683,0.9975214412626698,26,0.9915623257427181
TikTok,Micro,lifestyle,Sunday,20.02563403094288,1.0051195380444746,29,19.957902436631766,1.001719977826815,22,0.9966177553126929
TikTok,Micro,lifestyle,Thursday,19.81981072211838,0.9947889273499613,22,19.94135787751147,1.0008895791690524,27,1.0061326092916443
TikTok,Micro,lifestyle,Tuesday,20.00925990710099,1.004297693813904,33,19.917824015299338,0.999708375883378,21,0.9954303211499991
TikTok,Micro,lifestyle,Wednesday,20.00593578978756,1.004130850893809,29,19.53492596649282,0.9804900924902099,18,0.9764564962997048
TikTok,Micro,tech,Friday,19.937947530365985,1.0007184082317355,10,20.023665984623918,1.0050207585599444,8,1.004299261703211
TikTok,Micro,tech,Monday,19.828558183489243,0.9952279768361628,12,19.96122625872075,1.0018868059291093,14,1.006690757542925
TikTok,Micro,tech,Saturday,19.981798359950805,1.0029193535554668,12,20.139716280085313,1.0108455139301786,12,1.0079030884653015
TikTok,Micro,tech,Sunday,19.82465161030716,0.995031899497186,14,19.938984907649925,1.0007704759053382,8,1.005767228579357
TikTok,Micro,tech,Thursday,19.994361594455558,1.0035499229767522,24,19.9049110449121,0.9990602526424188,14,0.9955262112710687
TikTok,Micro,tech,Tuesday,19.701241112090386,0.9888377234343547,16,19.879627603434002,0.9977912350932426,15,1.0090545814006684
TikTok,Micro,tech,Wednesday,19.85860370422096,0.9967360109823729,14,19.93588570704023,1.0006149219248595,15,1.0038916131249873
TikTok,Mid/Macro,beauty,Friday,19.901186606823632,1.0001366715965492,140,19.89131776108371,0.9996407114949823,105,0.9995041076728293
TikTok,Mid/Macro,beauty,Monday,19.845965684130512,0.9973615370824168,130,19.916701311008527,1.0009163650344757,92,1.0035642320461422
TikTok,Mid/Macro,beauty,Saturday,19.905880356432682,1.0003725565819046,131,19.95660541023039,1.0029217506311883,88,1.0025482446839544
TikTok,Mid/Macro,beauty,Sunday,19.9291184068796,1.0015403877714482,155,19.91037836639739,1.000598604646464,110,0.9990596653550041
TikTok,Mid/Macro,beauty,Thursday,19.821727850621908,0.9961434616675723,142,19.860119658890266,0.9980728468895029,99,1.001936854776621
TikTok,Mid/Macro,beauty,Tuesday,20.026202491401257,1.0064193608234968,147,19.913787685860846,1.0007699404310058,103,0.9943866139579545
TikTok,Mid/Macro,beauty,Wednesday,19.868722843843393,0.9985052010467771,141,19.900498373247185,1.0001020843303714,118,1.001599273876511
TikTok,Mid/Macro,lifestyle,Friday,19.966980578339207,1.0034431560279924,125,19.91765423582217,1.0009642543925437,103,0.9975296043223204
TikTok,Mid/Macro,lifestyle,Monday,19.889237182853112,0.9995361517705971,138,19.879414805679968,0.9990425269527813,101,0.9995061461089313
TikTok,Mid/Macro,lifestyle,Saturday,19.917039590867304,1.0009333653319306,143,19.902673878683256,1.0002114146335765,111,0.9992787225170433
TikTok,Mid/Macro,lifestyle,Sunday,19.817298861502852,0.9959208822544154,142,19.938920265286857,1.002032981416067,94,1.0061371332508018
TikTok,Mid/Macro,lifestyle,Thursday,19.89141247177133,0.9996454711926702,153,19.826449735224138,0.9963807605805985,94,0.9967341315434796
TikTok,Mid/Macro,lifestyle,Tuesday,19.840960709212524,0.9971100114294599,154,19.941760354735585,1.0021757104736053,103,1.0050803812880018
TikTok,Mid/Macro,lifestyle,Wednesday,19.8732999898453,0.9987352261029808,124,19.83503748613241,0.99681233909798,108,0.998074677897861
TikTok,Mid/Macro,tech,Friday,19.903179607741276,1.0002368301119002,76,19.891093978258514,0.9996294652605556,56,0.9993927789568829
TikTok,Mid/Macro,tech,Monday,19.892301390900528,0.9996901439369019,67,19.885150071400396,0.9993307534631733,54,0.999640498132438
TikTok,Mid/Macro,tech,Saturday,19.99225677382393,1.0047134144564043,58,19.958586012973242,1.0030212860746832,41,0.9983158099042237
TikTok,Mid/Macro,tech,Sunday,19.827684117907328,0.9964427946398049,61,19.9078208866074,1.0004700781733764,44,1.0040416605501445
TikTok,Mid/Macro,tech,Thursday,19.86468318965063,0.998302187710006,61,19.973851490190746,1.0037884545795708,43,1.0054955973623074
TikTok,Mid/Macro,tech,Tuesday,19.901284311438616,1.0001415817544388,67,19.995880124133897,1.00489550638844,60,1.0047532516602917
TikTok,Mid/Macro,tech,Wednesday,19.787885427099948,0.9944427063564086,64,19.884547323773262,0.999300462304283,55,1.0048849027870825
YouTube,Mega,beauty,Friday,19.880906088772452,0.9992810293588067,156,19.915887547386177,1.00103931481199,124,1.0017595505183476
YouTube,Mega,beauty,Monday,19.90339908091258,1.0004116025951963,174,19.948290783108778,1.0026680101341678,128,1.0022554791778884
YouTube,Mega,beauty,Saturday,19.92254969707865,1.0013741768033257,196,19.93425277931544,1.0019624129738518,114,1.000587428939304
YouTube,Mega,beauty,Sunday,19.849198316178008,0.9976872903463407,170,19.92303125011342,1.0013983812741947,134,1.0037196934989174
YouTube,Mega,beauty,Thursday,19.939819083225938,1.0022421940802342,171,19.925574465774787,1.001526211824403,127,0.9992856195238435
YouTube,Mega,beauty,Tuesday,19.851288211707676,0.9977923355060941,167,19.895411602482834,1.0000101251357882,146,1.0022226965980543
YouTube,Mega,beauty,Wednesday,19.877729989501198,0.9991213879553942,177,19.883350036487368,0.9994038703690381,128,1.0002827308243516
YouTube,Mega,lifestyle,Friday,19.933579575013542,1.0019285754674139,202,19.8732121902075,0.9988943082081994,119,0.9969715732902428
YouTube,Mega,lifestyle,Monday,19.93252953322048,1.0018757968445908,166,19.93701635100665,1.0021013193572916,144,1.000225100270324
YouTube,Mega,lifestyle,Saturday,19.937510876578305,1.00212617587138,178,19.91396779817651,1.0009428217770258,127,0.9988191565864196
YouTube,Mega,lifestyle,Sunday,19.90883593282219,1.0006848770097754,169,19.85706186873198,0.9980825388755303,128,0.9973994429275065
YouTube,Mega,lifestyle,Thursday,19.849911759614432,0.9977231504066596,192,19.92225289930502,1.001359258751632,123,1.0036444061095409
YouTube,Mega,lifestyle,Tuesday,19.916803880929162,1.001085372809648,167,19.903532396772704,1.0004183034975267,136,0.9993336539217937
YouTube,Mega,lifestyle,Wednesday,19.882579881572376,0.999365159799571,162,19.825781369769263,0.9965102760690595,117,0.9971433027232168
YouTube,Mega,tech,Friday,19.889165425078566,0.9996961713070126,69,19.948464874042966,1.002676760528498,53,1.0029814950852405
YouTube,Mega,tech,Monday,19.798013553737853,0.9951145724898054,84,19.918375246818325,1.0011643549302922,69,1.0060794833155242
YouTube,Mega,tech,Saturday,19.87496354121025,0.998982336984402,98,19.818068977974388,0.9961226253866817,68,0.9971373752149084
YouTube,Mega,tech,Sunday,20.02719277646242,1.0066338889922455,78,19.9300703030662,1.001752187687693,61,0.9951504699395332
YouTube,Mega,tech,Thursday,19.821057076078965,0.9962728172208181,89,19.81330693128735,0.995883268946184,46,0.9996089943759373
YouTube,Mega,tech,Tuesday,19.934517654827,1.0019757265055722,77,19.887059127446523,0.999590301722574,62,0.9976192788708391
YouTube,Mega,tech,Wednesday,19.97638297677696,1.004080018021552,76,19.864946313119926,0.9984788374983763,56,0.9944215795328621
YouTube,Micro,beauty,Friday,19.821406937309494,0.9962008255152512,22,19.94909074790075,1.0026180651147532,28,1.006441712790373
YouTube,Micro,beauty,Monday,19.975696224229978,1.003955225366103,30,19.741307081184825,0.9921751000434204,22,0.9882662841678154
YouTube,Micro,beauty,Saturday,19.928778620688888,1.0015972012598093,32,19.932481885401817,1.0017833230308717,23,1.0001858249711844
YouTube,Micro,beauty,Sunday,19.915636234446815,1.0009366802349902,29,19.835053995639353,0.9968867107713816,31,0.9959538205127444
YouTube,Micro,beauty,Thursday,19.94934681336557,1.0026309346667603,20,19.987991400540952,1.0045731666065805,16,1.0019371354629765
YouTube,Micro,beauty,Tuesday,19.920612593837056,1.0011867862616861,31,19.941529512148865,1.0022380462128775,31,1.001050013809228
YouTube,Micro,beauty,Wednesday,19.826271088971993,0.9964452921122461,25,19.914609024628326,1.0008850538659644,25,1.004455600110576
YouTube,Micro,lifestyle,Friday,19.811902130726004,0.9957231250071701,30,19.858811793716665,0.9980807500306479,35,1.0023677516010898
YouTube,Micro,lifestyle,Monday,19.85608990319148,0.9979439509831975,28,19.76031315904424,0.9931303233791423,26,0.995176454950889
YouTube,Micro,lifestyle,Saturday,19.97842641918246,1.0040924417843968,23,20.060300992934916,1.0082073624970824,25,1.0040981492753525
YouTube,Micro,lifestyle,Sunday,19.880820324514563,0.9991868731539251,39,19.91066860908726,1.0006870131705032,21,1.0015013608133612
YouTube,Micro,lifestyle,Thursday,19.85736165690077,0.9980078678433403,21,19.97830409618625,1.004086293973084,19,1.0060905593288347
YouTube,Micro,lifestyle,Tuesday,19.808456831682115,0.9955499682901658,34,20.08565220448505,1.009481484861551,20,1.0139937893778574
YouTube,Micro,lifestyle,Wednesday,20.057781164800847,1.0080807188700556,27,20.106443311448764,1.0105264216809267,20,1.002426098193419
YouTube,Micro,tech,Friday,19.930160507257483,1.0016666532691827,25,19.89970241030034,1.0001358647924468,15,0.9984717585718365
YouTube,Micro,tech,Monday,19.68614422335348,0.9894026790602294,18,19.845668257787548,0.9974201712238968,13,1.0081033661352956
YouTube,Micro,tech,Saturday,19.89861586293663,1.000081256187512,16,20.100641002576488,1.010234804395295,9,1.0101527232361998
YouTube,Micro,tech,Sunday,19.966670775898276,1.00350161684542,17,20.23300303344945,1.0168871658971583,10,1.0133388415395053
YouTube,Micro,tech,Thursday,19.687133162181492,0.9894523819738504,12,19.90881953977333,1.000594081100504,13,1.0112604702658123
YouTube,Micro,tech,Tuesday,19.866108959059325,0.9984474970613342,11,19.916568218102327,1.00098352064798,17,1.0025399668927109
YouTube,Micro,tech,Wednesday,19.5313842368666,0.981624622397422,19,19.830300694712463,0.9966478154032441,11,1.0153044174555554
YouTube,Mid/Macro,beauty,Friday,19.96478954128848,1.002938250767181,126,19.896194789237025,0.9994923691819019,111,0.9965642136166976
YouTube,Mid/Macro,beauty,Monday,19.94065456418754,1.0017258216721552,130,19.90886175495609,1.000128698676612,104,0.9984056286051635
YouTube,Mid/Macro,beauty,Saturday,19.88635414023869,0.9989980207054306,139,19.899520472695862,0.9996594360645212,107,1.0006620787482878
YouTube,Mid/Macro,beauty,Sunday,19.92953788003209,1.0011673711190883,163,19.89774557266871,0.9995702733350651,99,0.9984047644478885
YouTube,Mid/Macro,beauty,Thursday,20.006201430499207,1.0050185916413021,150,19.89579156543007,0.9994721130916097,104,0.994481217963705
YouTube,Mid/Macro,beauty,Tuesday,19.981116702509294,1.0037584514750786,128,19.84629622840277,0.996985697362727,119,0.9932526056419265
YouTube,Mid/Macro,beauty,Wednesday,19.945117551309817,1.001950021405809,139,19.914738985214466,1.0004239434134776,93,0.9984768921006757
YouTube,Mid/Macro,lifestyle,Friday,19.899556123259064,0.9996612269831492,142,19.907688579143237,1.0000697637754878,113,1.0004086752404828
YouTube,Mid/Macro,lifestyle,Monday,19.895036315830602,0.9994341728613549,152,19.892342313625374,0.9992988387095131,119,0.9998645892290691
YouTube,Mid/Macro,lifestyle,Saturday,19.883990847184727,0.9988792998445527,128,19.9228860503379,1.000833214106108,101,1.0019561064703808
YouTube,Mid/Macro,lifestyle,Sunday,19.932487227494203,1.0013155326300542,140,19.97390008059529,1.0033959219255482,104,1.0020776560711384
YouTube,Mid/Macro,lifestyle,Thursday,19.974606558012027,1.0034314120679853,122,19.888478519570555,0.9991047396511356,110,0.995688123408522
YouTube,Mid/Macro,lifestyle,Tuesday,19.930275688113472,1.0012044351685245,157,19.887837409237072,0.9990725332472022,92,0.9978706627273745
YouTube,Mid/Macro,lifestyle,Wednesday,19.86536776383842,0.9979437626781523,121,19.8732779660475,0.9983411344786605,86,1.0003981905748294
YouTube,Mid/Macro,tech,Friday,19.87122025676776,0.9982377647265607,67,19.89080735005679,0.9992217292727575,69,1.0009857015842978
YouTube,Mid/Macro,tech,Monday,19.877473604941787,0.9985519038796995,52,19.977528609184724,1.003578202340216,56,1.0050335875791612
YouTube,Mid/Macro,tech,Saturday,19.973672277621922,1.0033844781627597,82,19.847989283697597,0.9970707485931614,51,0.9937075670323713
YouTube,Mid/Macro,tech,Sunday,19.912465280998106,1.0003097230794842,56,19.831400348529478,0.9962373975786064,60,0.9959289354017864
YouTube,Mid/Macro,tech,Thursday,19.869221893908595,0.9981373762628493,62,19.775271169674635,0.9934177284635751,57,0.9952715448679569
YouTube,Mid/Macro,tech,Tuesday,19.857635061425356,0.9975553076425596,68,19.885697312048705,0.9989650247094273,52,1.0014131718372579
YouTube,Mid/Macro,tech,Wednesday,19.896179458658498,0.9994915990448776,73,19.777076174458234,0.9935084035160991,45,0.9940137610616276
