priority_rank,account_id,account_name,risk_segment,account_health_score,current_mrr,current_arr,mrr_at_risk,plan_tier,industry,country,primary_risk_driver,latest_reason_code,churn_event_count,high_urgent_ticket_count,escalated_ticket_count,avg_satisfaction_score,error_rate_per_100_valid_events,valid_usage_share,data_quality_flags,next_best_action,action_owner,due_bucket,confidence_level,latest_churn_date
1,A-0cc442,Company_198,Critical,80,60092,721104,60092,Enterprise,EdTech,US,Churn history,budget,4.0,1.0,0.0,3.0,90.9090909090909,0.14285714285714285,invalid_usage_windows|churn_label_mismatch|low_satisfaction_response,Run CS save playbook using churn history and latest reason code as discovery prompts.,CS,0-7 days,Medium,2024-10-23
2,A-2d1036,Company_399,High,78,46230,554760,46230,Pro,FinTech,US,Churn history,pricing,2.0,2.0,1.0,4.6,75.0,0.17391304347826086,invalid_usage_windows,Run CS save playbook using churn history and latest reason code as discovery prompts.,CS,8-14 days,Medium,2024-10-28
3,A-956988,Company_14,High,76,29407,352884,29407,Enterprise,EdTech,UK,Churn history,unknown,2.0,1.0,0.0,3.0,400.0,0.014285714285714285,invalid_usage_windows|churn_label_mismatch,Run CS save playbook using churn history and latest reason code as discovery prompts.,CS,8-14 days,Medium,2024-12-30
4,A-d77f4c,Company_470,High,72,48378,580536,48378,Pro,DevTools,US,Churn history,unknown,3.0,1.0,0.0,4.0,100.0,0.1935483870967742,invalid_usage_windows|churn_label_mismatch,Run CS save playbook using churn history and latest reason code as discovery prompts.,CS,8-14 days,Medium,2024-12-03
5,A-6965e1,Company_379,High,72,27765,333180,27765,Basic,DevTools,US,Churn history,features,3.0,1.0,0.0,3.0,100.0,0.01694915254237288,invalid_usage_windows|churn_label_mismatch|low_satisfaction_response,Run CS save playbook using churn history and latest reason code as discovery prompts.,CS,8-14 days,Medium,2024-12-09
6,A-4814a3,Company_337,High,70,70644,847728,70644,Pro,Cybersecurity,IN,Churn history,pricing,1.0,2.0,1.0,4.0,80.0,0.08333333333333333,invalid_usage_windows|low_satisfaction_response,Run CS save playbook using churn history and latest reason code as discovery prompts.,CS,8-14 days,Medium,2024-11-25
7,A-56962b,Company_177,High,69,54605,655260,54605,Enterprise,EdTech,UK,Churn history,pricing,2.0,1.0,0.0,3.0,120.0,0.1724137931034483,invalid_usage_windows|churn_label_mismatch|low_satisfaction_response,Run CS save playbook using churn history and latest reason code as discovery prompts.,CS,8-14 days,Medium,2024-08-26
8,A-87aa7b,Company_433,High,68,22881,274572,22881,Pro,HealthTech,US,Churn history,budget,3.0,2.0,1.0,,100.0,0.18055555555555555,invalid_usage_windows|churn_label_mismatch|low_satisfaction_response,Run CS save playbook using churn history and latest reason code as discovery prompts.,CS,8-14 days,Medium,2024-12-26
9,A-e08cd3,Company_475,High,67,67737,812844,67737,Basic,FinTech,US,Churn history,features,2.0,6.0,0.0,4.0,28.57142857142857,0.16279069767441862,invalid_usage_windows|churn_label_mismatch,Run CS save playbook using churn history and latest reason code as discovery prompts.,CS,8-14 days,Medium,2024-12-17
10,A-faa28c,Company_91,High,67,39300,471600,39300,Pro,HealthTech,US,Churn history,features,2.0,2.0,1.0,4.666666666666667,71.42857142857143,0.23728813559322035,invalid_usage_windows|churn_label_mismatch,Run CS save playbook using churn history and latest reason code as discovery prompts.,CS,8-14 days,Medium,2024-08-20
11,A-c58f49,Company_480,High,66,70980,851760,70980,Enterprise,EdTech,US,Churn history,support,3.0,2.0,1.0,5.0,0.0,0.10526315789473684,invalid_usage_windows|churn_label_mismatch|low_satisfaction_response,Run CS save playbook using churn history and latest reason code as discovery prompts.,CS,8-14 days,Medium,2024-09-21
12,A-9779ad,Company_171,High,65,51680,620160,51680,Enterprise,Cybersecurity,AU,Churn history,features,3.0,2.0,0.0,5.0,71.42857142857143,0.16279069767441862,invalid_usage_windows|low_satisfaction_response,Run CS save playbook using churn history and latest reason code as discovery prompts.,CS,8-14 days,Medium,2024-08-11
13,A-bd4513,Company_205,High,65,48804,585648,48804,Basic,DevTools,AU,Churn history,budget,2.0,1.0,0.0,4.666666666666667,0.0,0.0392156862745098,invalid_usage_windows|churn_label_mismatch,Run CS save playbook using churn history and latest reason code as discovery prompts.,CS,8-14 days,Medium,2024-12-09
14,A-f5641b,Company_382,High,65,32951,395412,32951,Enterprise,EdTech,US,Churn history,features,2.0,3.0,1.0,3.0,85.71428571428571,0.1794871794871795,invalid_usage_windows|churn_label_mismatch,Run CS save playbook using churn history and latest reason code as discovery prompts.,CS,8-14 days,Medium,2024-06-17
15,A-5790f4,Company_446,High,65,17334,208008,17334,Basic,FinTech,UK,Churn history,competitor,3.0,1.0,1.0,4.0,0,0.0,invalid_usage_windows|churn_label_mismatch|low_satisfaction_response,Run CS save playbook using churn history and latest reason code as discovery prompts.,CS,8-14 days,Medium,2024-12-31
16,A-bb1486,Company_265,High,65,15528,186336,15528,Pro,HealthTech,US,Churn history,competitor,2.0,2.0,0.0,3.0,0.0,0.023809523809523808,invalid_usage_windows|churn_label_mismatch|low_satisfaction_response,Run CS save playbook using churn history and latest reason code as discovery prompts.,CS,8-14 days,Medium,2024-11-23
17,A-a09355,Company_459,High,63,33454,401448,33454,Pro,FinTech,US,Churn history,support,2.0,3.0,0.0,4.0,75.0,0.10256410256410256,invalid_usage_windows|churn_label_mismatch,Run CS save playbook using churn history and latest reason code as discovery prompts.,CS,8-14 days,Medium,2024-10-18
18,A-82d8a6,Company_444,High,63,27626,331512,27626,Pro,Cybersecurity,UK,Churn history,features,1.0,3.0,0.0,3.5,0.0,0.014285714285714285,invalid_usage_windows|churn_label_mismatch|low_satisfaction_response,Run CS save playbook using churn history and latest reason code as discovery prompts.,CS,8-14 days,Medium,2024-12-29
19,A-309e54,Company_371,High,63,26932,323184,26932,Basic,DevTools,US,Churn history,support,1.0,3.0,0.0,3.0,0,0.0,invalid_usage_windows|churn_label_mismatch|low_satisfaction_response,Run CS save playbook using churn history and latest reason code as discovery prompts.,CS,8-14 days,Medium,2024-12-14
20,A-3f9cc0,Company_359,High,63,19940,239280,19940,Enterprise,HealthTech,US,Churn history,budget,3.0,3.0,1.0,4.5,100.0,0.35714285714285715,invalid_usage_windows|churn_label_mismatch|low_satisfaction_response,Run CS save playbook using churn history and latest reason code as discovery prompts.,CS,8-14 days,Medium,2024-12-21
21,A-96bbc6,Company_342,High,62,30426,365112,30426,Basic,Cybersecurity,US,Churn history,budget,3.0,1.0,0.0,3.3333333333333335,16.666666666666664,0.24489795918367346,invalid_usage_windows|churn_label_mismatch,Run CS save playbook using churn history and latest reason code as discovery prompts.,CS,8-14 days,Medium,2024-12-21
22,A-4f18f0,Company_145,High,62,29333,351996,29333,Basic,DevTools,CA,Churn history,features,2.0,2.0,0.0,4.0,37.5,0.14035087719298245,invalid_usage_windows|churn_label_mismatch,Run CS save playbook using churn history and latest reason code as discovery prompts.,CS,8-14 days,Medium,2024-12-01
23,A-9f0b68,Company_489,High,62,28518,342216,28518,Pro,EdTech,US,Churn history,pricing,2.0,2.0,0.0,3.0,11.11111111111111,0.12857142857142856,invalid_usage_windows|churn_label_mismatch|low_satisfaction_response,Run CS save playbook using churn history and latest reason code as discovery prompts.,CS,8-14 days,Medium,2024-11-01
24,A-157070,Company_85,High,62,22395,268740,22395,Basic,FinTech,US,Churn history,features,2.0,1.0,1.0,3.0,35.0,0.28169014084507044,invalid_usage_windows|churn_label_mismatch|low_satisfaction_response,Run CS save playbook using churn history and latest reason code as discovery prompts.,CS,8-14 days,Medium,2024-12-27
25,A-533452,Company_279,High,62,20223,242676,20223,Basic,DevTools,AU,Churn history,support,4.0,2.0,0.0,4.0,75.0,0.06349206349206349,invalid_usage_windows|churn_label_mismatch,Run CS save playbook using churn history and latest reason code as discovery prompts.,CS,8-14 days,Medium,2024-12-16
26,A-65aeb5,Company_120,High,62,19893,238716,19893,Basic,DevTools,US,Churn history,budget,2.0,1.0,0.0,5.0,91.66666666666666,0.21818181818181817,invalid_usage_windows|churn_label_mismatch,Run CS save playbook using churn history and latest reason code as discovery prompts.,CS,8-14 days,Medium,2024-12-02
27,A-c1e51e,Company_173,High,62,18772,225264,18772,Basic,FinTech,US,Churn history,support,2.0,5.0,0.0,3.2,0.0,0.06,invalid_usage_windows|churn_label_mismatch,Run CS save playbook using churn history and latest reason code as discovery prompts.,CS,8-14 days,Medium,2024-12-20
28,A-76fa4d,Company_226,High,61,47955,575460,47955,Pro,HealthTech,US,Churn history,pricing,2.0,3.0,0.0,4.5,0,0.0,invalid_usage_windows|churn_label_mismatch,Run CS save playbook using churn history and latest reason code as discovery prompts.,CS,8-14 days,Medium,2024-12-03
29,A-0651a4,Company_255,High,61,44564,534768,44564,Enterprise,HealthTech,FR,Churn history,support,2.0,4.0,0.0,4.0,66.66666666666666,0.043478260869565216,invalid_usage_windows|churn_label_mismatch,Run CS save playbook using churn history and latest reason code as discovery prompts.,CS,8-14 days,Medium,2024-12-25
30,A-ac85cd,Company_485,High,60,37663,451956,37663,Pro,EdTech,US,Churn history,pricing,2.0,0.0,0.0,3.5,33.33333333333333,0.09523809523809523,invalid_usage_windows|churn_label_mismatch,Run CS save playbook using churn history and latest reason code as discovery prompts.,CS,8-14 days,Medium,2024-12-13
31,A-526d93,Company_66,High,60,30644,367728,30644,Enterprise,HealthTech,FR,Churn history,support,3.0,3.0,1.0,3.5,40.0,0.26785714285714285,invalid_usage_windows|churn_label_mismatch|low_satisfaction_response,Run CS save playbook using churn history and latest reason code as discovery prompts.,CS,8-14 days,Medium,2024-09-25
32,A-c222ab,Company_206,High,60,18048,216576,18048,Pro,Cybersecurity,US,Churn history,support,3.0,2.0,0.0,5.0,100.0,0.06666666666666667,invalid_usage_windows|low_satisfaction_response,Run CS save playbook using churn history and latest reason code as discovery prompts.,CS,8-14 days,Medium,2024-10-05
33,A-cd458b,Company_430,Medium,59,42740,512880,42740,Enterprise,DevTools,US,Churn history,budget,1.0,4.0,0.0,4.6,54.54545454545454,0.13095238095238096,invalid_usage_windows|churn_label_mismatch,Run CS save playbook using churn history and latest reason code as discovery prompts.,CS,15-30 days,Medium,2024-11-07
34,A-993085,Company_258,Medium,58,40098,481176,40098,Enterprise,HealthTech,US,Churn history,features,2.0,1.0,0.0,3.5,56.666666666666664,0.42857142857142855,invalid_usage_windows|churn_label_mismatch,Run CS save playbook using churn history and latest reason code as discovery prompts.,CS,15-30 days,Medium,2024-01-21
35,A-18793f,Company_488,Medium,57,75776,909312,75776,Basic,EdTech,US,Churn history,support,1.0,2.0,0.0,3.8,0,0.0,invalid_usage_windows|churn_label_mismatch,Run CS save playbook using churn history and latest reason code as discovery prompts.,CS,15-30 days,Medium,2024-12-30
36,A-eb7fac,Company_28,Medium,57,41753,501036,41753,Basic,DevTools,US,Churn history,unknown,1.0,2.0,0.0,4.0,0.0,0.05660377358490566,invalid_usage_windows|churn_label_mismatch|low_satisfaction_response,Run CS save playbook using churn history and latest reason code as discovery prompts.,CS,15-30 days,Medium,2024-07-22
37,A-afa505,Company_157,Medium,56,62580,750960,62580,Enterprise,DevTools,US,Support friction,support,1.0,2.0,1.0,3.0,16.666666666666664,0.35294117647058826,invalid_usage_windows|churn_label_mismatch,"Open executive support review for escalations, urgent tickets, and low-response satisfaction.",Support,15-30 days,Medium,2024-03-02
38,A-80eeb6,Company_402,Medium,56,58291,699492,58291,Enterprise,Cybersecurity,UK,Churn history,budget,2.0,3.0,1.0,3.6666666666666665,42.857142857142854,0.3684210526315789,invalid_usage_windows|churn_label_mismatch,Run CS save playbook using churn history and latest reason code as discovery prompts.,CS,15-30 days,Medium,2024-02-09
39,A-1e1b80,Company_416,Medium,56,48647,583764,48647,Basic,FinTech,CA,Churn history,features,3.0,4.0,0.0,3.2,71.42857142857143,0.4117647058823529,invalid_usage_windows|churn_label_mismatch,Run CS save playbook using churn history and latest reason code as discovery prompts.,CS,15-30 days,Medium,2024-11-13
40,A-c70870,Company_253,Medium,56,39614,475368,39614,Pro,Cybersecurity,US,Churn history,competitor,1.0,1.0,0.0,4.0,0.0,0.08823529411764706,invalid_usage_windows|churn_label_mismatch,Run CS save playbook using churn history and latest reason code as discovery prompts.,CS,15-30 days,Medium,2024-12-13
41,A-2e3bad,Company_108,Medium,53,41724,500688,41724,Basic,FinTech,CA,Revenue exposure,features,1.0,2.0,0.0,3.5,110.00000000000001,0.2222222222222222,invalid_usage_windows|churn_label_mismatch|low_satisfaction_response,Assign leadership sponsor and validate renewal risk with account owner.,Leadership,15-30 days,Medium,2024-03-30
42,A-05f0e5,Company_40,Medium,52,51109,613308,51109,Pro,FinTech,US,Churn history,features,2.0,2.0,0.0,4.0,84.61538461538461,0.3880597014925373,invalid_usage_windows|churn_label_mismatch,Run CS save playbook using churn history and latest reason code as discovery prompts.,CS,15-30 days,Medium,2024-11-25
43,A-158f4e,Company_180,Medium,51,42700,512400,42700,Enterprise,FinTech,IN,Churn history,features,2.0,3.0,0.0,4.333333333333333,64.70588235294117,0.3469387755102041,invalid_usage_windows|churn_label_mismatch,Run CS save playbook using churn history and latest reason code as discovery prompts.,CS,15-30 days,Medium,2024-12-04
44,A-09316c,Company_341,Medium,50,70000,840000,70000,Enterprise,FinTech,AU,Churn history,unknown,1.0,1.0,1.0,3.75,60.0,0.09259259259259259,invalid_usage_windows|churn_label_mismatch,Run CS save playbook using churn history and latest reason code as discovery prompts.,CS,15-30 days,Medium,2024-12-05
45,A-902ef7,Company_270,Medium,49,44322,531864,44322,Basic,HealthTech,US,Churn history,pricing,1.0,2.0,0.0,4.0,0,0.0,invalid_usage_windows,Run CS save playbook using churn history and latest reason code as discovery prompts.,CS,15-30 days,Medium,2024-09-26
46,A-20736a,Company_271,Medium,48,40525,486300,40525,Enterprise,EdTech,IN,Revenue exposure,competitor,1.0,3.0,0.0,3.75,25.0,0.09523809523809523,invalid_usage_windows|churn_label_mismatch,Assign leadership sponsor and validate renewal risk with account owner.,Leadership,15-30 days,Medium,2024-03-19
47,A-712f1c,Company_331,Medium,48,39616,475392,39616,Pro,DevTools,US,Churn history,budget,1.0,3.0,0.0,4.0,21.428571428571427,0.20588235294117646,invalid_usage_windows,Run CS save playbook using churn history and latest reason code as discovery prompts.,CS,15-30 days,Medium,2024-10-24
48,A-71615e,Company_167,Medium,47,40713,488556,40713,Pro,EdTech,US,Churn history,pricing,1.0,0.0,0.0,,75.0,0.1935483870967742,invalid_usage_windows|churn_label_mismatch|low_satisfaction_response,Run CS save playbook using churn history and latest reason code as discovery prompts.,CS,15-30 days,Medium,2024-07-16
49,A-aa9511,Company_203,Medium,46,55995,671940,55995,Enterprise,DevTools,US,Subscription/commercial,competitor,1.0,2.0,0.0,4.0,35.294117647058826,0.26153846153846155,invalid_usage_windows|churn_label_mismatch,"Review downgrade, renewal, trial, and billing terms with CS and Revenue before renewal.",Pricing,15-30 days,Medium,2023-10-17
50,A-e60f9d,Company_178,Medium,46,50095,601140,50095,Basic,FinTech,US,Revenue exposure,,0.0,2.0,0.0,,0.0,0.03225806451612903,invalid_usage_windows|low_satisfaction_response,Assign leadership sponsor and validate renewal risk with account owner.,Leadership,15-30 days,Medium,
51,A-5b1bcd,Company_166,Medium,43,131911,1582932,131911,Pro,DevTools,US,Churn history,competitor,1.0,3.0,0.0,4.5,61.29032258064516,0.36046511627906974,invalid_usage_windows|churn_label_mismatch,Run CS save playbook using churn history and latest reason code as discovery prompts.,CS,15-30 days,Medium,2024-08-07
52,A-66224b,Company_87,Medium,43,50876,610512,50876,Enterprise,HealthTech,US,Revenue exposure,,0.0,3.0,0.0,3.5,0,0.0,invalid_usage_windows,Assign leadership sponsor and validate renewal risk with account owner.,Leadership,15-30 days,Medium,
53,A-7e0a10,Company_64,Medium,43,41116,493392,41116,Enterprise,FinTech,US,Churn history,budget,1.0,5.0,0.0,4.0,57.14285714285714,0.28,invalid_usage_windows|churn_label_mismatch|low_satisfaction_response,Run CS save playbook using churn history and latest reason code as discovery prompts.,CS,15-30 days,Medium,2024-09-26
54,A-d4e0d4,Company_403,Medium,42,114777,1377324,114777,Enterprise,FinTech,US,Revenue exposure,,0.0,1.0,0.0,4.0,50.0,0.04081632653061224,invalid_usage_windows,Assign leadership sponsor and validate renewal risk with account owner.,Leadership,15-30 days,Medium,
55,A-30b4ca,Company_23,Medium,42,75938,911256,75938,Basic,EdTech,IN,Churn history,features,1.0,0.0,0.0,4.0,0.0,0.23809523809523808,invalid_usage_windows|low_satisfaction_response,Run CS save playbook using churn history and latest reason code as discovery prompts.,CS,15-30 days,Medium,2024-09-01
56,A-e43bf7,Company_215,Medium,42,46666,559992,46666,Enterprise,Cybersecurity,AU,Revenue exposure,pricing,1.0,2.0,1.0,4.0,106.66666666666667,0.375,invalid_usage_windows|churn_label_mismatch,Assign leadership sponsor and validate renewal risk with account owner.,Leadership,15-30 days,Medium,2023-06-24
57,A-fa3095,Company_174,Medium,40,69230,830760,69230,Basic,FinTech,US,Revenue exposure,support,1.0,3.0,0.0,5.0,61.53846153846154,0.22033898305084745,invalid_usage_windows|churn_label_mismatch|low_satisfaction_response,Assign leadership sponsor and validate renewal risk with account owner.,Leadership,15-30 days,Medium,2023-12-23
58,A-1f7acb,Company_281,Medium,37,46912,562944,46912,Enterprise,FinTech,UK,Revenue exposure,,0.0,4.0,0.0,4.4,83.33333333333334,0.4528301886792453,invalid_usage_windows,Assign leadership sponsor and validate renewal risk with account owner.,Leadership,15-30 days,Medium,
59,A-054577,Company_455,Medium,37,44145,529740,44145,Enterprise,EdTech,UK,Revenue exposure,,0.0,1.0,0.0,4.0,36.36363636363637,0.12941176470588237,invalid_usage_windows,Assign leadership sponsor and validate renewal risk with account owner.,Leadership,15-30 days,Medium,
60,A-9174e0,Company_73,Medium,35,46613,559356,46613,Enterprise,Cybersecurity,US,Revenue exposure,,0.0,1.0,0.0,5.0,0,0.0,invalid_usage_windows,Assign leadership sponsor and validate renewal risk with account owner.,Leadership,15-30 days,Medium,
